time_ps,d_GaadmolNadmol_A
0.000000000000000000e+00,1.941802900013283928e+00
1.000000000000000021e-02,1.989640919789296802e+00
2.000000000000000042e-02,1.963325263322407421e+00
3.000000000000000236e-02,1.891532692659579462e+00
4.000000000000000083e-02,1.892757810867518264e+00
5.000000000000000278e-02,1.970940070347143136e+00
6.000000000000000472e-02,2.032150165957230303e+00
7.000000000000000666e-02,2.035664887352532482e+00
8.000000000000000167e-02,1.977127898467876621e+00
9.000000000000001055e-02,1.907440311438342695e+00
1.000000000000000056e-01,1.925683798810179148e+00
1.100000000000000006e-01,1.998209839781598385e+00
1.200000000000000094e-01,2.033548482456221329e+00
1.300000000000000044e-01,2.027085863129630461e+00
1.400000000000000133e-01,1.978290218168203607e+00
1.499999999999999944e-01,1.929209548649394756e+00
1.600000000000000033e-01,1.932089381990388377e+00
1.700000000000000122e-01,1.963700758593325046e+00
1.800000000000000211e-01,1.988635270933309940e+00
1.900000000000000022e-01,1.962051473764131249e+00
2.000000000000000111e-01,1.929515510328952965e+00
2.100000000000000200e-01,1.933572212512375099e+00
2.200000000000000011e-01,1.943415376933094185e+00
2.300000000000000100e-01,1.940099672207590498e+00
2.400000000000000189e-01,1.911966340498702621e+00
2.500000000000000000e-01,1.903351524232977710e+00
2.600000000000000089e-01,1.939444109790225301e+00
2.700000000000000178e-01,1.976428901149747341e+00
2.800000000000000266e-01,1.965031305704822762e+00
2.900000000000000355e-01,1.921382149521537075e+00
2.999999999999999889e-01,1.912863244380005323e+00
3.099999999999999978e-01,1.964075202429886424e+00
3.200000000000000067e-01,2.025978524688749172e+00
3.300000000000000155e-01,2.041613847058252773e+00
3.400000000000000244e-01,2.003413904538949630e+00
3.500000000000000333e-01,1.942708943563085322e+00
3.600000000000000422e-01,1.915093522363856104e+00
3.699999999999999956e-01,1.927267889422744629e+00
3.800000000000000044e-01,1.971969763966984202e+00
3.900000000000000133e-01,2.017804053569126399e+00
4.000000000000000222e-01,2.022886576009638837e+00
4.100000000000000311e-01,1.967435751174609893e+00
4.200000000000000400e-01,1.887569808748804645e+00
4.299999999999999933e-01,1.877103372672906056e+00
4.400000000000000022e-01,1.945860540223784740e+00
4.500000000000000111e-01,2.020301995766969672e+00
4.600000000000000200e-01,2.042013399294920539e+00
4.700000000000000289e-01,1.985072628394236594e+00
4.800000000000000377e-01,1.885018003362302297e+00
4.900000000000000466e-01,1.859392809413868974e+00
5.000000000000000000e-01,1.948923314063434553e+00
5.100000000000000089e-01,2.041995380136791383e+00
5.200000000000000178e-01,2.071501765024591712e+00
5.300000000000000266e-01,2.028108998500819826e+00
5.400000000000000355e-01,1.918847089400299355e+00
5.500000000000000444e-01,1.830954489030243604e+00
5.600000000000000533e-01,1.879587558747929377e+00
5.700000000000000622e-01,2.029206653054341114e+00
5.800000000000000711e-01,2.148549057759677527e+00
5.900000000000000799e-01,2.172754353464745325e+00
5.999999999999999778e-01,2.108322136344443543e+00
6.099999999999999867e-01,1.995569993285125854e+00
6.199999999999999956e-01,1.901023172241727677e+00
6.300000000000000044e-01,1.902890054890192362e+00
6.400000000000000133e-01,2.013306467108274322e+00
6.500000000000000222e-01,2.144995248223174666e+00
6.600000000000000311e-01,2.200519912111681187e+00
6.700000000000000400e-01,2.139500070974525769e+00
6.800000000000000488e-01,1.982807812295483307e+00
6.900000000000000577e-01,1.849731522194504763e+00
7.000000000000000666e-01,1.871218522380537541e+00
7.100000000000000755e-01,1.968486511942614703e+00
7.200000000000000844e-01,2.022908165117734747e+00
7.299999999999999822e-01,1.996172888053537209e+00
7.399999999999999911e-01,1.903800833910942458e+00
7.500000000000000000e-01,1.842218472385943606e+00
7.600000000000000089e-01,1.851864195074790276e+00
7.700000000000000178e-01,1.895774149654963603e+00
7.800000000000000266e-01,1.934783523291429885e+00
7.900000000000000355e-01,1.944218244359413150e+00
8.000000000000000444e-01,1.941173999516787152e+00
8.100000000000000533e-01,1.942109201074955216e+00
8.200000000000000622e-01,1.937891380444219047e+00
8.300000000000000711e-01,1.956333872323433365e+00
8.400000000000000799e-01,1.969665245669933507e+00
8.500000000000000888e-01,1.950312321270621485e+00
8.599999999999999867e-01,1.907798789521578442e+00
8.699999999999999956e-01,1.878362063101786550e+00
8.800000000000000044e-01,1.912615336051658232e+00
8.900000000000000133e-01,1.964945226005040180e+00
9.000000000000000222e-01,1.988020060110058163e+00
9.100000000000000311e-01,1.965636503374924571e+00
9.200000000000000400e-01,1.898689963790824109e+00
9.300000000000000488e-01,1.863639910739196326e+00
9.400000000000000577e-01,1.912599433362877743e+00
9.500000000000000666e-01,2.007513687151347703e+00
9.600000000000000755e-01,2.083243501369918871e+00
9.700000000000000844e-01,2.076140780390385743e+00
9.800000000000000933e-01,2.005225997662108739e+00
9.900000000000001021e-01,1.943077513893874286e+00
1.000000000000000000e+00,1.921766357104838008e+00
1.010000000000000009e+00,1.948327853981459468e+00
1.020000000000000018e+00,2.022739997651700428e+00
1.030000000000000027e+00,2.074635852408802883e+00
1.040000000000000036e+00,2.055306842785280974e+00
1.050000000000000044e+00,1.996839161299677867e+00
1.060000000000000053e+00,1.931734905156501814e+00
1.070000000000000062e+00,1.875200355908669625e+00
1.080000000000000071e+00,1.858759704480382302e+00
1.090000000000000080e+00,1.893379068992788961e+00
1.100000000000000089e+00,1.955592713936109783e+00
1.110000000000000098e+00,1.993350988769664545e+00
1.120000000000000107e+00,1.979032146072670972e+00
1.130000000000000115e+00,1.931553866819405885e+00
1.140000000000000124e+00,1.900277995238855100e+00
1.150000000000000133e+00,1.922113816463790981e+00
1.160000000000000142e+00,1.954842248904243185e+00
1.170000000000000151e+00,1.977068148452399976e+00
1.180000000000000160e+00,1.988080370533596097e+00
1.189999999999999947e+00,1.976863989757515094e+00
1.199999999999999956e+00,1.916526189228835442e+00
1.209999999999999964e+00,1.901723132451198950e+00
1.219999999999999973e+00,1.991919232097526749e+00
1.229999999999999982e+00,2.049919918362666404e+00
1.239999999999999991e+00,1.989608976683609587e+00
1.250000000000000000e+00,1.867726257378205634e+00
1.260000000000000009e+00,1.835050683795954596e+00
1.270000000000000018e+00,1.918063572460516619e+00
1.280000000000000027e+00,2.009547463609655527e+00
1.290000000000000036e+00,2.032970821753229185e+00
1.300000000000000044e+00,1.988446348911631301e+00
1.310000000000000053e+00,1.884703245208645850e+00
1.320000000000000062e+00,1.843246821372548139e+00
1.330000000000000071e+00,1.946674702280789759e+00
1.340000000000000080e+00,2.038218657185729921e+00
1.350000000000000089e+00,2.002723080433238767e+00
1.360000000000000098e+00,1.877430763703418215e+00
1.370000000000000107e+00,1.820505310538807153e+00
1.380000000000000115e+00,1.917060011293334698e+00
1.390000000000000124e+00,2.045820603107711744e+00
1.400000000000000133e+00,2.110740216795993884e+00
1.410000000000000142e+00,2.079785620226277221e+00
1.420000000000000151e+00,1.969700356297880761e+00
1.430000000000000160e+00,1.862396820121855701e+00
1.440000000000000169e+00,1.876536815226388821e+00
1.450000000000000178e+00,1.991209160434935344e+00
1.459999999999999964e+00,2.078802568114634930e+00
1.469999999999999973e+00,2.066916460455041626e+00
1.479999999999999982e+00,1.938040886875197266e+00
1.489999999999999991e+00,1.826781450694088704e+00
1.500000000000000000e+00,1.923649357341404853e+00
1.510000000000000009e+00,2.093582411991465442e+00
1.520000000000000018e+00,2.194695912262107029e+00
1.530000000000000027e+00,2.206173385321289704e+00
1.540000000000000036e+00,2.118212539996871868e+00
1.550000000000000044e+00,1.914575251067452299e+00
1.560000000000000053e+00,1.742250175778438548e+00
1.570000000000000062e+00,1.849927180566845797e+00
1.580000000000000071e+00,2.070976247401211001e+00
1.590000000000000080e+00,2.173939640698424824e+00
1.600000000000000089e+00,2.131538030179147114e+00
1.610000000000000098e+00,1.991816467373437760e+00
1.620000000000000107e+00,1.819194102260668799e+00
1.630000000000000115e+00,1.786079008554772640e+00
1.640000000000000124e+00,1.961124834297908848e+00
1.650000000000000133e+00,2.131966260919717637e+00
1.660000000000000142e+00,2.190362782577351730e+00
1.670000000000000151e+00,2.125757008997029907e+00
1.680000000000000160e+00,1.980925838213031698e+00
1.690000000000000169e+00,1.823553492963670086e+00
1.700000000000000178e+00,1.779325778546469117e+00
1.710000000000000187e+00,1.946804226649407887e+00
1.719999999999999973e+00,2.189962471573428271e+00
1.729999999999999982e+00,2.372571540607363971e+00
1.739999999999999991e+00,2.405373605908237344e+00
1.750000000000000000e+00,2.268875286678401437e+00
1.760000000000000009e+00,1.994123940506205894e+00
1.770000000000000018e+00,1.712175247134474887e+00
1.780000000000000027e+00,1.827831708473184325e+00
1.790000000000000036e+00,2.150161701128546099e+00
1.800000000000000044e+00,2.331916222873369193e+00
1.810000000000000053e+00,2.333802554544835317e+00
1.820000000000000062e+00,2.209486333517363121e+00
1.830000000000000071e+00,2.006748167060331323e+00
1.840000000000000080e+00,1.799990536780680106e+00
1.850000000000000089e+00,1.818266081325832895e+00
1.860000000000000098e+00,1.984475592946409073e+00
1.870000000000000107e+00,2.073035961096671986e+00
1.880000000000000115e+00,2.028851823618472050e+00
1.890000000000000124e+00,1.905293158046813762e+00
1.900000000000000133e+00,1.852573513737039157e+00
1.910000000000000142e+00,1.879946526500155812e+00
1.920000000000000151e+00,1.881962690862919230e+00
1.930000000000000160e+00,1.972359456336496342e+00
1.940000000000000169e+00,2.077912140803841012e+00
1.950000000000000178e+00,2.115783269264600364e+00
1.960000000000000187e+00,2.089326835825357609e+00
1.970000000000000195e+00,2.013465746964670622e+00
1.980000000000000204e+00,1.909743465704229370e+00
1.989999999999999991e+00,1.834104519513542142e+00
2.000000000000000000e+00,1.896371061817807790e+00
2.010000000000000231e+00,1.987319003104433435e+00
2.020000000000000018e+00,1.957318301145728245e+00
2.030000000000000249e+00,1.866000763826210163e+00
2.040000000000000036e+00,1.863870099711887551e+00
2.050000000000000266e+00,1.958200899729136690e+00
2.060000000000000053e+00,2.039594875165164467e+00
2.070000000000000284e+00,2.038293733297534605e+00
2.080000000000000071e+00,1.963090354211950439e+00
2.090000000000000302e+00,1.909013637405453157e+00
2.100000000000000089e+00,1.892023939594845716e+00
2.110000000000000320e+00,1.934398741366422758e+00
2.120000000000000107e+00,2.002942767779448907e+00
2.129999999999999893e+00,1.986277385588427480e+00
2.140000000000000124e+00,1.902338559378955463e+00
2.149999999999999911e+00,1.857019047021327696e+00
2.160000000000000142e+00,1.886282506201020226e+00
2.169999999999999929e+00,1.943909308815614301e+00
2.180000000000000160e+00,1.987675630604752497e+00
2.189999999999999947e+00,1.974659334771443620e+00
2.200000000000000178e+00,1.895674465830037958e+00
2.209999999999999964e+00,1.817420588251381641e+00
2.220000000000000195e+00,1.856677738704269220e+00
2.229999999999999982e+00,1.979418276287252976e+00
2.240000000000000213e+00,2.057864034624250937e+00
2.250000000000000000e+00,2.032479886985354423e+00
2.260000000000000231e+00,1.925470887471425252e+00
2.270000000000000018e+00,1.863031773373712285e+00
2.280000000000000249e+00,1.926499495873279511e+00
2.290000000000000036e+00,2.011906752063822523e+00
2.300000000000000266e+00,2.050992145231180341e+00
2.310000000000000053e+00,2.063400799166269728e+00
2.320000000000000284e+00,2.031523366860445101e+00
2.330000000000000071e+00,1.952042031950132372e+00
2.340000000000000302e+00,1.895086158041369817e+00
2.350000000000000089e+00,1.909440354816038798e+00
2.360000000000000320e+00,1.919509878015740245e+00
2.370000000000000107e+00,1.910801611837294134e+00
2.379999999999999893e+00,1.941052148217558893e+00
2.390000000000000124e+00,2.002693111812191784e+00
2.399999999999999911e+00,2.018431409486089123e+00
2.410000000000000142e+00,1.992394782868094349e+00
2.419999999999999929e+00,1.954138977785356834e+00
2.430000000000000160e+00,1.909096600725065151e+00
2.439999999999999947e+00,1.886864644324016682e+00
2.450000000000000178e+00,1.896276205013394112e+00
2.459999999999999964e+00,1.920858443535077065e+00
2.470000000000000195e+00,1.921262661194454546e+00
2.479999999999999982e+00,1.878464635946069272e+00
2.490000000000000213e+00,1.838867004788546256e+00
2.500000000000000000e+00,1.885252201749145540e+00
2.510000000000000231e+00,1.967586511465251986e+00
2.520000000000000018e+00,1.983815743182818947e+00
2.530000000000000249e+00,1.923046508771953711e+00
2.540000000000000036e+00,1.862376017886828716e+00
2.550000000000000266e+00,1.893925344172784353e+00
2.560000000000000053e+00,1.963617709127721600e+00
2.570000000000000284e+00,1.973775484901968413e+00
2.580000000000000071e+00,1.941475072824784043e+00
2.590000000000000302e+00,1.922660606919484705e+00
2.600000000000000089e+00,1.935092914797632568e+00
2.610000000000000320e+00,1.966183415910122800e+00
2.620000000000000107e+00,2.000153317773415207e+00
2.630000000000000338e+00,1.989078170107951848e+00
2.640000000000000124e+00,1.887793560535685256e+00
2.649999999999999911e+00,1.791555870884299351e+00
2.660000000000000142e+00,1.877518202974341577e+00
2.669999999999999929e+00,2.038667257352214435e+00
2.680000000000000160e+00,2.095819112542874230e+00
2.689999999999999947e+00,2.017893034950068998e+00
2.700000000000000178e+00,1.869168429783683250e+00
2.709999999999999964e+00,1.782253027378547960e+00
2.720000000000000195e+00,1.855964059269467281e+00
2.729999999999999982e+00,1.993636736243591834e+00
2.740000000000000213e+00,2.111373399661935490e+00
2.750000000000000000e+00,2.178470801135512946e+00
2.760000000000000231e+00,2.143085781414266755e+00
2.770000000000000018e+00,2.010148330099049918e+00
2.780000000000000249e+00,1.868856475869669298e+00
2.790000000000000036e+00,1.827096113071230876e+00
2.800000000000000266e+00,1.893122148462692556e+00
2.810000000000000053e+00,1.987089724521769130e+00
2.820000000000000284e+00,2.074702535352959565e+00
2.830000000000000071e+00,2.093342666287581366e+00
2.840000000000000302e+00,2.021191545524569477e+00
2.850000000000000089e+00,1.918639493104423499e+00
2.860000000000000320e+00,1.866350583089897208e+00
2.870000000000000107e+00,1.889536890616322129e+00
2.880000000000000338e+00,1.970937235428870782e+00
2.890000000000000124e+00,2.106419996202086864e+00
2.900000000000000355e+00,2.186076006295297969e+00
2.910000000000000142e+00,2.121815805318642223e+00
2.919999999999999929e+00,1.959585817768642491e+00
2.930000000000000160e+00,1.848831355451329372e+00
2.939999999999999947e+00,1.895296273989900637e+00
2.950000000000000178e+00,1.997418166533988293e+00
2.959999999999999964e+00,2.063203605803363150e+00
2.970000000000000195e+00,2.055528494329377676e+00
2.979999999999999982e+00,2.000100874381089966e+00
2.990000000000000213e+00,1.893671659501720228e+00
3.000000000000000000e+00,1.823073137232842811e+00
3.010000000000000231e+00,1.919100021181803450e+00
3.020000000000000018e+00,2.082527398259144569e+00
3.030000000000000249e+00,2.142819959082190362e+00
3.040000000000000036e+00,2.056280547430481942e+00
3.050000000000000266e+00,1.885854790274161363e+00
3.060000000000000053e+00,1.782492309576678258e+00
3.070000000000000284e+00,1.861068862052126960e+00
3.080000000000000071e+00,2.025053365369910985e+00
3.090000000000000302e+00,2.142263964240634699e+00
3.100000000000000089e+00,2.123448318656236733e+00
3.110000000000000320e+00,1.962112781884873813e+00
3.120000000000000107e+00,1.778285058666354335e+00
3.130000000000000338e+00,1.811655966926391415e+00
3.140000000000000124e+00,2.005701285615831164e+00
3.150000000000000355e+00,2.146050157462308317e+00
3.160000000000000142e+00,2.163108655991418328e+00
3.170000000000000373e+00,2.074755062073593503e+00
3.180000000000000160e+00,1.968399237654800960e+00
3.189999999999999947e+00,1.936212209159936304e+00
3.200000000000000178e+00,1.933034946140395283e+00
3.209999999999999964e+00,1.887288516602589006e+00
3.220000000000000195e+00,1.937811961904457148e+00
3.229999999999999982e+00,2.093674366968273581e+00
3.240000000000000213e+00,2.183707383877244723e+00
3.250000000000000000e+00,2.186101560152226675e+00
3.260000000000000231e+00,2.213122806285272581e+00
3.270000000000000018e+00,2.258951667876051950e+00
3.280000000000000249e+00,2.225848668755357362e+00
3.290000000000000036e+00,2.136431942491966662e+00
3.300000000000000266e+00,2.058157213091360571e+00
3.310000000000000053e+00,1.978582393154250330e+00
3.320000000000000284e+00,1.962174653286501869e+00
3.330000000000000071e+00,2.053182451805002362e+00
3.340000000000000302e+00,2.043309551927950718e+00
3.350000000000000089e+00,1.951742226857838824e+00
3.360000000000000320e+00,1.944162585896559214e+00
3.370000000000000107e+00,2.021198729195127886e+00
3.380000000000000338e+00,2.088061676962632340e+00
3.390000000000000124e+00,2.156194532712667478e+00
3.400000000000000355e+00,2.182165438228733656e+00
3.410000000000000142e+00,2.099995033922699150e+00
3.420000000000000373e+00,2.002330926045942761e+00
3.430000000000000160e+00,1.994194345719594086e+00
3.439999999999999947e+00,2.023559591536656210e+00
3.450000000000000178e+00,2.057303080977618492e+00
3.459999999999999964e+00,2.122943271121487729e+00
3.470000000000000195e+00,2.083059132069948305e+00
3.479999999999999982e+00,1.902380415821188109e+00
3.490000000000000213e+00,1.840985556434379777e+00
3.500000000000000000e+00,1.948050161186820617e+00
3.510000000000000231e+00,1.982256255432177650e+00
3.520000000000000018e+00,1.860624477561230394e+00
3.530000000000000249e+00,1.852972393318368161e+00
3.540000000000000036e+00,2.005295843360773933e+00
3.550000000000000266e+00,2.078742694635389743e+00
3.560000000000000053e+00,1.988422794276911043e+00
3.570000000000000284e+00,1.879745529187394348e+00
3.580000000000000071e+00,1.888679620713899165e+00
3.590000000000000302e+00,1.943819860712406644e+00
3.600000000000000089e+00,1.959180949402070882e+00
3.610000000000000320e+00,1.994321421881638967e+00
3.620000000000000107e+00,2.036136888153642577e+00
3.630000000000000338e+00,1.998423891065406632e+00
3.640000000000000124e+00,1.949859360687585141e+00
3.650000000000000355e+00,2.001845352624423313e+00
3.660000000000000142e+00,2.139553478621416538e+00
3.670000000000000373e+00,2.290578997136094586e+00
3.680000000000000160e+00,2.389949009465265117e+00
3.690000000000000391e+00,2.334856849903437670e+00
3.700000000000000178e+00,2.110415384136497430e+00
3.709999999999999964e+00,1.850170323186759447e+00
3.720000000000000195e+00,1.818778396894191074e+00
3.729999999999999982e+00,2.051923085370403577e+00
3.740000000000000213e+00,2.277571559802457735e+00
3.750000000000000000e+00,2.303135406548212138e+00
3.760000000000000231e+00,2.174109760267175950e+00
3.770000000000000018e+00,1.990218292053411497e+00
3.780000000000000249e+00,1.833520225768180190e+00
3.790000000000000036e+00,1.888634305911020661e+00
3.800000000000000266e+00,2.069628369772026133e+00
3.810000000000000053e+00,2.253885222044538672e+00
3.820000000000000284e+00,2.383370122865729357e+00
3.830000000000000071e+00,2.355840909756853563e+00
3.840000000000000302e+00,2.098566397687717355e+00
3.850000000000000089e+00,1.801882694578368138e+00
3.860000000000000320e+00,1.856354274654760550e+00
3.870000000000000107e+00,2.172677175720314047e+00
3.880000000000000338e+00,2.389611908636579241e+00
3.890000000000000124e+00,2.423290378463968331e+00
3.900000000000000355e+00,2.364799282079770304e+00
3.910000000000000142e+00,2.297021483359701577e+00
3.920000000000000373e+00,2.213589385826558509e+00
3.930000000000000160e+00,2.113916302639250677e+00
3.940000000000000391e+00,2.062199312351742808e+00
3.950000000000000178e+00,2.108099626136297644e+00
3.960000000000000409e+00,2.167240188401829748e+00
3.970000000000000195e+00,2.221787030892925063e+00
3.979999999999999982e+00,2.262696929754624442e+00
3.990000000000000213e+00,2.239467720924103400e+00
4.000000000000000000e+00,2.165473004871915741e+00
4.009999999999999787e+00,2.086377327946458582e+00
4.020000000000000462e+00,2.041602532947096371e+00
4.030000000000000249e+00,2.031247231874051984e+00
4.040000000000000036e+00,2.097026862142924220e+00
4.049999999999999822e+00,2.190759340657024268e+00
4.060000000000000497e+00,2.223338795977797933e+00
4.070000000000000284e+00,2.160705798658391519e+00
4.080000000000000071e+00,2.037900701515165114e+00
4.089999999999999858e+00,1.955304702586275090e+00
4.100000000000000533e+00,1.982998683222961800e+00
4.110000000000000320e+00,2.050681862990941795e+00
4.120000000000000107e+00,2.068100429354434944e+00
4.129999999999999893e+00,2.101021068742530140e+00
4.140000000000000568e+00,2.155937210144116989e+00
4.150000000000000355e+00,2.192271590500593170e+00
4.160000000000000142e+00,2.201875729432523077e+00
4.169999999999999929e+00,2.212213977673950449e+00
4.180000000000000604e+00,2.234201936904762764e+00
4.190000000000000391e+00,2.294859490689789006e+00
4.200000000000000178e+00,2.405661621437229503e+00
4.209999999999999964e+00,2.531933611236480530e+00
4.220000000000000639e+00,2.619426844101778062e+00
4.230000000000000426e+00,2.688172217720620871e+00
4.240000000000000213e+00,2.698343070906477070e+00
4.250000000000000000e+00,2.625755499379369251e+00
4.259999999999999787e+00,2.532871198463118922e+00
4.270000000000000462e+00,2.444489014944432714e+00
4.280000000000000249e+00,2.331836745902465591e+00
4.290000000000000036e+00,2.180221182253993195e+00
4.299999999999999822e+00,2.081945767805684966e+00
4.310000000000000497e+00,2.103642154438106981e+00
4.320000000000000284e+00,2.181447692604386202e+00
4.330000000000000071e+00,2.240825787892490872e+00
4.339999999999999858e+00,2.278315582191368538e+00
4.350000000000000533e+00,2.249852110482819967e+00
4.360000000000000320e+00,2.154760306646889223e+00
4.370000000000000107e+00,2.023327925542717676e+00
4.379999999999999893e+00,1.949499373544141267e+00
4.390000000000000568e+00,2.001604443440312853e+00
4.400000000000000355e+00,2.093369038269172311e+00
4.410000000000000142e+00,2.163351256182176385e+00
4.419999999999999929e+00,2.221587881932425290e+00
4.430000000000000604e+00,2.260309012718392907e+00
4.440000000000000391e+00,2.243180294197503422e+00
4.450000000000000178e+00,2.192781995885820123e+00
4.459999999999999964e+00,2.130759794308358934e+00
4.470000000000000639e+00,2.050888723402857217e+00
4.480000000000000426e+00,1.998624506031336345e+00
4.490000000000000213e+00,2.040258963864391539e+00
4.500000000000000000e+00,2.111553304396788455e+00
4.509999999999999787e+00,2.112414255043030487e+00
4.520000000000000462e+00,2.074761206991301066e+00
4.530000000000000249e+00,2.014042027149383074e+00
4.540000000000000036e+00,1.953452649202432889e+00
4.549999999999999822e+00,1.916700992982474094e+00
4.560000000000000497e+00,1.932013405942360817e+00
4.570000000000000284e+00,2.004386540671484251e+00
4.580000000000000071e+00,2.044231930091104044e+00
4.589999999999999858e+00,2.009404864264293433e+00
4.600000000000000533e+00,2.024383057535307451e+00
4.610000000000000320e+00,2.104121694364657458e+00
4.620000000000000107e+00,2.146356529069902042e+00
4.629999999999999893e+00,2.133894341928860072e+00
4.640000000000000568e+00,2.114857564389621025e+00
4.650000000000000355e+00,2.061764347544112308e+00
4.660000000000000142e+00,1.973555938666040399e+00
4.669999999999999929e+00,1.968149635624537375e+00
4.680000000000000604e+00,2.072638606423223173e+00
4.690000000000000391e+00,2.140586366755846459e+00
4.700000000000000178e+00,2.101818709165945265e+00
4.709999999999999964e+00,2.058723252454297992e+00
4.720000000000000639e+00,2.033716385540520921e+00
4.730000000000000426e+00,1.969484107171215914e+00
4.740000000000000213e+00,1.945070300271946051e+00
4.750000000000000000e+00,1.974616128694385075e+00
4.759999999999999787e+00,1.890852094321499921e+00
4.770000000000000462e+00,1.805385323746706572e+00
4.780000000000000249e+00,1.913953562576689027e+00
4.790000000000000036e+00,2.029809887871275365e+00
4.799999999999999822e+00,1.975030258755545276e+00
4.810000000000000497e+00,1.858689360732449058e+00
4.820000000000000284e+00,1.851059036578789785e+00
4.830000000000000071e+00,1.910576840668807508e+00
4.839999999999999858e+00,1.924464534617356337e+00
4.850000000000000533e+00,1.942387121585189558e+00
4.860000000000000320e+00,1.978747391482803986e+00
4.870000000000000107e+00,1.970624495179130742e+00
4.879999999999999893e+00,1.952976552598622906e+00
4.890000000000000568e+00,1.971774468391353174e+00
4.900000000000000355e+00,1.920974064634918932e+00
4.910000000000000142e+00,1.868488018291795116e+00
4.919999999999999929e+00,1.980132757897813178e+00
4.930000000000000604e+00,2.098374239453010048e+00
4.940000000000000391e+00,2.106432184524343221e+00
4.950000000000000178e+00,2.097571566860114700e+00
4.959999999999999964e+00,2.070730166511320913e+00
4.970000000000000639e+00,1.995289496990347633e+00
4.980000000000000426e+00,1.972265349642384535e+00
4.990000000000000213e+00,2.026213591628484689e+00
5.000000000000000000e+00,1.986915003466428464e+00
5.010000000000000675e+00,1.844742410853071002e+00
5.020000000000000462e+00,1.881048613008180936e+00
5.030000000000000249e+00,2.029248503190282271e+00
5.040000000000000036e+00,2.099180957516526114e+00
5.049999999999999822e+00,2.105443338705652145e+00
5.060000000000000497e+00,2.045050608786980195e+00
5.070000000000000284e+00,1.884502739186123321e+00
5.080000000000000071e+00,1.725996821723609242e+00
5.089999999999999858e+00,1.849964797638052216e+00
5.100000000000000533e+00,2.089676833507994935e+00
5.110000000000000320e+00,2.240586063912743509e+00
5.120000000000000107e+00,2.271383607407608363e+00
5.129999999999999893e+00,2.198961819700378406e+00
5.140000000000000568e+00,2.070998195194771352e+00
5.150000000000000355e+00,1.930033000469162374e+00
5.160000000000000142e+00,1.864520979608435436e+00
5.169999999999999929e+00,1.917394147691079187e+00
5.180000000000000604e+00,1.979938603442036982e+00
5.190000000000000391e+00,2.005132989828855017e+00
5.200000000000000178e+00,1.986620586272075384e+00
5.209999999999999964e+00,1.924294987729271655e+00
5.220000000000000639e+00,1.898991160721924532e+00
5.230000000000000426e+00,1.973307721517351565e+00
5.240000000000000213e+00,2.080040651838323207e+00
5.250000000000000000e+00,2.083197158624215284e+00
5.260000000000000675e+00,2.015183124284241956e+00
5.270000000000000462e+00,1.984725409848928646e+00
5.280000000000000249e+00,1.966584399866937671e+00
5.290000000000000036e+00,1.969379293711599699e+00
5.299999999999999822e+00,2.007987975387302448e+00
5.310000000000000497e+00,1.969142877548503145e+00
5.320000000000000284e+00,1.845456660396011639e+00
5.330000000000000071e+00,1.893991624110307637e+00
5.339999999999999858e+00,2.062327953551520210e+00
5.350000000000000533e+00,2.155136243767433069e+00
5.360000000000000320e+00,2.168052304373674577e+00
5.370000000000000107e+00,2.102213880650586120e+00
5.379999999999999893e+00,1.945729756800773869e+00
5.390000000000000568e+00,1.834708698077162969e+00
5.400000000000000355e+00,1.917824033142769835e+00
5.410000000000000142e+00,2.008481790930651822e+00
5.419999999999999929e+00,1.958224309521255702e+00
5.430000000000000604e+00,1.890723564167961390e+00
5.440000000000000391e+00,1.914530855745083082e+00
5.450000000000000178e+00,1.969756307186246724e+00
5.459999999999999964e+00,1.975661331428036016e+00
5.470000000000000639e+00,1.946732642711884953e+00
5.480000000000000426e+00,1.912955602647379960e+00
5.490000000000000213e+00,1.872625650790888940e+00
5.500000000000000000e+00,1.878938404871218548e+00
5.510000000000000675e+00,1.958399641288774307e+00
5.520000000000000462e+00,2.019003591304384226e+00
5.530000000000000249e+00,1.964715447234026025e+00
5.540000000000000036e+00,1.906969917696658801e+00
5.549999999999999822e+00,1.977281455787212705e+00
5.560000000000000497e+00,2.104341673707005977e+00
5.570000000000000284e+00,2.139438457399511329e+00
5.580000000000000071e+00,2.077577037416423078e+00
5.589999999999999858e+00,1.981764958944425281e+00
5.600000000000000533e+00,1.893860226547883441e+00
5.610000000000000320e+00,1.930903432515464369e+00
5.620000000000000107e+00,2.038345731322338317e+00
5.629999999999999893e+00,2.011846983396103461e+00
5.640000000000000568e+00,1.918962390564234122e+00
5.650000000000000355e+00,1.956095437600118947e+00
5.660000000000000142e+00,2.089565659772383288e+00
5.669999999999999929e+00,2.200485233601897406e+00
5.680000000000000604e+00,2.217324060122923157e+00
5.690000000000000391e+00,2.109781103550791848e+00
5.700000000000000178e+00,1.942035716896061137e+00
5.709999999999999964e+00,1.880678374549991760e+00
5.720000000000000639e+00,1.984252407759658166e+00
5.730000000000000426e+00,2.068479913873954690e+00
5.740000000000000213e+00,2.000961833968854187e+00
5.750000000000000000e+00,1.888794560824443636e+00
5.760000000000000675e+00,1.888046610759384292e+00
5.770000000000000462e+00,1.989918393226214999e+00
5.780000000000000249e+00,2.106181471526136662e+00
5.790000000000000036e+00,2.155491114085139603e+00
5.800000000000000711e+00,2.091737880136991912e+00
5.810000000000000497e+00,1.958005843607214080e+00
5.820000000000000284e+00,1.909536631044296939e+00
5.830000000000000071e+00,1.957181755177582083e+00
5.839999999999999858e+00,2.032603022751859889e+00
5.850000000000000533e+00,2.099384955695358101e+00
5.860000000000000320e+00,2.112261796747742171e+00
5.870000000000000107e+00,2.081744843658799304e+00
5.879999999999999893e+00,2.083278655917158328e+00
5.890000000000000568e+00,2.099464117268975194e+00
5.900000000000000355e+00,2.092029179170309838e+00
5.910000000000000142e+00,2.079177823587967655e+00
5.919999999999999929e+00,2.062149545619812674e+00
5.930000000000000604e+00,2.001488570164716929e+00
5.940000000000000391e+00,1.950966366188818801e+00
5.950000000000000178e+00,2.001273921630919883e+00
5.959999999999999964e+00,2.096109846477516747e+00
5.970000000000000639e+00,2.136107611708736531e+00
5.980000000000000426e+00,2.102554510018706413e+00
5.990000000000000213e+00,2.051880584463920965e+00
6.000000000000000000e+00,1.999299183739142283e+00
6.010000000000000675e+00,1.915751217199143763e+00
6.020000000000000462e+00,1.901725471091976427e+00
6.030000000000000249e+00,2.018566134586627925e+00
6.040000000000000036e+00,2.131885692198340898e+00
6.050000000000000711e+00,2.138089655206254047e+00
6.060000000000000497e+00,2.039124889873104252e+00
6.070000000000000284e+00,1.898152369805964135e+00
6.080000000000000071e+00,1.857425507254597763e+00
6.089999999999999858e+00,1.971328963668925294e+00
6.100000000000000533e+00,2.093396454496854631e+00
6.110000000000000320e+00,2.148360048083188811e+00
6.120000000000000107e+00,2.152666183596518845e+00
6.129999999999999893e+00,2.124200285966461710e+00
6.140000000000000568e+00,2.034397823632339009e+00
6.150000000000000355e+00,1.955876038633327374e+00
6.160000000000000142e+00,1.987928464960447617e+00
6.169999999999999929e+00,2.090122164659280912e+00
6.180000000000000604e+00,2.213054131240354661e+00
6.190000000000000391e+00,2.333493460329383318e+00
6.200000000000000178e+00,2.411323850688662507e+00
6.209999999999999964e+00,2.411624910159123836e+00
6.220000000000000639e+00,2.376843040947382857e+00
6.230000000000000426e+00,2.374159881052664289e+00
6.240000000000000213e+00,2.432046827283552926e+00
6.250000000000000000e+00,2.532644378707756605e+00
6.260000000000000675e+00,2.657800604879907436e+00
6.270000000000000462e+00,2.757673534086295675e+00
6.280000000000000249e+00,2.807465216400730323e+00
6.290000000000000036e+00,2.809315900855579695e+00
6.300000000000000711e+00,2.793057337793122485e+00
6.310000000000000497e+00,2.759874519991805997e+00
6.320000000000000284e+00,2.648968805592093023e+00
6.330000000000000071e+00,2.450413961803189711e+00
6.340000000000000746e+00,2.192404571902732968e+00
6.350000000000000533e+00,1.922030924985338451e+00
6.360000000000000320e+00,1.816925894388650153e+00
6.370000000000000107e+00,1.932439266057279781e+00
6.379999999999999893e+00,2.041467702242678595e+00
6.390000000000000568e+00,2.090841645295023810e+00
6.400000000000000355e+00,2.073723719037807278e+00
6.410000000000000142e+00,1.930290009558149888e+00
6.419999999999999929e+00,1.808841414414210425e+00
6.430000000000000604e+00,1.916933721806782343e+00
6.440000000000000391e+00,2.047044655717114914e+00
6.450000000000000178e+00,2.060626362055965277e+00
6.459999999999999964e+00,2.072995423366871925e+00
6.470000000000000639e+00,2.102755052615497000e+00
6.480000000000000426e+00,2.177806595682913127e+00
6.490000000000000213e+00,2.264416903332952646e+00
6.500000000000000000e+00,2.236426217249297466e+00
6.510000000000000675e+00,2.103703993721549814e+00
6.520000000000000462e+00,2.039578495572063499e+00
6.530000000000000249e+00,2.072029430317050114e+00
6.540000000000000036e+00,2.134156294393641407e+00
6.550000000000000711e+00,2.213342988806751510e+00
6.560000000000000497e+00,2.237265530351728593e+00
6.570000000000000284e+00,2.153075196875388730e+00
6.580000000000000071e+00,2.045343376966322069e+00
6.590000000000000746e+00,2.062730651103047208e+00
6.600000000000000533e+00,2.168504696997450409e+00
6.610000000000000320e+00,2.230627488510799505e+00
6.620000000000000107e+00,2.252423207170446418e+00
6.629999999999999893e+00,2.248428301836641108e+00
6.640000000000000568e+00,2.185973900050042662e+00
6.650000000000000355e+00,2.111254203477165525e+00
6.660000000000000142e+00,2.068402083082494070e+00
6.669999999999999929e+00,2.060129183619317850e+00
6.680000000000000604e+00,2.107768814599930263e+00
6.690000000000000391e+00,2.212360643769455404e+00
6.700000000000000178e+00,2.296482486782776444e+00
6.709999999999999964e+00,2.295063152006933560e+00
6.720000000000000639e+00,2.239790380147212989e+00
6.730000000000000426e+00,2.216862057526358232e+00
6.740000000000000213e+00,2.234176438444376966e+00
6.750000000000000000e+00,2.256820074906283224e+00
6.760000000000000675e+00,2.316102460708507227e+00
6.770000000000000462e+00,2.422463039222683356e+00
6.780000000000000249e+00,2.504192021071867558e+00
6.790000000000000036e+00,2.507706205957946910e+00
6.800000000000000711e+00,2.505384531144870142e+00
6.810000000000000497e+00,2.531286003141486329e+00
6.820000000000000284e+00,2.512507025980225794e+00
6.830000000000000071e+00,2.402293876194167677e+00
6.840000000000000746e+00,2.282328079220863781e+00
6.850000000000000533e+00,2.186064741607621986e+00
6.860000000000000320e+00,2.045129819351329648e+00
6.870000000000000107e+00,1.892086878475720768e+00
6.879999999999999893e+00,1.952102074610853499e+00
6.890000000000000568e+00,2.196416414617228252e+00
6.900000000000000355e+00,2.449387198321245407e+00
6.910000000000000142e+00,2.529081121771304730e+00
6.919999999999999929e+00,2.404507764179604656e+00
6.930000000000000604e+00,2.164644782060094919e+00
6.940000000000000391e+00,1.946314238760022075e+00
6.950000000000000178e+00,1.875624738827039506e+00
6.959999999999999964e+00,2.072666833719302382e+00
6.970000000000000639e+00,2.353857396317796891e+00
6.980000000000000426e+00,2.543995905755353171e+00
6.990000000000000213e+00,2.548823346801420975e+00
7.000000000000000000e+00,2.481542252672720661e+00
7.010000000000000675e+00,2.360980837025155044e+00
7.020000000000000462e+00,2.198088673029365836e+00
7.030000000000000249e+00,2.062145188002046936e+00
7.040000000000000036e+00,2.089065155254857142e+00
7.050000000000000711e+00,2.203475119555471817e+00
7.060000000000000497e+00,2.244421609992205191e+00
7.070000000000000284e+00,2.194236033338254899e+00
7.080000000000000071e+00,2.115492720290003348e+00
7.090000000000000746e+00,2.022646238717982214e+00
7.100000000000000533e+00,1.977980576977438121e+00
7.110000000000000320e+00,2.046117517470587011e+00
7.120000000000000107e+00,2.139940125727820774e+00
7.130000000000000782e+00,2.125119954473158490e+00
7.140000000000000568e+00,1.992541725259473706e+00
7.150000000000000355e+00,1.878967811219765416e+00
7.160000000000000142e+00,1.917528277914043677e+00
7.169999999999999929e+00,2.052649785326273513e+00
7.180000000000000604e+00,2.113573823125182827e+00
7.190000000000000391e+00,2.015150673026709693e+00
7.200000000000000178e+00,1.897619479690277000e+00
7.209999999999999964e+00,1.930803449784570747e+00
7.220000000000000639e+00,2.061409968371163526e+00
7.230000000000000426e+00,2.129297256702313845e+00
7.240000000000000213e+00,2.094188712246344064e+00
7.250000000000000000e+00,2.007689543654597397e+00
7.260000000000000675e+00,1.915222602466877477e+00
7.270000000000000462e+00,1.899062460926444817e+00
7.280000000000000249e+00,1.999369500017442736e+00
7.290000000000000036e+00,2.101573595903794445e+00
7.300000000000000711e+00,2.109192168983186289e+00
7.310000000000000497e+00,2.046651218771776026e+00
7.320000000000000284e+00,1.974453888446118688e+00
7.330000000000000071e+00,1.987629483077769210e+00
7.340000000000000746e+00,2.076964907382886860e+00
7.350000000000000533e+00,2.114312594154420744e+00
7.360000000000000320e+00,2.097806723699778608e+00
7.370000000000000107e+00,2.113622308005856709e+00
7.380000000000000782e+00,2.171117460779127040e+00
7.390000000000000568e+00,2.232951328914268618e+00
7.400000000000000355e+00,2.283280421608348654e+00
7.410000000000000142e+00,2.305136453531548391e+00
7.419999999999999929e+00,2.285122347818601796e+00
7.430000000000000604e+00,2.198092100549930095e+00
7.440000000000000391e+00,2.061325218324366215e+00
7.450000000000000178e+00,1.927472421333183084e+00
7.459999999999999964e+00,1.929339697539031118e+00
7.470000000000000639e+00,2.108673979661150888e+00
7.480000000000000426e+00,2.306258223833576260e+00
7.490000000000000213e+00,2.364817093349927291e+00
7.500000000000000000e+00,2.245717747759054195e+00
7.510000000000000675e+00,2.020034114192134300e+00
7.520000000000000462e+00,1.856032324314423887e+00
7.530000000000000249e+00,1.918240260890173632e+00
7.540000000000000036e+00,2.126571690303432849e+00
7.550000000000000711e+00,2.282542307713046892e+00
7.560000000000000497e+00,2.332341462500719942e+00
7.570000000000000284e+00,2.325022256775190588e+00
7.580000000000000071e+00,2.262305001497366241e+00
7.590000000000000746e+00,2.169847083828720269e+00
7.600000000000000533e+00,2.140492256584918707e+00
7.610000000000000320e+00,2.183949367659424379e+00
7.620000000000000107e+00,2.254313642175816756e+00
7.630000000000000782e+00,2.297817668136442837e+00
7.640000000000000568e+00,2.275337077621687243e+00
7.650000000000000355e+00,2.146120315499575160e+00
7.660000000000000142e+00,1.967636188450497814e+00
7.669999999999999929e+00,1.897438592893061049e+00
7.680000000000000604e+00,1.982359550258227854e+00
7.690000000000000391e+00,2.105062444798253996e+00
7.700000000000000178e+00,2.187734759882925317e+00
7.709999999999999964e+00,2.224470340845209559e+00
7.720000000000000639e+00,2.201527902389610158e+00
7.730000000000000426e+00,2.129005656685766912e+00
7.740000000000000213e+00,2.054314478116726850e+00
7.750000000000000000e+00,2.019903577748204615e+00
7.760000000000000675e+00,2.035816076515755135e+00
7.770000000000000462e+00,2.066694255689505155e+00
7.780000000000000249e+00,2.013359781559172834e+00
7.790000000000000036e+00,1.914434954366431407e+00
7.800000000000000711e+00,1.919301887510142635e+00
7.810000000000000497e+00,1.983849362854952281e+00
7.820000000000000284e+00,1.956384963651070619e+00
7.830000000000000071e+00,1.890195132519391974e+00
7.840000000000000746e+00,1.912455441781584442e+00
7.850000000000000533e+00,2.005691678249673870e+00
7.860000000000000320e+00,2.057446873384585206e+00
7.870000000000000107e+00,1.997403206791256824e+00
7.880000000000000782e+00,1.895109655534475968e+00
7.890000000000000568e+00,1.908365552639221141e+00
7.900000000000000355e+00,2.014563234798053770e+00
7.910000000000000142e+00,2.050473000456236594e+00
7.920000000000000817e+00,2.041475778083100767e+00
7.930000000000000604e+00,2.013025111741033601e+00
7.940000000000000391e+00,1.947364290547610288e+00
7.950000000000000178e+00,1.887513533779294317e+00
7.959999999999999964e+00,1.909268311893327796e+00
7.970000000000000639e+00,1.888026476985956714e+00
7.980000000000000426e+00,1.876751167842982682e+00
7.990000000000000213e+00,2.010231996841161717e+00
8.000000000000000000e+00,2.183504624503691094e+00
8.009999999999999787e+00,2.326195965848319336e+00
8.019999999999999574e+00,2.429276580424920784e+00
8.030000000000001137e+00,2.446431485000346573e+00
8.040000000000000924e+00,2.330514530622797231e+00
8.050000000000000711e+00,2.115439696828061322e+00
8.060000000000000497e+00,1.899975634018500781e+00
8.070000000000000284e+00,1.838226352250723394e+00
8.080000000000000071e+00,1.980610161573699957e+00
8.089999999999999858e+00,2.149597237332844912e+00
8.099999999999999645e+00,2.194289785544288218e+00
8.110000000000001208e+00,2.059312766171278675e+00
8.120000000000000995e+00,1.840341165002022050e+00
8.130000000000000782e+00,1.754046563335979192e+00
8.140000000000000568e+00,1.901093451378571775e+00
8.150000000000000355e+00,2.080524898643609788e+00
8.160000000000000142e+00,2.148717121098307370e+00
8.169999999999999929e+00,2.077823444481267323e+00
8.179999999999999716e+00,1.905199675700590456e+00
8.190000000000001279e+00,1.793882356345187334e+00
8.200000000000001066e+00,1.942661985983792805e+00
8.210000000000000853e+00,2.138663921194784656e+00
8.220000000000000639e+00,2.208954385285040622e+00
8.230000000000000426e+00,2.145267943028751567e+00
8.240000000000000213e+00,2.022261748039169582e+00
8.250000000000000000e+00,1.961373154039220079e+00
8.259999999999999787e+00,2.057321194157006428e+00
8.269999999999999574e+00,2.216386859172053914e+00
8.280000000000001137e+00,2.322995825398962211e+00
8.290000000000000924e+00,2.352774926089616692e+00
8.300000000000000711e+00,2.337230965656796222e+00
8.310000000000000497e+00,2.280930161941833401e+00
8.320000000000000284e+00,2.187534913674292536e+00
8.330000000000000071e+00,2.073045878134151643e+00
8.339999999999999858e+00,2.008950971297209342e+00
8.349999999999999645e+00,2.067013197805955382e+00
8.360000000000001208e+00,2.178206469351561925e+00
8.370000000000000995e+00,2.251674137065353687e+00
8.380000000000000782e+00,2.236964311927214677e+00
8.390000000000000568e+00,2.180623542198194098e+00
8.400000000000000355e+00,2.098219286939285499e+00
8.410000000000000142e+00,2.024388747209636463e+00
8.419999999999999929e+00,2.007400741391962562e+00
8.429999999999999716e+00,2.042330103615965786e+00
8.440000000000001279e+00,2.071577394771674907e+00
8.450000000000001066e+00,2.042645286337301247e+00
8.460000000000000853e+00,1.977267976938128502e+00
8.470000000000000639e+00,1.927627381795818273e+00
8.480000000000000426e+00,1.960824855393514810e+00
8.490000000000000213e+00,2.048667287588689323e+00
8.500000000000000000e+00,2.143030050511658402e+00
8.509999999999999787e+00,2.185280078152226135e+00
8.519999999999999574e+00,2.129740795466903869e+00
8.530000000000001137e+00,2.044531284477936861e+00
8.540000000000000924e+00,2.009155832731746028e+00
8.550000000000000711e+00,2.056719552321122357e+00
8.560000000000000497e+00,2.142296329129095955e+00
8.570000000000000284e+00,2.287094530828142958e+00
8.580000000000000071e+00,2.464574629226917946e+00
8.589999999999999858e+00,2.617565736470432558e+00
8.599999999999999645e+00,2.708842375245374079e+00
8.610000000000001208e+00,2.797822393892078097e+00
8.620000000000000995e+00,2.882726439286945830e+00
8.630000000000000782e+00,2.911298446503896464e+00
8.640000000000000568e+00,2.852895172889462483e+00
8.650000000000000355e+00,2.802366603961016445e+00
8.660000000000000142e+00,2.802056918765213123e+00
8.669999999999999929e+00,2.812677153664991270e+00
8.679999999999999716e+00,2.831551562891976737e+00
8.690000000000001279e+00,2.841981824376082599e+00
8.700000000000001066e+00,2.821657709801810743e+00
8.710000000000000853e+00,2.765984326609426169e+00
8.720000000000000639e+00,2.671111975520495285e+00
8.730000000000000426e+00,2.541286800146729252e+00
8.740000000000000213e+00,2.370756937035090051e+00
8.750000000000000000e+00,2.197557704566593717e+00
8.759999999999999787e+00,2.094993591040316350e+00
8.769999999999999574e+00,2.056714578350626432e+00
8.780000000000001137e+00,2.057533365100065570e+00
8.790000000000000924e+00,2.119411835510032205e+00
8.800000000000000711e+00,2.229317842524928484e+00
8.810000000000000497e+00,2.302253716284111018e+00
8.820000000000000284e+00,2.257676714370106641e+00
8.830000000000000071e+00,2.091335161132476195e+00
8.839999999999999858e+00,1.932114437506484483e+00
8.849999999999999645e+00,1.920036712295887460e+00
8.860000000000001208e+00,2.029656581612761190e+00
8.870000000000000995e+00,2.094849993040312608e+00
8.880000000000000782e+00,2.095745596958037194e+00
8.890000000000000568e+00,2.077983438486457501e+00
8.900000000000000355e+00,2.073731121741919203e+00
8.910000000000000142e+00,2.097713579352528779e+00
8.919999999999999929e+00,2.144708116457807900e+00
8.929999999999999716e+00,2.163204999208350188e+00
8.940000000000001279e+00,2.169219242515610713e+00
8.950000000000001066e+00,2.158388372212007855e+00
8.960000000000000853e+00,2.144505134640623645e+00
8.970000000000000639e+00,2.164728918414727588e+00
8.980000000000000426e+00,2.241604446220608615e+00
8.990000000000000213e+00,2.281357535700180961e+00
9.000000000000000000e+00,2.220971778250232731e+00
9.009999999999999787e+00,2.085269225068073773e+00
9.019999999999999574e+00,1.953966321300345088e+00
9.030000000000001137e+00,1.929888009548740735e+00
9.040000000000000924e+00,1.995871889888978234e+00
9.050000000000000711e+00,2.065038671281725691e+00
9.060000000000000497e+00,2.110166549495323896e+00
9.070000000000000284e+00,2.116080052657743238e+00
9.080000000000000071e+00,2.081875041634583479e+00
9.089999999999999858e+00,2.069084205603048954e+00
9.099999999999999645e+00,2.054499484103367024e+00
9.110000000000001208e+00,1.999165948816905569e+00
9.120000000000000995e+00,1.986005910343925596e+00
9.130000000000000782e+00,2.054583866193834041e+00
9.140000000000000568e+00,2.091910720390752765e+00
9.150000000000000355e+00,2.054944839667772971e+00
9.160000000000000142e+00,2.011770916395800857e+00
9.169999999999999929e+00,2.001682550851658693e+00
9.179999999999999716e+00,1.982503955831866671e+00
9.190000000000001279e+00,1.936704508150120407e+00
9.200000000000001066e+00,1.924268202788010251e+00
9.210000000000000853e+00,1.996088596619899125e+00
9.220000000000000639e+00,2.068552514528939845e+00
9.230000000000000426e+00,2.071512228402478062e+00
9.240000000000000213e+00,2.024614685610326426e+00
9.250000000000000000e+00,2.000665653757518481e+00
9.259999999999999787e+00,1.995734543094345836e+00
9.269999999999999574e+00,1.985934922380136136e+00
9.280000000000001137e+00,2.023644090791659078e+00
9.290000000000000924e+00,2.141669513206927888e+00
9.300000000000000711e+00,2.284025958271053369e+00
9.310000000000000497e+00,2.349706460225404303e+00
9.320000000000000284e+00,2.264775400888352941e+00
9.330000000000000071e+00,2.088612511857812493e+00
9.339999999999999858e+00,1.922491078185800228e+00
9.349999999999999645e+00,1.870368477452772238e+00
9.360000000000001208e+00,1.946105411796853257e+00
9.370000000000000995e+00,2.037848384912135824e+00
9.380000000000000782e+00,2.061723021391574040e+00
9.390000000000000568e+00,1.992793271948697598e+00
9.400000000000000355e+00,1.886881294233688999e+00
9.410000000000000142e+00,1.865210022730952710e+00
9.419999999999999929e+00,1.969125221741878429e+00
9.429999999999999716e+00,2.099992988557104923e+00
9.440000000000001279e+00,2.162537681172052473e+00
9.450000000000001066e+00,2.145533882796773373e+00
9.460000000000000853e+00,2.065129988693448659e+00
9.470000000000000639e+00,1.972504370226083825e+00
9.480000000000000426e+00,1.985388854951089632e+00
9.490000000000000213e+00,2.092485689952502170e+00
9.500000000000000000e+00,2.196755780933329127e+00
9.509999999999999787e+00,2.279017953459120616e+00
9.519999999999999574e+00,2.355083542030728339e+00
9.530000000000001137e+00,2.413026139979631335e+00
9.540000000000000924e+00,2.434363339158926109e+00
9.550000000000000711e+00,2.404964674368627708e+00
9.560000000000000497e+00,2.342940167809669294e+00
9.570000000000000284e+00,2.277065247001939241e+00
9.580000000000000071e+00,2.240934409896016000e+00
9.589999999999999858e+00,2.242086137194555295e+00
9.599999999999999645e+00,2.228742104075974506e+00
9.610000000000001208e+00,2.138986623105669782e+00
9.620000000000000995e+00,1.987931823466036141e+00
9.630000000000000782e+00,1.903901506933591614e+00
9.640000000000000568e+00,1.919376425190223001e+00
9.650000000000000355e+00,1.915170946116559803e+00
9.660000000000000142e+00,1.925135683153008426e+00
9.669999999999999929e+00,1.940375887458149595e+00
9.679999999999999716e+00,1.927152365077552165e+00
9.690000000000001279e+00,1.909862928788411685e+00
9.700000000000001066e+00,1.932400885393339207e+00
9.710000000000000853e+00,1.968993571281533850e+00
9.720000000000000639e+00,1.961154265538955332e+00
9.730000000000000426e+00,1.873034267305325962e+00
9.740000000000000213e+00,1.806858507837290739e+00
9.750000000000000000e+00,1.887555598816893276e+00
9.759999999999999787e+00,2.009778868910955474e+00
9.770000000000001350e+00,2.047944660570934605e+00
9.780000000000001137e+00,2.008002652949930855e+00
9.790000000000000924e+00,1.945068932807719309e+00
9.800000000000000711e+00,1.896719189548099260e+00
9.810000000000000497e+00,1.866840059382528283e+00
9.820000000000000284e+00,1.926959387390198675e+00
9.830000000000000071e+00,2.001331262786410825e+00
9.839999999999999858e+00,1.954301054900201562e+00
9.849999999999999645e+00,1.856091401136509722e+00
9.860000000000001208e+00,1.868437062555035499e+00
9.870000000000000995e+00,1.944290215156268875e+00
9.880000000000000782e+00,1.945108042721956476e+00
9.890000000000000568e+00,1.857695893072623061e+00
9.900000000000000355e+00,1.817098738790834611e+00
9.910000000000000142e+00,1.876827608979844131e+00
9.919999999999999929e+00,1.933442878390773778e+00
9.929999999999999716e+00,1.926391619833308866e+00
9.940000000000001279e+00,1.869234096872031570e+00
9.950000000000001066e+00,1.817819580659477685e+00
9.960000000000000853e+00,1.842342683385476798e+00
9.970000000000000639e+00,1.907870361054178066e+00
9.980000000000000426e+00,1.941853681359386075e+00
9.990000000000000213e+00,1.902039742207296769e+00
1.000000000000000000e+01,1.817580132758938483e+00
1.000999999999999979e+01,1.826712299941071871e+00
1.002000000000000135e+01,1.947534583441331568e+00
1.003000000000000114e+01,2.036319105886894132e+00
1.004000000000000092e+01,1.978470149538779310e+00
1.005000000000000071e+01,1.826857565202060663e+00
1.006000000000000050e+01,1.817016506291563971e+00
1.007000000000000028e+01,1.970379463329081426e+00
1.008000000000000007e+01,2.090709050107164124e+00
1.008999999999999986e+01,2.114679417106999360e+00
1.009999999999999964e+01,2.035521384887911012e+00
1.011000000000000121e+01,1.897328701352509084e+00
1.012000000000000099e+01,1.828227788586805236e+00
1.013000000000000078e+01,1.924663077542664524e+00
1.014000000000000057e+01,2.066187960950310210e+00
1.015000000000000036e+01,2.096702504862337335e+00
1.016000000000000014e+01,1.952022851026340211e+00
1.016999999999999993e+01,1.792730113529640512e+00
1.017999999999999972e+01,1.854979963450010594e+00
1.019000000000000128e+01,2.027898270672372938e+00
1.020000000000000107e+01,2.103373714767777347e+00
1.021000000000000085e+01,2.056907651377669399e+00
1.022000000000000064e+01,1.939763587295111780e+00
1.023000000000000043e+01,1.841388212183677098e+00
1.024000000000000021e+01,1.875952238092430724e+00
1.025000000000000000e+01,1.986853393332280726e+00
1.025999999999999979e+01,2.012951599677449188e+00
1.027000000000000135e+01,1.931357421990036460e+00
1.028000000000000114e+01,1.872847981578056764e+00
1.029000000000000092e+01,1.904649903729291660e+00
1.030000000000000071e+01,1.951028716068781588e+00
1.031000000000000050e+01,1.951845321092068763e+00
1.032000000000000028e+01,1.920384282580962498e+00
1.033000000000000007e+01,1.892641212375182791e+00
1.033999999999999986e+01,1.887623342879611865e+00
1.034999999999999964e+01,1.901349994147316425e+00
1.036000000000000121e+01,1.906837209653986287e+00
1.037000000000000099e+01,1.896447920665368825e+00
1.038000000000000078e+01,1.892059098052965238e+00
1.039000000000000057e+01,1.894267213996219557e+00
1.040000000000000036e+01,1.889549686940251272e+00
1.041000000000000014e+01,1.858849697218416530e+00
1.041999999999999993e+01,1.818589871663206958e+00
1.042999999999999972e+01,1.830416300920639783e+00
1.044000000000000128e+01,1.889845934075315315e+00
1.045000000000000107e+01,1.919352211863158963e+00
1.046000000000000085e+01,1.891878326477683281e+00
1.047000000000000064e+01,1.849284134051876860e+00
1.048000000000000043e+01,1.825548063518459996e+00
1.049000000000000021e+01,1.834996606676971620e+00
1.050000000000000000e+01,1.867765209631285117e+00
1.050999999999999979e+01,1.911216905104180075e+00
1.052000000000000135e+01,1.933044701035131485e+00
1.053000000000000114e+01,1.919287550006251841e+00
1.054000000000000092e+01,1.903949929450876377e+00
1.055000000000000071e+01,1.931055028345904256e+00
1.056000000000000050e+01,1.999069237670371590e+00
1.057000000000000028e+01,2.069015216918667743e+00
1.058000000000000007e+01,2.110148002975383186e+00
1.058999999999999986e+01,2.102382469660551756e+00
1.059999999999999964e+01,2.061826124729240650e+00
1.061000000000000121e+01,2.036972754362708304e+00
1.062000000000000099e+01,2.054059036850937492e+00
1.063000000000000078e+01,2.106153412763657862e+00
1.064000000000000057e+01,2.124268214326994642e+00
1.065000000000000036e+01,2.060979335249386146e+00
1.066000000000000014e+01,1.975780239173628328e+00
1.066999999999999993e+01,1.956817862097543381e+00
1.067999999999999972e+01,1.989188953734913667e+00
1.069000000000000128e+01,2.006410044382751945e+00
1.070000000000000107e+01,2.018153719894745901e+00
1.071000000000000085e+01,2.069748606454657747e+00
1.072000000000000064e+01,2.149229886373489329e+00
1.073000000000000043e+01,2.182433156872393365e+00
1.074000000000000021e+01,2.170163363662744427e+00
1.075000000000000000e+01,2.191017952212167330e+00
1.075999999999999979e+01,2.264620009560103231e+00
1.077000000000000135e+01,2.355953151592789840e+00
1.078000000000000114e+01,2.448216613314476042e+00
1.079000000000000092e+01,2.550924488776764143e+00
1.080000000000000071e+01,2.668142895605294385e+00
1.081000000000000050e+01,2.759646726164239006e+00
1.082000000000000028e+01,2.814473523625511397e+00
1.083000000000000007e+01,2.829005044127705482e+00
1.083999999999999986e+01,2.792516951211039711e+00
1.084999999999999964e+01,2.713815427024468985e+00
1.086000000000000121e+01,2.624292868393502953e+00
1.087000000000000099e+01,2.538258023172585975e+00
1.088000000000000078e+01,2.441186886181392346e+00
1.089000000000000057e+01,2.319435669015418533e+00
1.090000000000000036e+01,2.204314777504337908e+00
1.091000000000000014e+01,2.165869142166488182e+00
1.091999999999999993e+01,2.198160361129506857e+00
1.092999999999999972e+01,2.225205477050602454e+00
1.094000000000000128e+01,2.200271865187573006e+00
1.095000000000000107e+01,2.150213803532105672e+00
1.096000000000000085e+01,2.107660435791306686e+00
1.097000000000000064e+01,2.061818515728530699e+00
1.098000000000000043e+01,2.003595408514653897e+00
1.099000000000000021e+01,1.961759759706575013e+00
1.100000000000000000e+01,1.976372973561671076e+00
1.100999999999999979e+01,2.030899546546801382e+00
1.102000000000000135e+01,2.087626954725388728e+00
1.103000000000000114e+01,2.117382571464354157e+00
1.104000000000000092e+01,2.082892771809436550e+00
1.105000000000000071e+01,2.007354533459399626e+00
1.106000000000000050e+01,1.951757111661438282e+00
1.107000000000000028e+01,1.937178691589652724e+00
1.108000000000000007e+01,1.927469374408838032e+00
1.108999999999999986e+01,1.934091327213117939e+00
1.109999999999999964e+01,2.011512443403967954e+00
1.111000000000000121e+01,2.130024873006182151e+00
1.112000000000000099e+01,2.256526003787459267e+00
1.113000000000000078e+01,2.374527763338218467e+00
1.114000000000000057e+01,2.441832037671919142e+00
1.115000000000000036e+01,2.407960886032205039e+00
1.116000000000000014e+01,2.317998406923739818e+00
1.116999999999999993e+01,2.265966943426360736e+00
1.117999999999999972e+01,2.268981127314416923e+00
1.119000000000000128e+01,2.330383828819836189e+00
1.120000000000000107e+01,2.430167604031458151e+00
1.121000000000000085e+01,2.522086211983245896e+00
1.122000000000000064e+01,2.532981274526916238e+00
1.123000000000000043e+01,2.467388670785573002e+00
1.124000000000000021e+01,2.387308679407838863e+00
1.125000000000000000e+01,2.361250030539120637e+00
1.125999999999999979e+01,2.372605020775476525e+00
1.127000000000000135e+01,2.388459334912152343e+00
1.128000000000000114e+01,2.386266915555759649e+00
1.129000000000000092e+01,2.345029862370413554e+00
1.130000000000000071e+01,2.239315906417850499e+00
1.131000000000000050e+01,2.115478456805694130e+00
1.132000000000000028e+01,2.019650729062082206e+00
1.133000000000000007e+01,2.005300894784869836e+00
1.133999999999999986e+01,2.101998460114564260e+00
1.135000000000000142e+01,2.249166805797426782e+00
1.136000000000000121e+01,2.356881675816586696e+00
1.137000000000000099e+01,2.394623165344393900e+00
1.138000000000000078e+01,2.348015592218246184e+00
1.139000000000000057e+01,2.239373292095134360e+00
1.140000000000000036e+01,2.116134595965246668e+00
1.141000000000000014e+01,2.023785295541254747e+00
1.141999999999999993e+01,2.031998986423221965e+00
1.142999999999999972e+01,2.169229278637923031e+00
1.144000000000000128e+01,2.319728337370779769e+00
1.145000000000000107e+01,2.362228101250174017e+00
1.146000000000000085e+01,2.305954376219095270e+00
1.147000000000000064e+01,2.230247332540497229e+00
1.148000000000000043e+01,2.192664173622809631e+00
1.149000000000000021e+01,2.179572664060778653e+00
1.150000000000000000e+01,2.182707237674351930e+00
1.150999999999999979e+01,2.239163838043122023e+00
1.152000000000000135e+01,2.340113713716707622e+00
1.153000000000000114e+01,2.376458919779595114e+00
1.154000000000000092e+01,2.292211273360508006e+00
1.155000000000000071e+01,2.145802669101937621e+00
1.156000000000000050e+01,2.036315208578721947e+00
1.157000000000000028e+01,2.032842752502022510e+00
1.158000000000000007e+01,2.092865941340964930e+00
1.158999999999999986e+01,2.098719954361704776e+00
1.160000000000000142e+01,2.035059707357256276e+00
1.161000000000000121e+01,1.975448871965306274e+00
1.162000000000000099e+01,1.931170537804469012e+00
1.163000000000000078e+01,1.888195296171452764e+00
1.164000000000000057e+01,1.873937578689322425e+00
1.165000000000000036e+01,1.917899892549400187e+00
1.166000000000000014e+01,1.974570194472965445e+00
1.166999999999999993e+01,1.942864264947245845e+00
1.167999999999999972e+01,1.874731985458187200e+00
1.169000000000000128e+01,1.928746942572819201e+00
1.170000000000000107e+01,2.075820415673042874e+00
1.171000000000000085e+01,2.201391771738051784e+00
1.172000000000000064e+01,2.284580865760938995e+00
1.173000000000000043e+01,2.381200681287489296e+00
1.174000000000000021e+01,2.441591522619826371e+00
1.175000000000000000e+01,2.386232915119560705e+00
1.175999999999999979e+01,2.306589483081894709e+00
1.177000000000000135e+01,2.284807745197831697e+00
1.178000000000000114e+01,2.345858728053332953e+00
1.179000000000000092e+01,2.448487272541966853e+00
1.180000000000000071e+01,2.498504545367889573e+00
1.181000000000000050e+01,2.429755702787628202e+00
1.182000000000000028e+01,2.316273536998187055e+00
1.183000000000000007e+01,2.265345996515342630e+00
1.183999999999999986e+01,2.287175786049030268e+00
1.185000000000000142e+01,2.328714717714473359e+00
1.186000000000000121e+01,2.355101227485562276e+00
1.187000000000000099e+01,2.374243083184406355e+00
1.188000000000000078e+01,2.397192610398463763e+00
1.189000000000000057e+01,2.394389495689662528e+00
1.190000000000000036e+01,2.334266670272272304e+00
1.191000000000000014e+01,2.254959091247556113e+00
1.191999999999999993e+01,2.202952550450418379e+00
1.192999999999999972e+01,2.197212673811072214e+00
1.194000000000000128e+01,2.231226659202511620e+00
1.195000000000000107e+01,2.267573020307174225e+00
1.196000000000000085e+01,2.286384317678242351e+00
1.197000000000000064e+01,2.303051467233200977e+00
1.198000000000000043e+01,2.325078586125854052e+00
1.199000000000000021e+01,2.324758991262535268e+00
1.200000000000000000e+01,2.274767727123145011e+00
1.200999999999999979e+01,2.164325650101897480e+00
1.202000000000000135e+01,2.038670429801982209e+00
1.203000000000000114e+01,1.969863222042585793e+00
1.204000000000000092e+01,1.946589216865233007e+00
1.205000000000000071e+01,1.900913787871769900e+00
1.206000000000000050e+01,1.925439923089007355e+00
1.207000000000000028e+01,2.056300567520225275e+00
1.208000000000000007e+01,2.152757032031483053e+00
1.208999999999999986e+01,2.148888923421589769e+00
1.210000000000000142e+01,2.103289740948925957e+00
1.211000000000000121e+01,2.055081702637635566e+00
1.212000000000000099e+01,2.007019206048861193e+00
1.213000000000000078e+01,2.013941836729402191e+00
1.214000000000000057e+01,2.107354582527582121e+00
1.215000000000000036e+01,2.203430465915591441e+00
1.216000000000000014e+01,2.203472664468747233e+00
1.216999999999999993e+01,2.142237109589880450e+00
1.217999999999999972e+01,2.087504725154173180e+00
1.219000000000000128e+01,2.074564650089507634e+00
1.220000000000000107e+01,2.096132077942847172e+00
1.221000000000000085e+01,2.161961657667962999e+00
1.222000000000000064e+01,2.241622207604575312e+00
1.223000000000000043e+01,2.228774649535769203e+00
1.224000000000000021e+01,2.106399119122112751e+00
1.225000000000000000e+01,1.959042940449494452e+00
1.225999999999999979e+01,1.907158367172480551e+00
1.227000000000000135e+01,1.959477823389689899e+00
1.228000000000000114e+01,2.046996198848449300e+00
1.229000000000000092e+01,2.082412054678181246e+00
1.230000000000000071e+01,2.015454609210784565e+00
1.231000000000000050e+01,1.900945946538459719e+00
1.232000000000000028e+01,1.907421185754210935e+00
1.233000000000000007e+01,2.042645178190279687e+00
1.233999999999999986e+01,2.083676071604221747e+00
1.235000000000000142e+01,2.055211073953476131e+00
1.236000000000000121e+01,2.024064623840108545e+00
1.237000000000000099e+01,1.990572451044171354e+00
1.238000000000000078e+01,2.006755588750409380e+00
1.239000000000000057e+01,2.103890177365729475e+00
1.240000000000000036e+01,2.192091658965016343e+00
1.241000000000000014e+01,2.145740263522125879e+00
1.241999999999999993e+01,1.980643854182019048e+00
1.242999999999999972e+01,1.889882768026631910e+00
1.244000000000000128e+01,1.949971262985431775e+00
1.245000000000000107e+01,2.045446698706421707e+00
1.246000000000000085e+01,2.132654050487561292e+00
1.247000000000000064e+01,2.182125266088086768e+00
1.248000000000000043e+01,2.148008872955603277e+00
1.249000000000000021e+01,2.064769646487471189e+00
1.250000000000000000e+01,2.030331206833999147e+00
1.250999999999999979e+01,2.058765180053325317e+00
1.252000000000000135e+01,2.073767278099450717e+00
1.253000000000000114e+01,2.064763879219365439e+00
1.254000000000000092e+01,2.092919637833474678e+00
1.255000000000000071e+01,2.125645020864019408e+00
1.256000000000000050e+01,2.107072541692856849e+00
1.257000000000000028e+01,2.085102086257649034e+00
1.258000000000000007e+01,2.062644166341107255e+00
1.258999999999999986e+01,2.034979221118486503e+00
1.260000000000000142e+01,1.991849812090509708e+00
1.261000000000000121e+01,1.949083500680255598e+00
1.262000000000000099e+01,1.946420294133518469e+00
1.263000000000000078e+01,1.982050696609773954e+00
1.264000000000000057e+01,2.017606146708820436e+00
1.265000000000000036e+01,2.031324224982315130e+00
1.266000000000000014e+01,2.019839559914598848e+00
1.266999999999999993e+01,1.996525256620862887e+00
1.268000000000000149e+01,1.964200741243368409e+00
1.269000000000000128e+01,1.917718574261875863e+00
1.270000000000000107e+01,1.892779236044182634e+00
1.271000000000000085e+01,1.929885211733848527e+00
1.272000000000000064e+01,2.007973789295069089e+00
1.273000000000000043e+01,2.086608012319516092e+00
1.274000000000000021e+01,2.134711664307149537e+00
1.275000000000000000e+01,2.132609966558348447e+00
1.275999999999999979e+01,2.091200960579589818e+00
1.277000000000000135e+01,2.043031475926154084e+00
1.278000000000000114e+01,1.996241920544951975e+00
1.279000000000000092e+01,1.950667108741263478e+00
1.280000000000000071e+01,1.946473738398748266e+00
1.281000000000000050e+01,2.013412268211356881e+00
1.282000000000000028e+01,2.124916797496080978e+00
1.283000000000000007e+01,2.214935086128034580e+00
1.283999999999999986e+01,2.259856448184486499e+00
1.285000000000000142e+01,2.245731668803955472e+00
1.286000000000000121e+01,2.176044332835156414e+00
1.287000000000000099e+01,2.061868410491805914e+00
1.288000000000000078e+01,1.973401121674202230e+00
1.289000000000000057e+01,1.984826058655521086e+00
1.290000000000000036e+01,2.102289926682921806e+00
1.291000000000000014e+01,2.238284357856481055e+00
1.291999999999999993e+01,2.311067675403729815e+00
1.293000000000000149e+01,2.251252851000083322e+00
1.294000000000000128e+01,2.098010945335844202e+00
1.295000000000000107e+01,1.956725252794832226e+00
1.296000000000000085e+01,1.927743372226956797e+00
1.297000000000000064e+01,2.039277050519266332e+00
1.298000000000000043e+01,2.200937453711543590e+00
1.299000000000000021e+01,2.296217429614191285e+00
1.300000000000000000e+01,2.259265260603322112e+00
1.300999999999999979e+01,2.116634642096977714e+00
1.302000000000000135e+01,1.962798729872475167e+00
1.303000000000000114e+01,1.922499149825820819e+00
1.304000000000000092e+01,2.043787497589706792e+00
1.305000000000000071e+01,2.246562180341554082e+00
1.306000000000000050e+01,2.423266044607699676e+00
1.307000000000000028e+01,2.529914380437409349e+00
1.308000000000000007e+01,2.557312754142520017e+00
1.308999999999999986e+01,2.507439389596486379e+00
1.310000000000000142e+01,2.420179652009328386e+00
1.311000000000000121e+01,2.317962969786187433e+00
1.312000000000000099e+01,2.189258505891821027e+00
1.313000000000000078e+01,2.094082977740435059e+00
1.314000000000000057e+01,2.101542180754335298e+00
1.315000000000000036e+01,2.174685035987658388e+00
1.316000000000000014e+01,2.230782194099838467e+00
1.316999999999999993e+01,2.250484500006167732e+00
1.318000000000000149e+01,2.271571743053519832e+00
1.319000000000000128e+01,2.282571670254627705e+00
1.320000000000000107e+01,2.202590286564662048e+00
1.321000000000000085e+01,2.078525364795917429e+00
1.322000000000000064e+01,1.973370189405931008e+00
1.323000000000000043e+01,1.941422002035879002e+00
1.324000000000000021e+01,2.042638469749357810e+00
1.325000000000000000e+01,2.217965652985862235e+00
1.325999999999999979e+01,2.296792798902199451e+00
1.327000000000000135e+01,2.264328965725828535e+00
1.328000000000000114e+01,2.190429910367919231e+00
1.329000000000000092e+01,2.136490884427725057e+00
1.330000000000000071e+01,2.116037333135925902e+00
1.331000000000000050e+01,2.112492167072816063e+00
1.332000000000000028e+01,2.061859485935208181e+00
1.333000000000000007e+01,2.012200457040997037e+00
1.333999999999999986e+01,2.017510380088290756e+00
1.335000000000000142e+01,2.055460711426029263e+00
1.336000000000000121e+01,2.119653538667110482e+00
1.337000000000000099e+01,2.182693503156363679e+00
1.338000000000000078e+01,2.118917716567588094e+00
1.339000000000000057e+01,1.922394266492699844e+00
1.340000000000000036e+01,1.832292114245160475e+00
1.341000000000000014e+01,1.986492558605744474e+00
1.341999999999999993e+01,2.126752122262723699e+00
1.343000000000000149e+01,2.109440888108744083e+00
1.344000000000000128e+01,2.040550280484163093e+00
1.345000000000000107e+01,1.989511046463427357e+00
1.346000000000000085e+01,1.973112988956536640e+00
1.347000000000000064e+01,2.029328132517016492e+00
1.348000000000000043e+01,2.095105060198414915e+00
1.349000000000000021e+01,2.024548152662465572e+00
1.350000000000000000e+01,1.956428409711175487e+00
1.350999999999999979e+01,2.032502348650304658e+00
1.352000000000000135e+01,2.150240759636929511e+00
1.353000000000000114e+01,2.169254140773736239e+00
1.354000000000000092e+01,2.066853519226990787e+00
1.355000000000000071e+01,1.877855812174086703e+00
1.356000000000000050e+01,1.778627094319942925e+00
1.357000000000000028e+01,1.938123628798998466e+00
1.358000000000000007e+01,2.058485939734348236e+00
1.358999999999999986e+01,1.965941605740364473e+00
1.360000000000000142e+01,1.884065869422828499e+00
1.361000000000000121e+01,1.950940337051853213e+00
1.362000000000000099e+01,2.084086865499267027e+00
1.363000000000000078e+01,2.149828542673634324e+00
1.364000000000000057e+01,2.075973758994965834e+00
1.365000000000000036e+01,1.882005395270959447e+00
1.366000000000000014e+01,1.782087912920133688e+00
1.366999999999999993e+01,1.920521070844899647e+00
1.368000000000000149e+01,2.092790724893436760e+00
1.369000000000000128e+01,2.156885625318508026e+00
1.370000000000000107e+01,2.100185320701602354e+00
1.371000000000000085e+01,1.952288407461161723e+00
1.372000000000000064e+01,1.839985685391082537e+00
1.373000000000000043e+01,1.881138367353396124e+00
1.374000000000000021e+01,1.973165637786396864e+00
1.375000000000000000e+01,2.006190766147625926e+00
1.375999999999999979e+01,2.031349356191593181e+00
1.377000000000000135e+01,2.049200930627351092e+00
1.378000000000000114e+01,2.034173411888966942e+00
1.379000000000000092e+01,1.987207742820312539e+00
1.380000000000000071e+01,1.929974521701258272e+00
1.381000000000000050e+01,1.830755424483565763e+00
1.382000000000000028e+01,1.809253968539519253e+00
1.383000000000000007e+01,1.954047344889319637e+00
1.383999999999999986e+01,2.087915076027039962e+00
1.385000000000000142e+01,2.097972484138197480e+00
1.386000000000000121e+01,1.988076884538422462e+00
1.387000000000000099e+01,1.846850517976211359e+00
1.388000000000000078e+01,1.817289886292497991e+00
1.389000000000000057e+01,1.901020937751344064e+00
1.390000000000000036e+01,1.922532228728559112e+00
1.391000000000000014e+01,1.824461146794855715e+00
1.391999999999999993e+01,1.772828227586925376e+00
1.393000000000000149e+01,1.890748752223837759e+00
1.394000000000000128e+01,2.018868938217635023e+00
1.395000000000000107e+01,2.052679380868088987e+00
1.396000000000000085e+01,2.000502653435880518e+00
1.397000000000000064e+01,1.917625672804784243e+00
1.398000000000000043e+01,1.880501700604388926e+00
1.399000000000000021e+01,1.904291824428178126e+00
1.400000000000000000e+01,1.916889153946049085e+00
1.400999999999999979e+01,1.930989509865084441e+00
1.402000000000000135e+01,1.942956924748719061e+00
1.403000000000000114e+01,1.934209973400250915e+00
1.404000000000000092e+01,1.931615090411130220e+00
1.405000000000000071e+01,1.954064683032780581e+00
1.406000000000000050e+01,1.932444035935840798e+00
1.407000000000000028e+01,1.864090747458663655e+00
1.408000000000000007e+01,1.881719254731959889e+00
1.408999999999999986e+01,1.974315509967948801e+00
1.410000000000000142e+01,2.056794122196969443e+00
1.411000000000000121e+01,2.111532879551013764e+00
1.412000000000000099e+01,2.123131215096230928e+00
1.413000000000000078e+01,2.011174727748934909e+00
1.414000000000000057e+01,1.847414236620741335e+00
1.415000000000000036e+01,1.904725567425396671e+00
1.416000000000000014e+01,2.143155428621311476e+00
1.416999999999999993e+01,2.351674250027200319e+00
1.418000000000000149e+01,2.459576388508598832e+00
1.419000000000000128e+01,2.482154643629217894e+00
1.420000000000000107e+01,2.449462516222495445e+00
1.421000000000000085e+01,2.376398574338455916e+00
1.422000000000000064e+01,2.294898088273639836e+00
1.423000000000000043e+01,2.284320668492057393e+00
1.424000000000000021e+01,2.329144761157836641e+00
1.425000000000000000e+01,2.321367045169937082e+00
1.426000000000000156e+01,2.250420217875985340e+00
1.427000000000000135e+01,2.227720010169365050e+00
1.428000000000000114e+01,2.272895550086057703e+00
1.429000000000000092e+01,2.300770049014241980e+00
1.430000000000000071e+01,2.314904721829603940e+00
1.431000000000000050e+01,2.354210368422711142e+00
1.432000000000000028e+01,2.322105637880411688e+00
1.433000000000000007e+01,2.171294661813775839e+00
1.433999999999999986e+01,2.009805698899522763e+00
1.435000000000000142e+01,1.998984349307417752e+00
1.436000000000000121e+01,2.128489173269152435e+00
1.437000000000000099e+01,2.258504912785447516e+00
1.438000000000000078e+01,2.352215475861853200e+00
1.439000000000000057e+01,2.433215893650737538e+00
1.440000000000000036e+01,2.452058846801538738e+00
1.441000000000000014e+01,2.362385928468080820e+00
1.441999999999999993e+01,2.191259939286984260e+00
1.443000000000000149e+01,2.040263585594763729e+00
1.444000000000000128e+01,2.020905166038475365e+00
1.445000000000000107e+01,2.108542300079369713e+00
1.446000000000000085e+01,2.224862941024288610e+00
1.447000000000000064e+01,2.304701523439009136e+00
1.448000000000000043e+01,2.300632688773296852e+00
1.449000000000000021e+01,2.169190113204695791e+00
1.450000000000000000e+01,1.928441081034688143e+00
1.451000000000000156e+01,1.823777885745399008e+00
1.452000000000000135e+01,2.031622563680627991e+00
1.453000000000000114e+01,2.282370510606023917e+00
1.454000000000000092e+01,2.392577335695547092e+00
1.455000000000000071e+01,2.422085463377375625e+00
1.456000000000000050e+01,2.411162551958909717e+00
1.457000000000000028e+01,2.359803482256308094e+00
1.458000000000000007e+01,2.236016110845545857e+00
1.458999999999999986e+01,2.074008337227191578e+00
1.460000000000000142e+01,1.973542067262285205e+00
1.461000000000000121e+01,2.012099526101609026e+00
1.462000000000000099e+01,2.111478545363405512e+00
1.463000000000000078e+01,2.193645248010554827e+00
1.464000000000000057e+01,2.259753420658643819e+00
1.465000000000000036e+01,2.285319633058141342e+00
1.466000000000000014e+01,2.255410859854363181e+00
1.466999999999999993e+01,2.166790593556517486e+00
1.468000000000000149e+01,2.077518737950635686e+00
1.469000000000000128e+01,2.034798776019141275e+00
1.470000000000000107e+01,1.988367160242041187e+00
1.471000000000000085e+01,1.973220025888901663e+00
1.472000000000000064e+01,2.098547804846246034e+00
1.473000000000000043e+01,2.288123161168593711e+00
1.474000000000000021e+01,2.398855379356581885e+00
1.475000000000000000e+01,2.427349481430312039e+00
1.476000000000000156e+01,2.364935766226221148e+00
1.477000000000000135e+01,2.209226956064269665e+00
1.478000000000000114e+01,1.981124128307966359e+00
1.479000000000000092e+01,1.833541080985370053e+00
1.480000000000000071e+01,1.923767063152137524e+00
1.481000000000000050e+01,2.086192536736234171e+00
1.482000000000000028e+01,2.211418146881681590e+00
1.483000000000000007e+01,2.287964286505364875e+00
1.483999999999999986e+01,2.323753422410389735e+00
1.485000000000000142e+01,2.286530151804039068e+00
1.486000000000000121e+01,2.170720392120781383e+00
1.487000000000000099e+01,1.999028867833481771e+00
1.488000000000000078e+01,1.943327445428919553e+00
1.489000000000000057e+01,2.035625677564948610e+00
1.490000000000000036e+01,2.157188765421933940e+00
1.491000000000000014e+01,2.264024154523111676e+00
1.491999999999999993e+01,2.361202637041056374e+00
1.493000000000000149e+01,2.418799495481228856e+00
1.494000000000000128e+01,2.404937473819192650e+00
1.495000000000000107e+01,2.315117384712921833e+00
1.496000000000000085e+01,2.196402183867061542e+00
1.497000000000000064e+01,2.049549053301482182e+00
1.498000000000000043e+01,1.924895477029756830e+00
1.499000000000000021e+01,2.000272994052171516e+00
1.500000000000000000e+01,2.230132504311367558e+00
1.501000000000000156e+01,2.418307534880574039e+00
1.502000000000000135e+01,2.500915126146989298e+00
1.503000000000000114e+01,2.507515917982912956e+00
1.504000000000000092e+01,2.465954955636790125e+00
1.505000000000000071e+01,2.402698878158476603e+00
1.506000000000000050e+01,2.277879837849442257e+00
1.507000000000000028e+01,2.131946782432666776e+00
1.508000000000000007e+01,2.089584979242529172e+00
1.508999999999999986e+01,2.144357457848155235e+00
1.510000000000000142e+01,2.159347357737749107e+00
1.511000000000000121e+01,2.168354398508002046e+00
1.512000000000000099e+01,2.199126841380687480e+00
1.513000000000000078e+01,2.196449447691433576e+00
1.514000000000000057e+01,2.125006698366148861e+00
1.515000000000000036e+01,2.104604854697432526e+00
1.516000000000000014e+01,2.121421967915862794e+00
1.516999999999999993e+01,2.129186565273452292e+00
1.518000000000000149e+01,2.107099777007525709e+00
1.519000000000000128e+01,2.114178781137397323e+00
1.520000000000000107e+01,2.154954243100575706e+00
1.521000000000000085e+01,2.247649481921948134e+00
1.522000000000000064e+01,2.344816809688978321e+00
1.523000000000000043e+01,2.385588377282426009e+00
1.524000000000000021e+01,2.354668292227378501e+00
1.525000000000000000e+01,2.175506830756686050e+00
1.526000000000000156e+01,1.926137125436877540e+00
1.527000000000000135e+01,1.893547711353820828e+00
1.528000000000000114e+01,2.082959645303675167e+00
1.529000000000000092e+01,2.202784215793786693e+00
1.530000000000000071e+01,2.210922909032333905e+00
1.531000000000000050e+01,2.175238375497364096e+00
1.532000000000000028e+01,2.085565088123839672e+00
1.533000000000000007e+01,1.944800630713760414e+00
1.533999999999999986e+01,1.892404073423516131e+00
1.535000000000000142e+01,2.035010711258188554e+00
1.536000000000000121e+01,2.212550849802182640e+00
1.537000000000000099e+01,2.261162688657045283e+00
1.538000000000000078e+01,2.220033279579610497e+00
1.539000000000000057e+01,2.112319425622934066e+00
1.540000000000000036e+01,1.988324818848520081e+00
1.541000000000000014e+01,1.945253676119389263e+00
1.541999999999999993e+01,2.022355756741132105e+00
1.543000000000000149e+01,2.115268619425202168e+00
1.544000000000000128e+01,2.077967797522619620e+00
1.545000000000000107e+01,2.018842328301296618e+00
1.546000000000000085e+01,2.000598572063871483e+00
1.547000000000000064e+01,2.046121257874029986e+00
1.548000000000000043e+01,2.145428467201106137e+00
1.549000000000000021e+01,2.234350913095121793e+00
1.550000000000000000e+01,2.245583401479446017e+00
1.551000000000000156e+01,2.140477516028841176e+00
1.552000000000000135e+01,1.992046938659830291e+00
1.553000000000000114e+01,1.919967962273394724e+00
1.554000000000000092e+01,2.019833048975189005e+00
1.555000000000000071e+01,2.225046902112402858e+00
1.556000000000000050e+01,2.361827648281939585e+00
1.557000000000000028e+01,2.349465338306568896e+00
1.558000000000000007e+01,2.276015516473824274e+00
1.559000000000000163e+01,2.190871568962635241e+00
1.560000000000000142e+01,2.094171025211034820e+00
1.561000000000000121e+01,2.021629095370070406e+00
1.562000000000000099e+01,2.061654626284587177e+00
1.563000000000000078e+01,2.166821604266584433e+00
1.564000000000000057e+01,2.184383441696040595e+00
1.565000000000000036e+01,2.127654342743972915e+00
1.566000000000000014e+01,2.101564807870792251e+00
1.566999999999999993e+01,2.123139792741871368e+00
1.568000000000000149e+01,2.150218248690350720e+00
1.569000000000000128e+01,2.145677180095832082e+00
1.570000000000000107e+01,2.110906735020759317e+00
1.571000000000000085e+01,2.008844232363724114e+00
1.572000000000000064e+01,1.916363359474397399e+00
1.573000000000000043e+01,1.968423746938775754e+00
1.574000000000000021e+01,2.127292484391840599e+00
1.575000000000000000e+01,2.279922355582288063e+00
1.576000000000000156e+01,2.351773751166980286e+00
1.577000000000000135e+01,2.290396246887796305e+00
1.578000000000000114e+01,2.118977741805144088e+00
1.579000000000000092e+01,1.978492911335861582e+00
1.580000000000000071e+01,1.979266569584803737e+00
1.581000000000000050e+01,2.076431116926589659e+00
1.582000000000000028e+01,2.239746551745532166e+00
1.583000000000000007e+01,2.421286217898247717e+00
1.584000000000000163e+01,2.526584813872077007e+00
1.585000000000000142e+01,2.520594041853823963e+00
1.586000000000000121e+01,2.429224739503531794e+00
1.587000000000000099e+01,2.301562681341526417e+00
1.588000000000000078e+01,2.157682509806297499e+00
1.589000000000000057e+01,1.997255572991098127e+00
1.590000000000000036e+01,1.943588442134806193e+00
1.591000000000000014e+01,2.044897639435529157e+00
1.591999999999999993e+01,2.212273165683659837e+00
1.593000000000000149e+01,2.342384349464451176e+00
1.594000000000000128e+01,2.416305071757289813e+00
1.595000000000000107e+01,2.423666711642712635e+00
1.596000000000000085e+01,2.370963784375670347e+00
1.597000000000000064e+01,2.209991910962797235e+00
1.598000000000000043e+01,1.939588681451816843e+00
1.599000000000000021e+01,1.810224964303884576e+00
1.600000000000000000e+01,2.036170310487066981e+00
1.601000000000000156e+01,2.341211729324155222e+00
1.601999999999999957e+01,2.470713612439936480e+00
1.603000000000000114e+01,2.423429925470097057e+00
1.603999999999999915e+01,2.303454049282511296e+00
1.605000000000000071e+01,2.167171226997303357e+00
1.606000000000000227e+01,2.030466784106797373e+00
1.607000000000000028e+01,1.958430733623479414e+00
1.608000000000000185e+01,2.046040176647565101e+00
1.608999999999999986e+01,2.208487525061495482e+00
1.610000000000000142e+01,2.278210148372479704e+00
1.610999999999999943e+01,2.248033438574400300e+00
1.612000000000000099e+01,2.168504865793249081e+00
1.612999999999999901e+01,2.047814105220735481e+00
1.614000000000000057e+01,1.943347611616614179e+00
1.615000000000000213e+01,1.925331870851360483e+00
1.616000000000000014e+01,1.994043071164963044e+00
1.617000000000000171e+01,2.117454642121997743e+00
1.617999999999999972e+01,2.227950712169368686e+00
1.619000000000000128e+01,2.267324012174043446e+00
1.619999999999999929e+01,2.259812848881295633e+00
1.621000000000000085e+01,2.290861625387638156e+00
1.622000000000000242e+01,2.381671321905718397e+00
1.623000000000000043e+01,2.446503201188471532e+00
1.624000000000000199e+01,2.427844310152733165e+00
1.625000000000000000e+01,2.377350312709719748e+00
1.626000000000000156e+01,2.366427610341124588e+00
1.626999999999999957e+01,2.351886401983259045e+00
1.628000000000000114e+01,2.302107311099115705e+00
1.628999999999999915e+01,2.222893524395623377e+00
1.630000000000000071e+01,2.145546642173270513e+00
1.631000000000000227e+01,2.024850100106425188e+00
1.632000000000000028e+01,1.916689577011625456e+00
1.633000000000000185e+01,1.983359672631517245e+00
1.633999999999999986e+01,2.212571941226092243e+00
1.635000000000000142e+01,2.415521151891657503e+00
1.635999999999999943e+01,2.540394550207703439e+00
1.637000000000000099e+01,2.565706879509232152e+00
1.638000000000000256e+01,2.507906965630104956e+00
1.639000000000000057e+01,2.378893193520315474e+00
1.640000000000000213e+01,2.201389507450382421e+00
1.641000000000000014e+01,1.989285370186630209e+00
1.642000000000000171e+01,1.876434052431633193e+00
1.642999999999999972e+01,1.997381020300725174e+00
1.644000000000000128e+01,2.189928944922025611e+00
1.644999999999999929e+01,2.315268965058055795e+00
1.646000000000000085e+01,2.348807890845907131e+00
1.647000000000000242e+01,2.335715402942747154e+00
1.648000000000000043e+01,2.274495415647171725e+00
1.649000000000000199e+01,2.209721646574743570e+00
1.650000000000000000e+01,2.176672364410638050e+00
1.651000000000000156e+01,2.182800920986841309e+00
1.651999999999999957e+01,2.157351289827643459e+00
1.653000000000000114e+01,2.089092121024107129e+00
1.653999999999999915e+01,2.055346407942951981e+00
1.655000000000000071e+01,2.090762923786673166e+00
1.656000000000000227e+01,2.138142903261847749e+00
1.657000000000000028e+01,2.136167314233601289e+00
1.658000000000000185e+01,2.067374722241713147e+00
1.658999999999999986e+01,1.952303528419953471e+00
1.660000000000000142e+01,1.902227367298661154e+00
1.660999999999999943e+01,1.951379711840829811e+00
1.662000000000000099e+01,2.082042072434897584e+00
1.663000000000000256e+01,2.239177589747851194e+00
1.664000000000000057e+01,2.358125112050036609e+00
1.665000000000000213e+01,2.380720035716925587e+00
1.666000000000000014e+01,2.320191517164908568e+00
1.667000000000000171e+01,2.242929646891315354e+00
1.667999999999999972e+01,2.198584688969019485e+00
1.669000000000000128e+01,2.164235780230286732e+00
1.669999999999999929e+01,2.098679469066441872e+00
1.671000000000000085e+01,2.080741428010937977e+00
1.672000000000000242e+01,2.153609571442558934e+00
1.673000000000000043e+01,2.257011454577933840e+00
1.674000000000000199e+01,2.336380185645306806e+00
1.675000000000000000e+01,2.368667904714588435e+00
1.676000000000000156e+01,2.362006303490065573e+00
1.676999999999999957e+01,2.299040653190804750e+00
1.678000000000000114e+01,2.199209502767121904e+00
1.678999999999999915e+01,2.081299360091289241e+00
1.680000000000000071e+01,2.001414068714628236e+00
1.681000000000000227e+01,1.988015654854820236e+00
1.682000000000000028e+01,2.058552931266282027e+00
1.683000000000000185e+01,2.166234257092527038e+00
1.683999999999999986e+01,2.243690474026219128e+00
1.685000000000000142e+01,2.252627256055471427e+00
1.685999999999999943e+01,2.186412273603493883e+00
1.687000000000000099e+01,2.079746376909695549e+00
1.688000000000000256e+01,1.989446947411264155e+00
1.689000000000000057e+01,1.998006690059870971e+00
1.690000000000000213e+01,2.074014729244948896e+00
1.691000000000000014e+01,2.111705574292969345e+00
1.692000000000000171e+01,2.154400520207187864e+00
1.692999999999999972e+01,2.233526306059769428e+00
1.694000000000000128e+01,2.334408984261541420e+00
1.694999999999999929e+01,2.408867961291712323e+00
1.696000000000000085e+01,2.444411930250072640e+00
1.697000000000000242e+01,2.423800954742829195e+00
1.698000000000000043e+01,2.355392645671036789e+00
1.699000000000000199e+01,2.285597363157843898e+00
1.700000000000000000e+01,2.214229874110547502e+00
1.701000000000000156e+01,2.172481432258330791e+00
1.701999999999999957e+01,2.171240828150216018e+00
1.703000000000000114e+01,2.245605434251014998e+00
1.703999999999999915e+01,2.322691329577823982e+00
1.705000000000000071e+01,2.315966165366195817e+00
1.706000000000000227e+01,2.181360737160178864e+00
1.707000000000000028e+01,2.003400269517802812e+00
1.708000000000000185e+01,1.921096056428204246e+00
1.708999999999999986e+01,1.986802483072739323e+00
1.710000000000000142e+01,2.101342707989824365e+00
1.710999999999999943e+01,2.136491772995730454e+00
1.712000000000000099e+01,2.080136941318645238e+00
1.713000000000000256e+01,1.999122452179705745e+00
1.714000000000000057e+01,1.968410106593896591e+00
1.715000000000000213e+01,2.046962524886325241e+00
1.716000000000000014e+01,2.196769821403089740e+00
1.717000000000000171e+01,2.299063691775633966e+00
1.717999999999999972e+01,2.286238057841964988e+00
1.719000000000000128e+01,2.193799218116699201e+00
1.719999999999999929e+01,2.113155528249409443e+00
1.721000000000000085e+01,2.081081946419304440e+00
1.722000000000000242e+01,2.078812825770476991e+00
1.723000000000000043e+01,2.096824791939300603e+00
1.724000000000000199e+01,2.123135127306146952e+00
1.725000000000000000e+01,2.116186946996280849e+00
1.726000000000000156e+01,2.058413587814654555e+00
1.726999999999999957e+01,2.012761953443637175e+00
1.728000000000000114e+01,2.020762825435671317e+00
1.728999999999999915e+01,2.032984738537158886e+00
1.730000000000000071e+01,2.053435039794249128e+00
1.731000000000000227e+01,2.110003569968782244e+00
1.732000000000000028e+01,2.141317590293137840e+00
1.733000000000000185e+01,2.105451613749496076e+00
1.733999999999999986e+01,2.006832450015695102e+00
1.735000000000000142e+01,1.959105129496883757e+00
1.735999999999999943e+01,2.016209386964558536e+00
1.737000000000000099e+01,2.127863896213525230e+00
1.738000000000000256e+01,2.221101715695163126e+00
1.739000000000000057e+01,2.245063018149825673e+00
1.740000000000000213e+01,2.175892299408451080e+00
1.741000000000000014e+01,2.071153178040919141e+00
1.742000000000000171e+01,2.011787823277842335e+00
1.742999999999999972e+01,2.036027827545832558e+00
1.744000000000000128e+01,2.149676312834329472e+00
1.744999999999999929e+01,2.293449637734389146e+00
1.746000000000000085e+01,2.379083924647467985e+00
1.747000000000000242e+01,2.386507849075925947e+00
1.748000000000000043e+01,2.324736589483634486e+00
1.749000000000000199e+01,2.233506523038605529e+00
1.750000000000000000e+01,2.140258761056057057e+00
1.751000000000000156e+01,2.047148036981556007e+00
1.751999999999999957e+01,2.018519689618399227e+00
1.753000000000000114e+01,2.098703843089824161e+00
1.753999999999999915e+01,2.206130087353239233e+00
1.755000000000000071e+01,2.258753438874141928e+00
1.756000000000000227e+01,2.258897210871908978e+00
1.757000000000000028e+01,2.227126114418222169e+00
1.758000000000000185e+01,2.168573356652018003e+00
1.758999999999999986e+01,2.082437876822500922e+00
1.760000000000000142e+01,2.016918758951138368e+00
1.760999999999999943e+01,2.010684454886942252e+00
1.762000000000000099e+01,2.065031086586591957e+00
1.763000000000000256e+01,2.170888490356195355e+00
1.764000000000000057e+01,2.279084958025040741e+00
1.765000000000000213e+01,2.343827014094683303e+00
1.766000000000000014e+01,2.352515733729319436e+00
1.767000000000000171e+01,2.311547465415538127e+00
1.767999999999999972e+01,2.220529963642574156e+00
1.769000000000000128e+01,2.136719982728409573e+00
1.769999999999999929e+01,2.091119121177902329e+00
1.771000000000000085e+01,2.084374955381349093e+00
1.772000000000000242e+01,2.134459062935440965e+00
1.773000000000000043e+01,2.212982002772730272e+00
1.774000000000000199e+01,2.282858926286291279e+00
1.775000000000000000e+01,2.303661576258325905e+00
1.776000000000000156e+01,2.265635054287429284e+00
1.776999999999999957e+01,2.205102457673112415e+00
1.778000000000000114e+01,2.125818150137965379e+00
1.778999999999999915e+01,2.013796353681275075e+00
1.780000000000000071e+01,1.948368676944895572e+00
1.781000000000000227e+01,2.012866830548906361e+00
1.782000000000000028e+01,2.111989216242593059e+00
1.783000000000000185e+01,2.176814353522137147e+00
1.783999999999999986e+01,2.231874335078254834e+00
1.785000000000000142e+01,2.267613726531923835e+00
1.785999999999999943e+01,2.230362436091876788e+00
1.787000000000000099e+01,2.123295356498713371e+00
1.788000000000000256e+01,2.005405599146717233e+00
1.789000000000000057e+01,1.947466011206358427e+00
1.790000000000000213e+01,1.956935438112611170e+00
1.791000000000000014e+01,1.996693012489650920e+00
1.792000000000000171e+01,2.064772213917071664e+00
1.792999999999999972e+01,2.129338266024447091e+00
1.794000000000000128e+01,2.142225043163298537e+00
1.794999999999999929e+01,2.106071836162290989e+00
1.796000000000000085e+01,2.100348980893652406e+00
1.797000000000000242e+01,2.131751910133072414e+00
1.798000000000000043e+01,2.102784955719437576e+00
1.799000000000000199e+01,2.054379699264232695e+00
1.800000000000000000e+01,2.066929961342667266e+00
1.801000000000000156e+01,2.081479001483320435e+00
1.801999999999999957e+01,2.044636402396278640e+00
1.803000000000000114e+01,2.022123458451781985e+00
1.803999999999999915e+01,2.055234250129128970e+00
1.805000000000000071e+01,2.107942407729290757e+00
1.806000000000000227e+01,2.114672956818996585e+00
1.807000000000000028e+01,2.029289300404612639e+00
1.808000000000000185e+01,1.868822044134753169e+00
1.808999999999999986e+01,1.799871548098919138e+00
1.810000000000000142e+01,1.907688208966286769e+00
1.810999999999999943e+01,1.997015000911110061e+00
1.812000000000000099e+01,1.995488673189851569e+00
1.813000000000000256e+01,1.954716429196061256e+00
1.814000000000000057e+01,1.939847518086151634e+00
1.815000000000000213e+01,1.970798255834675272e+00
1.816000000000000014e+01,1.948844027500406195e+00
1.817000000000000171e+01,1.870792437728194368e+00
1.817999999999999972e+01,1.889506321018535884e+00
1.819000000000000128e+01,1.977499793012379437e+00
1.819999999999999929e+01,2.056613193656988692e+00
1.821000000000000085e+01,2.113141329517738587e+00
1.822000000000000242e+01,2.077721885046215800e+00
1.823000000000000043e+01,1.929064470976540768e+00
1.824000000000000199e+01,1.856781729660219815e+00
1.825000000000000000e+01,1.995141362545773012e+00
1.826000000000000156e+01,2.101447174891864389e+00
1.826999999999999957e+01,2.033048705783754073e+00
1.828000000000000114e+01,1.945633942292588348e+00
1.828999999999999915e+01,1.943384049079337039e+00
1.830000000000000071e+01,2.006126410394918569e+00
1.831000000000000227e+01,2.092529173563894673e+00
1.832000000000000028e+01,2.093950259348105636e+00
1.833000000000000185e+01,1.998242349427115316e+00
1.833999999999999986e+01,1.940548178387746514e+00
1.835000000000000142e+01,1.967315043119428619e+00
1.835999999999999943e+01,2.026389607711458929e+00
1.837000000000000099e+01,2.029430652395888046e+00
1.838000000000000256e+01,1.956753340262640695e+00
1.839000000000000057e+01,1.906466983671367466e+00
1.840000000000000213e+01,1.938080922814112483e+00
1.841000000000000014e+01,2.028252069742811692e+00
1.842000000000000171e+01,2.156454941356298338e+00
1.842999999999999972e+01,2.241819266890174855e+00
1.844000000000000128e+01,2.250537943470404922e+00
1.844999999999999929e+01,2.223926489117839633e+00
1.846000000000000085e+01,2.163165472172667414e+00
1.847000000000000242e+01,2.009059130862004938e+00
1.848000000000000043e+01,1.806666315205992746e+00
1.849000000000000199e+01,1.829096670736678698e+00
1.850000000000000000e+01,1.966278268251978822e+00
1.851000000000000156e+01,1.991217554914580745e+00
1.851999999999999957e+01,2.006092789105229812e+00
1.853000000000000114e+01,2.046626682739185465e+00
1.853999999999999915e+01,2.080529871571182632e+00
1.855000000000000071e+01,2.052217725827355288e+00
1.856000000000000227e+01,1.926630092311442555e+00
1.857000000000000028e+01,1.826478080295518058e+00
1.858000000000000185e+01,1.915526268209339911e+00
1.858999999999999986e+01,2.093235143599496251e+00
1.860000000000000142e+01,2.259317774771845588e+00
1.860999999999999943e+01,2.333711346975028356e+00
1.862000000000000099e+01,2.243941453514328721e+00
1.863000000000000256e+01,2.067341923485324084e+00
1.864000000000000057e+01,1.933126590060774141e+00
1.865000000000000213e+01,1.910450134523275612e+00
1.866000000000000014e+01,1.977634889356475245e+00
1.867000000000000171e+01,2.041625401708158538e+00
1.867999999999999972e+01,2.045525755716608440e+00
1.869000000000000128e+01,2.071652754493377380e+00
1.869999999999999929e+01,2.157058220285210215e+00
1.871000000000000085e+01,2.229445076739949627e+00
1.872000000000000242e+01,2.215721250450967794e+00
1.873000000000000043e+01,2.147818644136416211e+00
1.874000000000000199e+01,2.021753547814372443e+00
1.875000000000000000e+01,1.850923546908408213e+00
1.876000000000000156e+01,1.876995473649309965e+00
1.876999999999999957e+01,2.095067604780333159e+00
1.878000000000000114e+01,2.232594060056597218e+00
1.878999999999999915e+01,2.249560313239010956e+00
1.880000000000000071e+01,2.195957316297382000e+00
1.881000000000000227e+01,2.040867594676341934e+00
1.882000000000000028e+01,1.804919864952458708e+00
1.883000000000000185e+01,1.780735937526954027e+00
1.883999999999999986e+01,1.987714904909655855e+00
1.885000000000000142e+01,2.092637540640997607e+00
1.885999999999999943e+01,2.052502128841769302e+00
1.887000000000000099e+01,1.940720153061743503e+00
1.888000000000000256e+01,1.887271550916824969e+00
1.889000000000000057e+01,1.965455433760836756e+00
1.890000000000000213e+01,2.003618892254712680e+00
1.891000000000000014e+01,1.928394957263683596e+00
1.892000000000000171e+01,1.882673495006503828e+00
1.892999999999999972e+01,1.954983514610799888e+00
1.894000000000000128e+01,2.109522637114852994e+00
1.894999999999999929e+01,2.205613996441807778e+00
1.896000000000000085e+01,2.121031948132794831e+00
1.897000000000000242e+01,1.989170430958594693e+00
1.898000000000000043e+01,1.968248682306176445e+00
1.899000000000000199e+01,2.015258705303117903e+00
1.900000000000000000e+01,1.984301565337284190e+00
1.901000000000000156e+01,1.915008748282889028e+00
1.901999999999999957e+01,1.930110150224593202e+00
1.903000000000000114e+01,1.989760125241231137e+00
1.903999999999999915e+01,2.023169619507963368e+00
1.905000000000000071e+01,2.092593373974027227e+00
1.906000000000000227e+01,2.134954951843246462e+00
1.907000000000000028e+01,2.068246159914240323e+00
1.908000000000000185e+01,1.941647105243380800e+00
1.908999999999999986e+01,1.929276854678975361e+00
1.910000000000000142e+01,1.979612114481016816e+00
1.910999999999999943e+01,1.922654560054926742e+00
1.912000000000000099e+01,1.862520636154133546e+00
1.913000000000000256e+01,1.945510225879061306e+00
1.914000000000000057e+01,2.038521944841409361e+00
1.915000000000000213e+01,1.988223956248390101e+00
1.916000000000000014e+01,1.952311004374046810e+00
1.917000000000000171e+01,2.022311662578248459e+00
1.917999999999999972e+01,2.086285476175300246e+00
1.919000000000000128e+01,2.056364314901423018e+00
1.919999999999999929e+01,2.043926682197775069e+00
1.921000000000000085e+01,2.067060141747210977e+00
1.922000000000000242e+01,2.014991887725605668e+00
1.923000000000000043e+01,1.959145410989188596e+00
1.924000000000000199e+01,2.002215289248386654e+00
1.925000000000000000e+01,2.050888800520398458e+00
1.926000000000000156e+01,2.010734257056361329e+00
1.926999999999999957e+01,2.003103228118810808e+00
1.928000000000000114e+01,2.070564152230014887e+00
1.929000000000000270e+01,2.144830395089551534e+00
1.930000000000000071e+01,2.187478895098190712e+00
1.931000000000000227e+01,2.187700873748510855e+00
1.932000000000000028e+01,2.089253242333250604e+00
1.933000000000000185e+01,1.944208361390311168e+00
1.933999999999999986e+01,1.905603335560682954e+00
1.935000000000000142e+01,2.052352475624010353e+00
1.935999999999999943e+01,2.255110095893324118e+00
1.937000000000000099e+01,2.316802086540842520e+00
1.938000000000000256e+01,2.210345500323422474e+00
1.939000000000000057e+01,2.068719732902454034e+00
1.940000000000000213e+01,1.972089725139299476e+00
1.941000000000000014e+01,1.973067304072519734e+00
1.942000000000000171e+01,2.046264734021479903e+00
1.942999999999999972e+01,2.032259871423927944e+00
1.944000000000000128e+01,1.930372579322447990e+00
1.944999999999999929e+01,1.917715954097478415e+00
1.946000000000000085e+01,1.999146518617382240e+00
1.947000000000000242e+01,2.072543022472633556e+00
1.948000000000000043e+01,2.052483222830335130e+00
1.949000000000000199e+01,1.881930595638425796e+00
1.950000000000000000e+01,1.771339152985672127e+00
1.951000000000000156e+01,1.924139377929779071e+00
1.951999999999999957e+01,2.144694304743685276e+00
1.953000000000000114e+01,2.277502619449645493e+00
1.954000000000000270e+01,2.261100751868434067e+00
1.955000000000000071e+01,2.112014450353026263e+00
1.956000000000000227e+01,1.938131047297886100e+00
1.957000000000000028e+01,1.895423993464259604e+00
1.958000000000000185e+01,1.988935277504021659e+00
1.958999999999999986e+01,2.002814225833239092e+00
1.960000000000000142e+01,1.893210368976464553e+00
1.960999999999999943e+01,1.876609627519799650e+00
1.962000000000000099e+01,1.998651288369234447e+00
1.963000000000000256e+01,2.152374854573431584e+00
1.964000000000000057e+01,2.216520306629289561e+00
1.965000000000000213e+01,2.089052854788504554e+00
1.966000000000000014e+01,1.887071973296195360e+00
1.967000000000000171e+01,1.877719280004335189e+00
1.967999999999999972e+01,2.067088813283068038e+00
1.969000000000000128e+01,2.188315906216467877e+00
1.969999999999999929e+01,2.117508386051871305e+00
1.971000000000000085e+01,1.976379451750092109e+00
1.972000000000000242e+01,1.925838107967542179e+00
1.973000000000000043e+01,2.031503294336487464e+00
1.974000000000000199e+01,2.191013305162704317e+00
1.975000000000000000e+01,2.273314402914827337e+00
1.976000000000000156e+01,2.158625910342039766e+00
1.976999999999999957e+01,1.953480866888641643e+00
1.978000000000000114e+01,1.875248602852432445e+00
1.979000000000000270e+01,1.997145648694657050e+00
1.980000000000000071e+01,2.193032454433813783e+00
1.981000000000000227e+01,2.286805616618955206e+00
1.982000000000000028e+01,2.115983991267420095e+00
1.983000000000000185e+01,1.887619043901602289e+00
1.983999999999999986e+01,1.852639373893365082e+00
1.985000000000000142e+01,2.017208360184937099e+00
1.985999999999999943e+01,2.189345358982908607e+00
1.987000000000000099e+01,2.273661888518167196e+00
1.988000000000000256e+01,2.215898100567803564e+00
1.989000000000000057e+01,2.030011306101519697e+00
1.990000000000000213e+01,1.901804684661387412e+00
1.991000000000000014e+01,1.993536485670628577e+00
1.992000000000000171e+01,2.186771065315250340e+00
1.992999999999999972e+01,2.362243560727810276e+00
1.994000000000000128e+01,2.496418051769374369e+00
1.994999999999999929e+01,2.540220118572404928e+00
1.996000000000000085e+01,2.453590044180160579e+00
1.997000000000000242e+01,2.291147645569791003e+00
1.998000000000000043e+01,2.130767387585984718e+00
1.999000000000000199e+01,2.013611091074937409e+00
2.000000000000000000e+01,1.984993801123822621e+00
2.001000000000000156e+01,2.112181627606868339e+00
2.001999999999999957e+01,2.332560313303815747e+00
2.003000000000000114e+01,2.485762459850096473e+00
2.004000000000000270e+01,2.539950787869717619e+00
2.005000000000000071e+01,2.569701501128097476e+00
2.006000000000000227e+01,2.604059318775207910e+00
2.007000000000000028e+01,2.615773280198420814e+00
2.008000000000000185e+01,2.595849330546747602e+00
2.008999999999999986e+01,2.536493792107523237e+00
2.010000000000000142e+01,2.459659996117349756e+00
2.010999999999999943e+01,2.400625832923573455e+00
2.012000000000000099e+01,2.327798445505968150e+00
2.013000000000000256e+01,2.212019030207470927e+00
2.014000000000000057e+01,2.122270596625227324e+00
2.015000000000000213e+01,2.102496120828763804e+00
2.016000000000000014e+01,2.095536976815249641e+00
2.017000000000000171e+01,2.088712549131642060e+00
2.017999999999999972e+01,2.128154154331869830e+00
2.019000000000000128e+01,2.137599907489706741e+00
2.019999999999999929e+01,2.057229081604671439e+00
2.021000000000000085e+01,1.979534379746913597e+00
2.022000000000000242e+01,1.980381357744008364e+00
2.023000000000000043e+01,2.041357042190316218e+00
2.024000000000000199e+01,2.069956804380225890e+00
2.025000000000000000e+01,2.081653521722574673e+00
2.026000000000000156e+01,2.062442685652136287e+00
2.026999999999999957e+01,1.966868170086647050e+00
2.028000000000000114e+01,1.897805618444629916e+00
2.029000000000000270e+01,1.989509169141976397e+00
2.030000000000000071e+01,2.088213891104069742e+00
2.031000000000000227e+01,2.062664161054823087e+00
2.032000000000000028e+01,2.007290901314505494e+00
2.033000000000000185e+01,2.015041356945311168e+00
2.033999999999999986e+01,2.073666466286225862e+00
2.035000000000000142e+01,2.138770926022701246e+00
2.035999999999999943e+01,2.171986906521309102e+00
2.037000000000000099e+01,2.108170267649176921e+00
2.038000000000000256e+01,2.012236570684470482e+00
2.039000000000000057e+01,1.990779032188153552e+00
2.040000000000000213e+01,2.000129533730254039e+00
2.041000000000000014e+01,1.961975485066009162e+00
2.042000000000000171e+01,1.908617683246175201e+00
2.042999999999999972e+01,1.875060561608610232e+00
2.044000000000000128e+01,1.880137533932026095e+00
2.044999999999999929e+01,1.940925157676101520e+00
2.046000000000000085e+01,2.015258814693536848e+00
2.047000000000000242e+01,2.019442107563372613e+00
2.048000000000000043e+01,1.953800948945414895e+00
2.049000000000000199e+01,1.910795965795406337e+00
2.050000000000000000e+01,1.979204694340634063e+00
2.051000000000000156e+01,2.062804309235365618e+00
2.051999999999999957e+01,2.059248114652529882e+00
2.053000000000000114e+01,2.020035708124982676e+00
2.054000000000000270e+01,1.988770517807420424e+00
2.055000000000000071e+01,2.013932837906963425e+00
2.056000000000000227e+01,2.132685755590821852e+00
2.057000000000000028e+01,2.244180651997516929e+00
2.058000000000000185e+01,2.217292473107685957e+00
2.058999999999999986e+01,2.060393918210787323e+00
2.060000000000000142e+01,1.892634279758241833e+00
2.060999999999999943e+01,1.854032265171239535e+00
2.062000000000000099e+01,1.955574969373712557e+00
2.063000000000000256e+01,2.040169433532666332e+00
2.064000000000000057e+01,2.021605052219893839e+00
2.065000000000000213e+01,1.927045288569005033e+00
2.066000000000000014e+01,1.842146317051118976e+00
2.067000000000000171e+01,1.901169460121848731e+00
2.067999999999999972e+01,2.041042239861782459e+00
2.069000000000000128e+01,2.042257820575061444e+00
2.069999999999999929e+01,1.932136318482729376e+00
2.071000000000000085e+01,1.929243174148867368e+00
2.072000000000000242e+01,2.024426057651897093e+00
2.073000000000000043e+01,2.126075831784934422e+00
2.074000000000000199e+01,2.179108899206278593e+00
2.075000000000000000e+01,2.101291165646493653e+00
2.076000000000000156e+01,1.957218114018210331e+00
2.076999999999999957e+01,1.922098099053220155e+00
2.078000000000000114e+01,2.043555864112600595e+00
2.079000000000000270e+01,2.184035546168835218e+00
2.080000000000000071e+01,2.186998800800083131e+00
2.081000000000000227e+01,2.051937760046341985e+00
2.082000000000000028e+01,1.934021596086506367e+00
2.083000000000000185e+01,1.935147569617366559e+00
2.083999999999999986e+01,2.061257336342310342e+00
2.085000000000000142e+01,2.194780595926618005e+00
2.085999999999999943e+01,2.158452815003376823e+00
2.087000000000000099e+01,2.001345515662150909e+00
2.088000000000000256e+01,1.917708028175561852e+00
2.089000000000000057e+01,1.983519424901353911e+00
2.090000000000000213e+01,2.104490286298323909e+00
2.091000000000000014e+01,2.145093787442638789e+00
2.092000000000000171e+01,2.051851458132630590e+00
2.092999999999999972e+01,1.921772626322115096e+00
2.094000000000000128e+01,1.865168343026550657e+00
2.094999999999999929e+01,1.967916957127652466e+00
2.096000000000000085e+01,2.108269538444392577e+00
2.097000000000000242e+01,2.092284772967351270e+00
2.098000000000000043e+01,1.991287584347195994e+00
2.099000000000000199e+01,1.947809774097627011e+00
2.100000000000000000e+01,2.006265983518936924e+00
2.101000000000000156e+01,2.119771852322122285e+00
2.101999999999999957e+01,2.171010919940524087e+00
2.103000000000000114e+01,2.057482478336328580e+00
2.104000000000000270e+01,1.875123178226966170e+00
2.105000000000000071e+01,1.858938576875522886e+00
2.106000000000000227e+01,2.041375809463068958e+00
2.107000000000000028e+01,2.217937974192244699e+00
2.108000000000000185e+01,2.300650521118102976e+00
2.108999999999999986e+01,2.331960407918625577e+00
2.110000000000000142e+01,2.344044709919160141e+00
2.110999999999999943e+01,2.323039056367542265e+00
2.112000000000000099e+01,2.259399025669633687e+00
2.113000000000000256e+01,2.164294641069926417e+00
2.114000000000000057e+01,2.006492766544649697e+00
2.115000000000000213e+01,1.875955817763307332e+00
2.116000000000000014e+01,1.928858836628798201e+00
2.117000000000000171e+01,2.100807863993277458e+00
2.117999999999999972e+01,2.224756632767728171e+00
2.119000000000000128e+01,2.219325420450097841e+00
2.119999999999999929e+01,2.076830276675492470e+00
2.121000000000000085e+01,1.914561606003055694e+00
2.122000000000000242e+01,1.929232666968917043e+00
2.123000000000000043e+01,2.126718472435880081e+00
2.124000000000000199e+01,2.333422413298543496e+00
2.125000000000000000e+01,2.445697519502360695e+00
2.126000000000000156e+01,2.481020613376680561e+00
2.126999999999999957e+01,2.446957600320037951e+00
2.128000000000000114e+01,2.319143168555144907e+00
2.129000000000000270e+01,2.141903602980535837e+00
2.130000000000000071e+01,2.030304289314535104e+00
2.131000000000000227e+01,2.055064698063057360e+00
2.132000000000000028e+01,2.186754055892889070e+00
2.133000000000000185e+01,2.306070170655914797e+00
2.133999999999999986e+01,2.316164475127792333e+00
2.135000000000000142e+01,2.250411902080372339e+00
2.135999999999999943e+01,2.179685562935397058e+00
2.137000000000000099e+01,2.106745984195531829e+00
2.138000000000000256e+01,2.017711752437398864e+00
2.139000000000000057e+01,1.962435452153522109e+00
2.140000000000000213e+01,2.015329339597129898e+00
2.141000000000000014e+01,2.134248185216518046e+00
2.142000000000000171e+01,2.196391044638682288e+00
2.142999999999999972e+01,2.160659518873808693e+00
2.144000000000000128e+01,2.080196910709416702e+00
2.144999999999999929e+01,2.031921568514887255e+00
2.146000000000000085e+01,2.062148123949635536e+00
2.147000000000000242e+01,2.157289111635481316e+00
2.148000000000000043e+01,2.261538031915447888e+00
2.149000000000000199e+01,2.324311580662971721e+00
2.150000000000000000e+01,2.318637205872450036e+00
2.151000000000000156e+01,2.252662103401218641e+00
2.151999999999999957e+01,2.156528423722024357e+00
2.153000000000000114e+01,2.097951926218759588e+00
2.154000000000000270e+01,2.110784481698925408e+00
2.155000000000000071e+01,2.158389203862223216e+00
2.156000000000000227e+01,2.161564521434416353e+00
2.157000000000000028e+01,2.062229923238677820e+00
2.158000000000000185e+01,1.914490102481599010e+00
2.158999999999999986e+01,1.884407953841206185e+00
2.160000000000000142e+01,1.998136325891955112e+00
2.160999999999999943e+01,2.100761840852265472e+00
2.162000000000000099e+01,2.121751647754515524e+00
2.163000000000000256e+01,2.067141883572823691e+00
2.164000000000000057e+01,1.976422751224039542e+00
2.165000000000000213e+01,1.959047929900899820e+00
2.166000000000000014e+01,2.049547283043013923e+00
2.167000000000000171e+01,2.168879612841617011e+00
2.167999999999999972e+01,2.278515871170529561e+00
2.169000000000000128e+01,2.352299685809824847e+00
2.169999999999999929e+01,2.355507325842991939e+00
2.171000000000000085e+01,2.302424343512724292e+00
2.172000000000000242e+01,2.245822282311091378e+00
2.173000000000000043e+01,2.180546378420096687e+00
2.174000000000000199e+01,2.098158330734122501e+00
2.175000000000000000e+01,2.049753335311593982e+00
2.176000000000000156e+01,2.075216992355497947e+00
2.176999999999999957e+01,2.141670418219385308e+00
2.178000000000000114e+01,2.184519270657963030e+00
2.179000000000000270e+01,2.154863987262537250e+00
2.180000000000000071e+01,2.066263294966301789e+00
2.181000000000000227e+01,1.975170959447307917e+00
2.182000000000000028e+01,1.975283857114211949e+00
2.183000000000000185e+01,2.101586610945169298e+00
2.183999999999999986e+01,2.218706858127949655e+00
2.185000000000000142e+01,2.194082241393881638e+00
2.185999999999999943e+01,2.082284340146897339e+00
2.187000000000000099e+01,1.982821016544105586e+00
2.188000000000000256e+01,1.978021615624056651e+00
2.189000000000000057e+01,2.044367545850060086e+00
2.190000000000000213e+01,2.071208954310500783e+00
2.191000000000000014e+01,2.036077780274859972e+00
2.192000000000000171e+01,2.036567912347633680e+00
2.192999999999999972e+01,2.084005548765166083e+00
2.194000000000000128e+01,2.118593217143158292e+00
2.194999999999999929e+01,2.125384776748906024e+00
2.196000000000000085e+01,2.160737134579077345e+00
2.197000000000000242e+01,2.248659628574542158e+00
2.198000000000000043e+01,2.327913251940672446e+00
2.199000000000000199e+01,2.339315137625753938e+00
2.200000000000000000e+01,2.302053308170989521e+00
2.201000000000000156e+01,2.276796087604025409e+00
2.201999999999999957e+01,2.247161800076932447e+00
2.203000000000000114e+01,2.170289106691548842e+00
2.204000000000000270e+01,2.073570916325023550e+00
2.205000000000000071e+01,2.021185606994319262e+00
2.206000000000000227e+01,2.021468947301441776e+00
2.207000000000000028e+01,2.036758489136353045e+00
2.208000000000000185e+01,2.037155335384123855e+00
2.208999999999999986e+01,2.040738046743138412e+00
2.210000000000000142e+01,2.053291598035700272e+00
2.210999999999999943e+01,2.064118624624321718e+00
2.212000000000000099e+01,2.059167772111101691e+00
2.213000000000000256e+01,2.036415290559368430e+00
2.214000000000000057e+01,2.019968376632664597e+00
2.215000000000000213e+01,2.057069163844764237e+00
2.216000000000000014e+01,2.162176333812762419e+00
2.217000000000000171e+01,2.306472082277390090e+00
2.217999999999999972e+01,2.426476630044839045e+00
2.219000000000000128e+01,2.490608195950538839e+00
2.219999999999999929e+01,2.518767616355269023e+00
2.221000000000000085e+01,2.541095355358393260e+00
2.222000000000000242e+01,2.541998372950699192e+00
2.223000000000000043e+01,2.486033277834389210e+00
2.224000000000000199e+01,2.388902076701554300e+00
2.225000000000000000e+01,2.308229760799604957e+00
2.226000000000000156e+01,2.275864807166716908e+00
2.226999999999999957e+01,2.254155460402188282e+00
2.228000000000000114e+01,2.198325896750525033e+00
2.229000000000000270e+01,2.138078601065919404e+00
2.230000000000000071e+01,2.124957202675149759e+00
2.231000000000000227e+01,2.139916111923314546e+00
2.232000000000000028e+01,2.159284286355088067e+00
2.233000000000000185e+01,2.204693618705556357e+00
2.233999999999999986e+01,2.271835053714066799e+00
2.235000000000000142e+01,2.267297922758276574e+00
2.235999999999999943e+01,2.163354732715141449e+00
2.237000000000000099e+01,2.069976374432567212e+00
2.238000000000000256e+01,2.071052748652240538e+00
2.239000000000000057e+01,2.109706852963463497e+00
2.240000000000000213e+01,2.112512150882213557e+00
2.241000000000000014e+01,2.083410399387504164e+00
2.242000000000000171e+01,2.025760205671935044e+00
2.242999999999999972e+01,1.926359929105670110e+00
2.244000000000000128e+01,1.868896088075525208e+00
2.245000000000000284e+01,1.936305903379939242e+00
2.246000000000000085e+01,2.041385298865698861e+00
2.247000000000000242e+01,2.060401471443126908e+00
2.248000000000000043e+01,1.990528252474955462e+00
2.249000000000000199e+01,1.931532732095420091e+00
2.250000000000000000e+01,1.956521632394847998e+00
2.251000000000000156e+01,1.994083312583755596e+00
2.251999999999999957e+01,1.981399188095120056e+00
2.253000000000000114e+01,2.000179946790038521e+00
2.254000000000000270e+01,2.082464703374585113e+00
2.255000000000000071e+01,2.144666181204897715e+00
2.256000000000000227e+01,2.152497856473961413e+00
2.257000000000000028e+01,2.152328300810311568e+00
2.258000000000000185e+01,2.177431324896609066e+00
2.258999999999999986e+01,2.212482000582150832e+00
2.260000000000000142e+01,2.263559739447760233e+00
2.260999999999999943e+01,2.379289103700759078e+00
2.262000000000000099e+01,2.546142879992104646e+00
2.263000000000000256e+01,2.674609570134724112e+00
2.264000000000000057e+01,2.743718229107354301e+00
2.265000000000000213e+01,2.780537652707657070e+00
2.266000000000000014e+01,2.796240666125296759e+00
2.267000000000000171e+01,2.759439998323493182e+00
2.267999999999999972e+01,2.643927524192749789e+00
2.269000000000000128e+01,2.461777577544324025e+00
2.270000000000000284e+01,2.234380107318583164e+00
2.271000000000000085e+01,1.983898298966960017e+00
2.272000000000000242e+01,1.863834964386332116e+00
2.273000000000000043e+01,1.945505338562709241e+00
2.274000000000000199e+01,2.091922177095745461e+00
2.275000000000000000e+01,2.217626762278990693e+00
2.276000000000000156e+01,2.330912905644481281e+00
2.276999999999999957e+01,2.428158395064250463e+00
2.278000000000000114e+01,2.473291272196827428e+00
2.279000000000000270e+01,2.453526682846754348e+00
2.280000000000000071e+01,2.403057731724313584e+00
2.281000000000000227e+01,2.352418006317967158e+00
2.282000000000000028e+01,2.282961780888152159e+00
2.283000000000000185e+01,2.173967503603492446e+00
2.283999999999999986e+01,2.089898557029982396e+00
2.285000000000000142e+01,2.111840184166642764e+00
2.285999999999999943e+01,2.206854061991639249e+00
2.287000000000000099e+01,2.309855139943628455e+00
2.288000000000000256e+01,2.417139681627852976e+00
2.289000000000000057e+01,2.545752136501116425e+00
2.290000000000000213e+01,2.689501176612495659e+00
2.291000000000000014e+01,2.757718076490053516e+00
2.292000000000000171e+01,2.666906206187236172e+00
2.292999999999999972e+01,2.522718571347981165e+00
2.294000000000000128e+01,2.424442707784408846e+00
2.295000000000000284e+01,2.374805326667640326e+00
2.296000000000000085e+01,2.314029698157739290e+00
2.297000000000000242e+01,2.168052755571459045e+00
2.298000000000000043e+01,2.001896068280268892e+00
2.299000000000000199e+01,1.945830664941068378e+00
2.300000000000000000e+01,2.020057139771298527e+00
2.301000000000000156e+01,2.130910869829143905e+00
2.301999999999999957e+01,2.179653559755827530e+00
2.303000000000000114e+01,2.117818726377684868e+00
2.304000000000000270e+01,1.959816135024915917e+00
2.305000000000000071e+01,1.814258463228434204e+00
2.306000000000000227e+01,1.795429610779547991e+00
2.307000000000000028e+01,1.902516713515021829e+00
2.308000000000000185e+01,2.010038783180315036e+00
2.308999999999999986e+01,2.044132487931249464e+00
2.310000000000000142e+01,2.003243342382547532e+00
2.310999999999999943e+01,1.907570552065899649e+00
2.312000000000000099e+01,1.812831081805748257e+00
2.313000000000000256e+01,1.840145988442493108e+00
2.314000000000000057e+01,1.962596586819614686e+00
2.315000000000000213e+01,2.065895739546407928e+00
2.316000000000000014e+01,2.111497294655146462e+00
2.317000000000000171e+01,2.046200804741558077e+00
2.317999999999999972e+01,1.842658783644980813e+00
2.319000000000000128e+01,1.733880369950879574e+00
2.320000000000000284e+01,1.926115335524070549e+00
2.321000000000000085e+01,2.141502559956676599e+00
2.322000000000000242e+01,2.148268121424558252e+00
2.323000000000000043e+01,1.962076548227412953e+00
2.324000000000000199e+01,1.782396039815225874e+00
2.325000000000000000e+01,1.833354686268863221e+00
2.326000000000000156e+01,1.990414940846254144e+00
2.326999999999999957e+01,2.025664283632409468e+00
2.328000000000000114e+01,1.958283052275385794e+00
2.329000000000000270e+01,1.903143597241416574e+00
2.330000000000000071e+01,1.899136154131398690e+00
2.331000000000000227e+01,1.982569680101055720e+00
2.332000000000000028e+01,2.144184635749449175e+00
2.333000000000000185e+01,2.279489303215963769e+00
2.333999999999999986e+01,2.300833743758118999e+00
2.335000000000000142e+01,2.226478125911188766e+00
2.335999999999999943e+01,2.076190736059671416e+00
2.337000000000000099e+01,1.969703042516815605e+00
2.338000000000000256e+01,1.989716436706497005e+00
2.339000000000000057e+01,2.095343340743946126e+00
2.340000000000000213e+01,2.285743690402753714e+00
2.341000000000000014e+01,2.555686597127277526e+00
2.342000000000000171e+01,2.792452568399506063e+00
2.342999999999999972e+01,2.906998078585536049e+00
2.344000000000000128e+01,2.977531867520648579e+00
2.345000000000000284e+01,3.023060137626937482e+00
2.346000000000000085e+01,3.012865227839605531e+00
2.347000000000000242e+01,2.946704645402385747e+00
2.348000000000000043e+01,2.827529689690985837e+00
2.349000000000000199e+01,2.710930149232178454e+00
2.350000000000000000e+01,2.583533009272379832e+00
2.351000000000000156e+01,2.458104719331541954e+00
2.351999999999999957e+01,2.399353690496671465e+00
2.353000000000000114e+01,2.392063492071228481e+00
2.354000000000000270e+01,2.359799393205652684e+00
2.355000000000000071e+01,2.374473107473159761e+00
2.356000000000000227e+01,2.459225297530019283e+00
2.357000000000000028e+01,2.590294096150852265e+00
2.358000000000000185e+01,2.725277933852376933e+00
2.358999999999999986e+01,2.901871196447433743e+00
2.360000000000000142e+01,3.128283966901225011e+00
2.360999999999999943e+01,3.376158297599006541e+00
2.362000000000000099e+01,3.615201152569462284e+00
2.363000000000000256e+01,3.797710636763476533e+00
2.364000000000000057e+01,3.874067328871268590e+00
2.365000000000000213e+01,3.865932463068685099e+00
2.366000000000000014e+01,3.817563737003314195e+00
2.367000000000000171e+01,3.723757014309831970e+00
2.367999999999999972e+01,3.620293841093392917e+00
2.369000000000000128e+01,3.587485313065728043e+00
2.370000000000000284e+01,3.716795695125293619e+00
2.371000000000000085e+01,3.978230262964971065e+00
2.372000000000000242e+01,4.260623505604578476e+00
2.373000000000000043e+01,4.480000108530370895e+00
2.374000000000000199e+01,4.616572369240358853e+00
2.375000000000000000e+01,4.700740646675643397e+00
2.376000000000000156e+01,4.732479326309310785e+00
2.376999999999999957e+01,4.686978719346432953e+00
2.378000000000000114e+01,4.603104777590234953e+00
2.379000000000000270e+01,4.549946779005912489e+00
2.380000000000000071e+01,4.609353428052635593e+00
2.381000000000000227e+01,4.680759909511365002e+00
2.382000000000000028e+01,4.686662671807178882e+00
2.383000000000000185e+01,4.669516635721471687e+00
2.383999999999999986e+01,4.698442134228648648e+00
2.385000000000000142e+01,4.791576341395195726e+00
2.385999999999999943e+01,4.888919397176749726e+00
2.387000000000000099e+01,4.903700857649418765e+00
2.388000000000000256e+01,4.805796801830603648e+00
2.389000000000000057e+01,4.694132280243687561e+00
2.390000000000000213e+01,4.714607172085198528e+00
2.391000000000000014e+01,4.854119900574416668e+00
2.392000000000000171e+01,5.034958307690175161e+00
2.392999999999999972e+01,5.175565861305972959e+00
2.394000000000000128e+01,5.292772739208881028e+00
2.395000000000000284e+01,5.429817954404252411e+00
2.396000000000000085e+01,5.518130170465796347e+00
2.397000000000000242e+01,5.506585990402983022e+00
2.398000000000000043e+01,5.450161064664862387e+00
2.399000000000000199e+01,5.460396102109858596e+00
2.400000000000000000e+01,5.540336920924678665e+00
2.401000000000000156e+01,5.597907136096536895e+00
2.401999999999999957e+01,5.602431893010959563e+00
2.403000000000000114e+01,5.646707931785036827e+00
2.404000000000000270e+01,5.765754777472180237e+00
2.405000000000000071e+01,5.910269348587647187e+00
2.406000000000000227e+01,5.999190669017826494e+00
2.407000000000000028e+01,5.963726546900295133e+00
2.408000000000000185e+01,5.914830877068685488e+00
2.408999999999999986e+01,5.930017474059415150e+00
2.410000000000000142e+01,5.969565024970589384e+00
2.410999999999999943e+01,5.990326857514484793e+00
2.412000000000000099e+01,6.027871858571654862e+00
2.413000000000000256e+01,6.120743346788223960e+00
2.414000000000000057e+01,6.263757596655976201e+00
2.415000000000000213e+01,6.407304998383741790e+00
2.416000000000000014e+01,6.455482248176197757e+00
2.417000000000000171e+01,6.408039216844630737e+00
2.417999999999999972e+01,6.370272591069871204e+00
2.419000000000000128e+01,6.380273158335986849e+00
2.420000000000000284e+01,6.449245591935306443e+00
2.421000000000000085e+01,6.720377147345304003e+00
2.422000000000000242e+01,6.677056903383781439e+00
2.423000000000000043e+01,6.614762809085689810e+00
2.424000000000000199e+01,6.525926802455635389e+00
2.425000000000000000e+01,6.440245032303430150e+00
2.426000000000000156e+01,6.409388858794261346e+00
2.426999999999999957e+01,6.454409135629690653e+00
2.428000000000000114e+01,6.501535569179022644e+00
2.429000000000000270e+01,6.475015771072762050e+00
2.430000000000000071e+01,6.426897772939600628e+00
2.431000000000000227e+01,6.433117397532553738e+00
2.432000000000000028e+01,6.486139660248535499e+00
2.433000000000000185e+01,6.549841061207592574e+00
2.433999999999999986e+01,6.563601761479439745e+00
2.435000000000000142e+01,6.601878736032722017e+00
2.435999999999999943e+01,6.706386927570537004e+00
2.437000000000000099e+01,6.818562753111904406e+00
2.438000000000000256e+01,6.858447943441723815e+00
2.439000000000000057e+01,6.837767035122578108e+00
2.440000000000000213e+01,6.875987044176349983e+00
2.441000000000000014e+01,6.943693828109429589e+00
2.442000000000000171e+01,6.990638330570106085e+00
2.442999999999999972e+01,6.996567604008697039e+00
2.444000000000000128e+01,6.965953963584670561e+00
2.445000000000000284e+01,6.941139888968166360e+00
2.446000000000000085e+01,6.948721147609887794e+00
2.447000000000000242e+01,6.904548313763714695e+00
2.448000000000000043e+01,6.755422612632884238e+00
2.449000000000000199e+01,6.574799669868276020e+00
2.450000000000000000e+01,6.459796081861719053e+00
2.451000000000000156e+01,6.410951507475625810e+00
2.451999999999999957e+01,6.409630864001530703e+00
2.453000000000000114e+01,6.449307914770701089e+00
2.454000000000000270e+01,6.491685373300296824e+00
2.455000000000000071e+01,6.536359141961597174e+00
2.456000000000000227e+01,6.593245118163653551e+00
2.457000000000000028e+01,6.622399125596977854e+00
2.458000000000000185e+01,6.630743061436176866e+00
2.458999999999999986e+01,6.621646145253798466e+00
2.460000000000000142e+01,6.586433604053629765e+00
2.460999999999999943e+01,6.585675158642127158e+00
2.462000000000000099e+01,6.690029896355381922e+00
2.463000000000000256e+01,6.859787550718935201e+00
2.464000000000000057e+01,7.009548286405908435e+00
2.465000000000000213e+01,7.101517149521009209e+00
2.466000000000000014e+01,7.124087970739552134e+00
2.467000000000000171e+01,7.110007491949358993e+00
2.467999999999999972e+01,6.166495903041241178e+00
2.469000000000000128e+01,6.212330458550449741e+00
2.470000000000000284e+01,6.843357734088142408e+00
2.471000000000000085e+01,6.749723699236583663e+00
2.472000000000000242e+01,6.779551784485165378e+00
2.473000000000000043e+01,6.849198390589662289e+00
2.474000000000000199e+01,6.864594762071829059e+00
2.475000000000000000e+01,6.856257500490951173e+00
2.476000000000000156e+01,6.888133347277579865e+00
2.476999999999999957e+01,6.230723741185147269e+00
2.478000000000000114e+01,6.282195603824994201e+00
2.479000000000000270e+01,6.810304089021917306e+00
2.480000000000000071e+01,6.586806356897399795e+00
2.481000000000000227e+01,6.407264928803553694e+00
2.482000000000000028e+01,6.325801740285654340e+00
2.483000000000000185e+01,6.321066308373058718e+00
2.483999999999999986e+01,6.372787008529627428e+00
2.485000000000000142e+01,6.463962718588421197e+00
2.485999999999999943e+01,6.615512294509020563e+00
2.487000000000000099e+01,6.800839762573442471e+00
2.488000000000000256e+01,6.434703550341522416e+00
2.489000000000000057e+01,6.340068840243968218e+00
2.490000000000000213e+01,6.353341763253517627e+00
2.491000000000000014e+01,6.376015078079535492e+00
2.492000000000000171e+01,6.355350480201464869e+00
2.492999999999999972e+01,6.318485055794027083e+00
2.494000000000000128e+01,6.310876540444430915e+00
2.495000000000000284e+01,6.304814370321951245e+00
2.496000000000000085e+01,6.252030008169833231e+00
2.497000000000000242e+01,6.166692656426604913e+00
2.498000000000000043e+01,6.051479401604134445e+00
2.499000000000000199e+01,5.935017502843142445e+00
2.500000000000000000e+01,5.815831109624381767e+00
2.501000000000000156e+01,5.677382778913489858e+00
2.501999999999999957e+01,5.562444970634417452e+00
2.503000000000000114e+01,5.504383240603448080e+00
2.504000000000000270e+01,5.482528042114052980e+00
2.505000000000000071e+01,5.432514878848288653e+00
2.506000000000000227e+01,5.363179136065931552e+00
2.507000000000000028e+01,5.347993271125735859e+00
2.508000000000000185e+01,5.408931511961649008e+00
2.508999999999999986e+01,5.555060191390325919e+00
2.510000000000000142e+01,5.716249734764256019e+00
2.510999999999999943e+01,5.780954252648133007e+00
2.512000000000000099e+01,5.779759621870307562e+00
2.513000000000000256e+01,5.785445507331513859e+00
2.514000000000000057e+01,5.737531588056769216e+00
2.515000000000000213e+01,5.612595159127822697e+00
2.516000000000000014e+01,5.464131031242796865e+00
2.517000000000000171e+01,5.389710249432140721e+00
2.517999999999999972e+01,5.384599851597480225e+00
2.519000000000000128e+01,5.377006995357453967e+00
2.520000000000000284e+01,5.365950114523753811e+00
2.521000000000000085e+01,5.365644137510498624e+00
2.522000000000000242e+01,5.378856999910600400e+00
2.523000000000000043e+01,5.355595980975187409e+00
2.524000000000000199e+01,5.257232369677454997e+00
2.525000000000000000e+01,5.113575709626966947e+00
2.526000000000000156e+01,4.977190350873694769e+00
2.526999999999999957e+01,4.873744555159609249e+00
2.528000000000000114e+01,4.790590711383597267e+00
2.529000000000000270e+01,4.708049205226999767e+00
2.530000000000000071e+01,4.620645397234897978e+00
2.531000000000000227e+01,4.518531211127749359e+00
2.532000000000000028e+01,4.403571012129923190e+00
2.533000000000000185e+01,4.303745193070604991e+00
2.533999999999999986e+01,4.212159085640776013e+00
2.535000000000000142e+01,4.139685741306448286e+00
2.536000000000000298e+01,4.105393619006147077e+00
2.537000000000000099e+01,4.058976985146038885e+00
2.538000000000000256e+01,3.943318466180315784e+00
2.539000000000000057e+01,3.821789922267487594e+00
2.540000000000000213e+01,3.752579906471221527e+00
2.541000000000000014e+01,3.677532076814466144e+00
2.542000000000000171e+01,3.587105978246551530e+00
2.542999999999999972e+01,3.530377559108079044e+00
2.544000000000000128e+01,3.544187824947776289e+00
2.545000000000000284e+01,3.612747966783214970e+00
2.546000000000000085e+01,3.685023608105757909e+00
2.547000000000000242e+01,3.783246305912660201e+00
2.548000000000000043e+01,3.957845331868035554e+00
2.549000000000000199e+01,4.146574185538029589e+00
2.550000000000000000e+01,4.244191735577775404e+00
2.551000000000000156e+01,4.262282579153380269e+00
2.551999999999999957e+01,4.290555316764736560e+00
2.553000000000000114e+01,4.305923668003493354e+00
2.554000000000000270e+01,4.270581211161896817e+00
2.555000000000000071e+01,4.231369992541802461e+00
2.556000000000000227e+01,4.217822479693362325e+00
2.557000000000000028e+01,4.205131124394884345e+00
2.558000000000000185e+01,4.202526806677002291e+00
2.558999999999999986e+01,4.229218361728388942e+00
2.560000000000000142e+01,4.292315354578265740e+00
2.561000000000000298e+01,4.380293890193209805e+00
2.562000000000000099e+01,4.432419318712580214e+00
2.563000000000000256e+01,4.383663266993911733e+00
2.564000000000000057e+01,4.312097585545123124e+00
2.565000000000000213e+01,4.299059241011457644e+00
2.566000000000000014e+01,4.315991966018255965e+00
2.567000000000000171e+01,4.344485843972635486e+00
2.567999999999999972e+01,4.407231892619503988e+00
2.569000000000000128e+01,4.464883506219476494e+00
2.570000000000000284e+01,4.463455297588104997e+00
2.571000000000000085e+01,4.457343066164910717e+00
2.572000000000000242e+01,4.518451284326107320e+00
2.573000000000000043e+01,4.645472955114581914e+00
2.574000000000000199e+01,4.750397083376595830e+00
2.575000000000000000e+01,4.758183999483398097e+00
2.576000000000000156e+01,4.728921545290774908e+00
2.576999999999999957e+01,4.709156606166592596e+00
2.578000000000000114e+01,4.675688366124996165e+00
2.579000000000000270e+01,4.664861514936097464e+00
2.580000000000000071e+01,4.723030854863201178e+00
2.581000000000000227e+01,4.791913088429357259e+00
2.582000000000000028e+01,4.796573938484089084e+00
2.583000000000000185e+01,4.783228463262132912e+00
2.583999999999999986e+01,4.839838035455512610e+00
2.585000000000000142e+01,4.961696919590371735e+00
2.586000000000000298e+01,5.087318429894086336e+00
2.587000000000000099e+01,5.231835584177068732e+00
2.588000000000000256e+01,5.379563036170254442e+00
2.589000000000000057e+01,5.471756189007290772e+00
2.590000000000000213e+01,5.564865510871009668e+00
2.591000000000000014e+01,5.721014840024398751e+00
2.592000000000000171e+01,5.923834822750526641e+00
2.592999999999999972e+01,6.074167882721880574e+00
2.594000000000000128e+01,6.125426936360732988e+00
2.595000000000000284e+01,6.104619910808832373e+00
2.596000000000000085e+01,6.040697149685404277e+00
2.597000000000000242e+01,5.912860427646210226e+00
2.598000000000000043e+01,5.728612687346628540e+00
2.599000000000000199e+01,5.546520797973975903e+00
2.600000000000000000e+01,5.469443033851818292e+00
2.601000000000000156e+01,5.521760770045396782e+00
2.601999999999999957e+01,5.572476111490087369e+00
2.603000000000000114e+01,5.460990162981132379e+00
2.604000000000000270e+01,5.300440971814342817e+00
2.605000000000000071e+01,5.213677576365613575e+00
2.606000000000000227e+01,5.210216219993455411e+00
2.607000000000000028e+01,5.270050618494735772e+00
2.608000000000000185e+01,5.293390843257946621e+00
2.608999999999999986e+01,5.256167484866763218e+00
2.610000000000000142e+01,5.195562173989521249e+00
2.611000000000000298e+01,5.130391511145842465e+00
2.612000000000000099e+01,5.110718329518523895e+00
2.613000000000000256e+01,5.143856582183063963e+00
2.614000000000000057e+01,5.157954782278520334e+00
2.615000000000000213e+01,5.139595110009925527e+00
2.616000000000000014e+01,5.167372091961741631e+00
2.617000000000000171e+01,5.216194582472461150e+00
2.617999999999999972e+01,5.169969993359301519e+00
2.619000000000000128e+01,5.051941399107593433e+00
2.620000000000000284e+01,4.954544736874733069e+00
2.621000000000000085e+01,4.935198439863492936e+00
2.622000000000000242e+01,4.992309793234731785e+00
2.623000000000000043e+01,5.115513927327146604e+00
2.624000000000000199e+01,5.292162697899044588e+00
2.625000000000000000e+01,5.545364689063037034e+00
2.626000000000000156e+01,5.810600199254133180e+00
2.626999999999999957e+01,5.972091239266810625e+00
2.628000000000000114e+01,5.959917918577477103e+00
2.629000000000000270e+01,5.865028137837113853e+00
2.630000000000000071e+01,5.810240805906580874e+00
2.631000000000000227e+01,5.786200604824427884e+00
2.632000000000000028e+01,5.766132739256036643e+00
2.633000000000000185e+01,5.738947201692290889e+00
2.633999999999999986e+01,5.665021503737024844e+00
2.635000000000000142e+01,5.544740925844277690e+00
2.636000000000000298e+01,5.377369679992271223e+00
2.637000000000000099e+01,5.215142262777702875e+00
2.638000000000000256e+01,5.116330809193782692e+00
2.639000000000000057e+01,5.107942108064187359e+00
2.640000000000000213e+01,5.170459729221484224e+00
2.641000000000000014e+01,5.224277863388393506e+00
2.642000000000000171e+01,5.267175238868202491e+00
2.642999999999999972e+01,5.356470941726613866e+00
2.644000000000000128e+01,5.451382821405475809e+00
2.645000000000000284e+01,5.532834539794943218e+00
2.646000000000000085e+01,5.617692918211584008e+00
2.647000000000000242e+01,5.759056853044174140e+00
2.648000000000000043e+01,5.934141623786508113e+00
2.649000000000000199e+01,6.013653225600608110e+00
2.650000000000000000e+01,5.962094251275621204e+00
2.651000000000000156e+01,5.875725697716726259e+00
2.651999999999999957e+01,5.842901373262500364e+00
2.653000000000000114e+01,5.874381498370286003e+00
2.654000000000000270e+01,5.922682580523148665e+00
2.655000000000000071e+01,5.904792775612824229e+00
2.656000000000000227e+01,5.806237571078953330e+00
2.657000000000000028e+01,5.684802876498629587e+00
2.658000000000000185e+01,5.582209125136394334e+00
2.658999999999999986e+01,5.519924260961879270e+00
2.660000000000000142e+01,5.502111076789722333e+00
2.661000000000000298e+01,5.493847620205325910e+00
2.662000000000000099e+01,5.423882310996100742e+00
2.663000000000000256e+01,5.340105380480016706e+00
2.664000000000000057e+01,5.339320647828436073e+00
2.665000000000000213e+01,5.440385315720817516e+00
2.666000000000000014e+01,5.584211023222260373e+00
2.667000000000000171e+01,5.691402828721010998e+00
2.667999999999999972e+01,5.705146831320917045e+00
2.669000000000000128e+01,5.654665538590859519e+00
2.670000000000000284e+01,5.600081692153517032e+00
2.671000000000000085e+01,5.579213070608459724e+00
2.672000000000000242e+01,5.602886255026150231e+00
2.673000000000000043e+01,5.652007451527652826e+00
2.674000000000000199e+01,5.660026817090356488e+00
2.675000000000000000e+01,5.591291721040217766e+00
2.676000000000000156e+01,5.535289440584357123e+00
2.676999999999999957e+01,5.540081641717996774e+00
2.678000000000000114e+01,5.580729405037308410e+00
2.679000000000000270e+01,5.642494421174329311e+00
2.680000000000000071e+01,5.721017459597510957e+00
2.681000000000000227e+01,5.787953815831573756e+00
2.682000000000000028e+01,5.801561840820948390e+00
2.683000000000000185e+01,5.778983015532941359e+00
2.683999999999999986e+01,5.776113506573821610e+00
2.685000000000000142e+01,5.840102549433002999e+00
2.686000000000000298e+01,5.985296931308885071e+00
2.687000000000000099e+01,6.140648801517889943e+00
2.688000000000000256e+01,6.212662137396701922e+00
2.689000000000000057e+01,6.202052392820179172e+00
2.690000000000000213e+01,6.194057118580012400e+00
2.691000000000000014e+01,6.232839785661905552e+00
2.692000000000000171e+01,6.940086940954270034e+00
2.692999999999999972e+01,6.942186972432821790e+00
2.694000000000000128e+01,7.028022132970625613e+00
2.695000000000000284e+01,7.143777807759981613e+00
2.696000000000000085e+01,7.226837849828997129e+00
2.697000000000000242e+01,6.163413088162579712e+00
2.698000000000000043e+01,6.135440241832252006e+00
2.699000000000000199e+01,6.162915734647744337e+00
2.700000000000000000e+01,6.180933268476998421e+00
2.701000000000000156e+01,6.144019103438699503e+00
2.701999999999999957e+01,6.088976531039117290e+00
2.703000000000000114e+01,6.101742598325849087e+00
2.704000000000000270e+01,7.550227171205245114e+00
2.705000000000000071e+01,7.440589253793278068e+00
2.706000000000000227e+01,7.395117365981692892e+00
2.707000000000000028e+01,7.445957775170700010e+00
2.708000000000000185e+01,7.505464250672040372e+00
2.708999999999999986e+01,7.506877195695690119e+00
2.710000000000000142e+01,7.499914007660621884e+00
2.711000000000000298e+01,7.554333687759696048e+00
2.712000000000000099e+01,7.663906673266603242e+00
2.713000000000000256e+01,7.760180582216405831e+00
2.714000000000000057e+01,7.756908913180931009e+00
2.715000000000000213e+01,7.676457927586135099e+00
2.716000000000000014e+01,7.609010733742210597e+00
2.717000000000000171e+01,7.578696680597530211e+00
2.717999999999999972e+01,7.593823570100639131e+00
2.719000000000000128e+01,7.666574867375977043e+00
2.720000000000000284e+01,7.759757405588205259e+00
2.721000000000000085e+01,7.840556073654788349e+00
2.722000000000000242e+01,7.911729159780182208e+00
2.723000000000000043e+01,7.975514690922775429e+00
2.724000000000000199e+01,8.027319996855052153e+00
2.725000000000000000e+01,8.073825604217681473e+00
2.726000000000000156e+01,8.121220573566574785e+00
2.726999999999999957e+01,8.157103958624592366e+00
2.728000000000000114e+01,8.186929422463588679e+00
2.729000000000000270e+01,8.226790349906153210e+00
2.730000000000000071e+01,8.269618935498842305e+00
2.731000000000000227e+01,8.340192651922135880e+00
2.732000000000000028e+01,8.463406693720974872e+00
2.733000000000000185e+01,8.587310350454849583e+00
2.733999999999999986e+01,8.594449408960471715e+00
2.735000000000000142e+01,8.496873000547966015e+00
2.736000000000000298e+01,8.444248311328191647e+00
2.737000000000000099e+01,8.513628376165828016e+00
2.738000000000000256e+01,5.743962578396547336e+00
2.739000000000000057e+01,5.540492694778198057e+00
2.740000000000000213e+01,5.464346682976921166e+00
2.741000000000000014e+01,5.500478366773212002e+00
2.742000000000000171e+01,5.573281478174666681e+00
2.742999999999999972e+01,5.636357435941137695e+00
2.744000000000000128e+01,5.650175222377119333e+00
2.745000000000000284e+01,5.536734503372057858e+00
2.746000000000000085e+01,5.259065378148843450e+00
2.747000000000000242e+01,4.942698969898419392e+00
2.748000000000000043e+01,4.691351062606679001e+00
2.749000000000000199e+01,4.552645947324091225e+00
2.750000000000000000e+01,4.514163662047220527e+00
2.751000000000000156e+01,4.491365079874313437e+00
2.751999999999999957e+01,4.418624130494947622e+00
2.753000000000000114e+01,4.398860022287497173e+00
2.754000000000000270e+01,4.476050562201803196e+00
2.755000000000000071e+01,4.601393881089728133e+00
2.756000000000000227e+01,4.659860695416650600e+00
2.757000000000000028e+01,4.621991876160529422e+00
2.758000000000000185e+01,4.562318584922039122e+00
2.758999999999999986e+01,4.511581454505759758e+00
2.760000000000000142e+01,4.475808803459345953e+00
2.761000000000000298e+01,4.403713178459676136e+00
2.762000000000000099e+01,4.346070172939935361e+00
2.763000000000000256e+01,4.344549571044719727e+00
2.764000000000000057e+01,4.406856189965941084e+00
2.765000000000000213e+01,4.490080795738100150e+00
2.766000000000000014e+01,4.494482140001684556e+00
2.767000000000000171e+01,4.413183366366114413e+00
2.767999999999999972e+01,4.306174578404457165e+00
2.769000000000000128e+01,4.307680978457305798e+00
2.770000000000000284e+01,4.410804597436275287e+00
2.771000000000000085e+01,4.495119279956576896e+00
2.772000000000000242e+01,4.527070849135574448e+00
2.773000000000000043e+01,4.517059112607197946e+00
2.774000000000000199e+01,4.454789709491556948e+00
2.775000000000000000e+01,4.329450282953781759e+00
2.776000000000000156e+01,4.181546319349355834e+00
2.776999999999999957e+01,4.073106708985705815e+00
2.778000000000000114e+01,4.006978537233120363e+00
2.779000000000000270e+01,3.945279348276698350e+00
2.780000000000000071e+01,3.897083841697174478e+00
2.781000000000000227e+01,3.928719918834169267e+00
2.782000000000000028e+01,4.060242342510965052e+00
2.783000000000000185e+01,4.213474987512770831e+00
2.783999999999999986e+01,4.289614095517042536e+00
2.785000000000000142e+01,4.238637891273441483e+00
2.786000000000000298e+01,4.137918893765807127e+00
2.787000000000000099e+01,4.089773998603071448e+00
2.788000000000000256e+01,4.110670994034880010e+00
2.789000000000000057e+01,4.204719928928354555e+00
2.790000000000000213e+01,4.365410033558562830e+00
2.791000000000000014e+01,4.498576188028197365e+00
2.792000000000000171e+01,4.441649759861995506e+00
2.792999999999999972e+01,4.309470862694738891e+00
2.794000000000000128e+01,4.203428767344044914e+00
2.795000000000000284e+01,4.121802641917315491e+00
2.796000000000000085e+01,4.105162067219837674e+00
2.797000000000000242e+01,4.156762656991552340e+00
2.798000000000000043e+01,4.221159743928672547e+00
2.799000000000000199e+01,4.223537727553054566e+00
2.800000000000000000e+01,4.246269637975038869e+00
2.801000000000000156e+01,4.361907940069217560e+00
2.801999999999999957e+01,4.529802808424078009e+00
2.803000000000000114e+01,4.606606727302176019e+00
2.804000000000000270e+01,4.544586589348178052e+00
2.805000000000000071e+01,4.449425891979239545e+00
2.806000000000000227e+01,4.374405475861006032e+00
2.807000000000000028e+01,4.345951326480593124e+00
2.808000000000000185e+01,4.365514957089982495e+00
2.808999999999999986e+01,4.431670409219049311e+00
2.810000000000000142e+01,4.548230977110032214e+00
2.811000000000000298e+01,4.697476821457095220e+00
2.812000000000000099e+01,4.828585715820514324e+00
2.813000000000000256e+01,4.948622558785991998e+00
2.814000000000000057e+01,5.083510287233129255e+00
2.815000000000000213e+01,5.131884716907496369e+00
2.816000000000000014e+01,5.045841262007932926e+00
2.817000000000000171e+01,4.914602122194637879e+00
2.817999999999999972e+01,4.817665769031512113e+00
2.819000000000000128e+01,4.769752469385934113e+00
2.820000000000000284e+01,4.731432887568754353e+00
2.821000000000000085e+01,4.659480151731743014e+00
2.822000000000000242e+01,4.598142802561352660e+00
2.823000000000000043e+01,4.600619161331562346e+00
2.824000000000000199e+01,4.693979303126858404e+00
2.825000000000000000e+01,4.861571244665358726e+00
2.826000000000000156e+01,5.045072693827941102e+00
2.827000000000000313e+01,5.192151246848103696e+00
2.828000000000000114e+01,5.329088605938450129e+00
2.829000000000000270e+01,5.429347012412681472e+00
2.830000000000000071e+01,5.452907271288490954e+00
2.831000000000000227e+01,5.451997473682632211e+00
2.832000000000000028e+01,5.498546665594464145e+00
2.833000000000000185e+01,5.525677705422798347e+00
2.833999999999999986e+01,5.446033602402597928e+00
2.835000000000000142e+01,5.299365184163217002e+00
2.836000000000000298e+01,5.156636359942185166e+00
2.837000000000000099e+01,5.092089645082989335e+00
2.838000000000000256e+01,5.084751994875776226e+00
2.839000000000000057e+01,5.126503961947685539e+00
2.840000000000000213e+01,5.207664907434748081e+00
2.841000000000000014e+01,5.295447077173319528e+00
2.842000000000000171e+01,5.230461354377017535e+00
2.842999999999999972e+01,5.064871944405052950e+00
2.844000000000000128e+01,4.941966101448341142e+00
2.845000000000000284e+01,4.883384364840297920e+00
2.846000000000000085e+01,4.852177926087448689e+00
2.847000000000000242e+01,4.840262005532363965e+00
2.848000000000000043e+01,4.849196696633019776e+00
2.849000000000000199e+01,4.837617351737027782e+00
2.850000000000000000e+01,4.799020909250960365e+00
2.851000000000000156e+01,4.754560171037483407e+00
2.852000000000000313e+01,4.754484755517964345e+00
2.853000000000000114e+01,4.755383075703497830e+00
2.854000000000000270e+01,4.693055148217858630e+00
2.855000000000000071e+01,4.668014097473535351e+00
2.856000000000000227e+01,4.734894349316051354e+00
2.857000000000000028e+01,4.828717696569836626e+00
2.858000000000000185e+01,4.888659391012295963e+00
2.858999999999999986e+01,4.895279330697605680e+00
2.860000000000000142e+01,4.841697878464354510e+00
2.861000000000000298e+01,4.750727587986389722e+00
2.862000000000000099e+01,4.681718509959524432e+00
2.863000000000000256e+01,4.709578687272704123e+00
2.864000000000000057e+01,4.847508278561503126e+00
2.865000000000000213e+01,5.044472344302436184e+00
2.866000000000000014e+01,5.232438836103956881e+00
2.867000000000000171e+01,5.345182759735230604e+00
2.867999999999999972e+01,5.409787562885950862e+00
2.869000000000000128e+01,5.443936088213683355e+00
2.870000000000000284e+01,5.376534394748190948e+00
2.871000000000000085e+01,5.239179075691951404e+00
2.872000000000000242e+01,5.151268361835388276e+00
2.873000000000000043e+01,5.200838411716134146e+00
2.874000000000000199e+01,5.350252501383677028e+00
2.875000000000000000e+01,5.485580996838984369e+00
2.876000000000000156e+01,5.565819194777624546e+00
2.877000000000000313e+01,5.614549481880398041e+00
2.878000000000000114e+01,5.621184728106887185e+00
2.879000000000000270e+01,5.593950402510868614e+00
2.880000000000000071e+01,5.547651671568432974e+00
2.881000000000000227e+01,5.525272653449455618e+00
2.882000000000000028e+01,5.545996012781449380e+00
2.883000000000000185e+01,5.556892180579102281e+00
2.883999999999999986e+01,5.585894671712461346e+00
2.885000000000000142e+01,5.674698325478979122e+00
2.886000000000000298e+01,5.830064333985779612e+00
2.887000000000000099e+01,7.980347758916023437e+00
2.888000000000000256e+01,7.907932620930012035e+00
2.889000000000000057e+01,7.932216362072141536e+00
2.890000000000000213e+01,7.994580912696799047e+00
2.891000000000000014e+01,5.917058442268369411e+00
2.892000000000000171e+01,5.842884320005062193e+00
2.892999999999999972e+01,5.787700490717003099e+00
2.894000000000000128e+01,5.782662793008594093e+00
2.895000000000000284e+01,5.864478447914306614e+00
2.896000000000000085e+01,8.252545633210699449e+00
2.897000000000000242e+01,8.264784646630788600e+00
2.898000000000000043e+01,8.319688818911497918e+00
2.899000000000000199e+01,8.390948017575677653e+00
2.900000000000000000e+01,8.443378967285502412e+00
2.901000000000000156e+01,8.471129529543874881e+00
2.902000000000000313e+01,8.507817094108196088e+00
2.903000000000000114e+01,5.854980699652128528e+00
2.904000000000000270e+01,8.491811765418555424e+00
2.905000000000000071e+01,8.385541152593567915e+00
2.906000000000000227e+01,8.360666326615735500e+00
2.907000000000000028e+01,8.481893137227730861e+00
2.908000000000000185e+01,8.664860793280006135e+00
2.908999999999999986e+01,8.785311504761798673e+00
2.910000000000000142e+01,8.776459880982137918e+00
2.911000000000000298e+01,8.736916915980202702e+00
2.912000000000000099e+01,8.761624140800380545e+00
2.913000000000000256e+01,8.839943846559490837e+00
2.914000000000000057e+01,8.911976957129995824e+00
2.915000000000000213e+01,8.908538167516654838e+00
2.916000000000000014e+01,8.809097360197638338e+00
2.917000000000000171e+01,8.682535129501578908e+00
2.917999999999999972e+01,8.602886037311025191e+00
2.919000000000000128e+01,8.566809798742411886e+00
2.920000000000000284e+01,8.578208560633450830e+00
2.921000000000000085e+01,8.675348707841141760e+00
2.922000000000000242e+01,5.790339772995280576e+00
2.923000000000000043e+01,5.735997446654384824e+00
2.924000000000000199e+01,5.698674702758123267e+00
2.925000000000000000e+01,5.657408611464117776e+00
2.926000000000000156e+01,5.645557861312279435e+00
2.927000000000000313e+01,5.713729356796512171e+00
2.928000000000000114e+01,5.832662417614187689e+00
2.929000000000000270e+01,5.904063653211350626e+00
2.930000000000000071e+01,5.900820980189339870e+00
2.931000000000000227e+01,5.851063073617285504e+00
2.932000000000000028e+01,5.740144575345238920e+00
2.933000000000000185e+01,5.564462115646962914e+00
2.933999999999999986e+01,5.390241868185801088e+00
2.935000000000000142e+01,5.284556871382811494e+00
2.936000000000000298e+01,5.239483332306750896e+00
2.937000000000000099e+01,5.173626545477032046e+00
2.938000000000000256e+01,5.072542642271279156e+00
2.939000000000000057e+01,5.006734692750790749e+00
2.940000000000000213e+01,5.020935485530916509e+00
2.941000000000000014e+01,5.086517825368489731e+00
2.942000000000000171e+01,5.097399038115181469e+00
2.942999999999999972e+01,4.991963045036792224e+00
2.944000000000000128e+01,4.835136364163315825e+00
2.945000000000000284e+01,4.687658613202827951e+00
2.946000000000000085e+01,4.578364725030824367e+00
2.947000000000000242e+01,4.519709973145065618e+00
2.948000000000000043e+01,4.492571539938383651e+00
2.949000000000000199e+01,4.444730802160114180e+00
2.950000000000000000e+01,4.366814894472749842e+00
2.951000000000000156e+01,4.304480636688069239e+00
2.952000000000000313e+01,4.290832270834767037e+00
2.953000000000000114e+01,4.333849711400232785e+00
2.954000000000000270e+01,4.418182124716786063e+00
2.955000000000000071e+01,4.515158761669621157e+00
2.956000000000000227e+01,4.599065191908435324e+00
2.957000000000000028e+01,4.670144047965803402e+00
2.958000000000000185e+01,4.725048393940304514e+00
2.958999999999999986e+01,4.723276699013559288e+00
2.960000000000000142e+01,4.650623611662439316e+00
2.961000000000000298e+01,4.567997062987350532e+00
2.962000000000000099e+01,4.536853233684853492e+00
2.963000000000000256e+01,4.567283860475830792e+00
2.964000000000000057e+01,4.618066356201166123e+00
2.965000000000000213e+01,4.655780936301928463e+00
2.966000000000000014e+01,4.697965993766062276e+00
2.967000000000000171e+01,4.783505131177985703e+00
2.967999999999999972e+01,4.918280397719580144e+00
2.969000000000000128e+01,5.042242369952128378e+00
2.970000000000000284e+01,5.103741102072070213e+00
2.971000000000000085e+01,5.115712783489223092e+00
2.972000000000000242e+01,5.107187026765237725e+00
2.973000000000000043e+01,5.107473123289915762e+00
2.974000000000000199e+01,5.121771731327167565e+00
2.975000000000000000e+01,5.146801950008640603e+00
2.976000000000000156e+01,5.181545333114878638e+00
2.977000000000000313e+01,5.223365616386963950e+00
2.978000000000000114e+01,5.273528228527342598e+00
2.979000000000000270e+01,5.336241925203857761e+00
2.980000000000000071e+01,5.407274563364627973e+00
2.981000000000000227e+01,5.475780953729535661e+00
2.982000000000000028e+01,5.514901135196733861e+00
2.983000000000000185e+01,5.508750210904241662e+00
2.983999999999999986e+01,5.486827384584902489e+00
2.985000000000000142e+01,5.477646750220952043e+00
2.986000000000000298e+01,5.479492021656415801e+00
2.987000000000000099e+01,5.463384412562305670e+00
2.988000000000000256e+01,5.437039412999712162e+00
2.989000000000000057e+01,5.449227910666644803e+00
2.990000000000000213e+01,5.485995927062910837e+00
2.991000000000000014e+01,5.501300846733617966e+00
2.992000000000000171e+01,5.510925979152921705e+00
2.992999999999999972e+01,5.553367724331080169e+00
2.994000000000000128e+01,5.644242587035035008e+00
2.995000000000000284e+01,5.775349791842522507e+00
2.996000000000000085e+01,8.061095564629164656e+00
2.997000000000000242e+01,8.057573574147740558e+00
2.998000000000000043e+01,8.176958833485038269e+00
2.999000000000000199e+01,8.328895260275279711e+00
3.000000000000000000e+01,8.439348784299534501e+00
3.001000000000000156e+01,8.477313831356148910e+00
3.002000000000000313e+01,8.466212672764605429e+00
3.003000000000000114e+01,8.490131822610823775e+00
3.004000000000000270e+01,8.559482391876191087e+00
3.005000000000000071e+01,8.613102036439880038e+00
3.006000000000000227e+01,8.640419547986789794e+00
3.007000000000000028e+01,8.690878006023455171e+00
3.008000000000000185e+01,8.797677371006257019e+00
3.008999999999999986e+01,5.816468733122480472e+00
3.010000000000000142e+01,5.822661280751504798e+00
3.011000000000000298e+01,5.805689447131452852e+00
3.012000000000000099e+01,5.758706892755755646e+00
3.013000000000000256e+01,5.705145967301437082e+00
3.014000000000000057e+01,5.692006779503844704e+00
3.015000000000000213e+01,5.693910718017517247e+00
3.016000000000000014e+01,5.628037236698704149e+00
3.017000000000000171e+01,5.534137824328075439e+00
3.017999999999999972e+01,5.507437255669408671e+00
3.019000000000000128e+01,5.567632373024247627e+00
3.020000000000000284e+01,5.623854014185169170e+00
3.021000000000000085e+01,5.632717988328128200e+00
3.022000000000000242e+01,5.625011643897500413e+00
3.023000000000000043e+01,5.611850326968647273e+00
3.024000000000000199e+01,5.585129711084001691e+00
3.025000000000000000e+01,5.511791521270593464e+00
3.026000000000000156e+01,5.416630476894682467e+00
3.027000000000000313e+01,5.381388474084831230e+00
3.028000000000000114e+01,5.430015750907898564e+00
3.029000000000000270e+01,5.429367041019435014e+00
3.030000000000000071e+01,5.356423204409240135e+00
3.031000000000000227e+01,5.311459348657797008e+00
3.032000000000000028e+01,5.333211119216811902e+00
3.033000000000000185e+01,5.423481508939229201e+00
3.033999999999999986e+01,5.555473926694814324e+00
3.035000000000000142e+01,5.660813768990873740e+00
3.036000000000000298e+01,8.614462565716797471e+00
3.037000000000000099e+01,8.416793196910330010e+00
3.038000000000000256e+01,5.716271576255425479e+00
3.039000000000000057e+01,5.637633345885058489e+00
3.040000000000000213e+01,5.540676170334709383e+00
3.041000000000000014e+01,5.479669161368360797e+00
3.042000000000000171e+01,5.430658367215953852e+00
3.042999999999999972e+01,5.379317914288049174e+00
3.044000000000000128e+01,5.356712963183188236e+00
3.045000000000000284e+01,5.401633572273787820e+00
3.046000000000000085e+01,5.427602722508583888e+00
3.047000000000000242e+01,5.378711646405606395e+00
3.048000000000000043e+01,5.325667258224363820e+00
3.049000000000000199e+01,5.303751070308738491e+00
3.050000000000000000e+01,5.347480634212861794e+00
3.051000000000000156e+01,5.424158559933728974e+00
3.052000000000000313e+01,5.489746672156504026e+00
3.053000000000000114e+01,5.523843612883351462e+00
3.054000000000000270e+01,5.546494336331020847e+00
3.055000000000000071e+01,5.575773781985576605e+00
3.056000000000000227e+01,5.613913583785998362e+00
3.057000000000000028e+01,5.686665935785294224e+00
3.058000000000000185e+01,5.808744809371320095e+00
3.058999999999999986e+01,8.351824085373506179e+00
3.060000000000000142e+01,8.241274111908838407e+00
3.061000000000000298e+01,8.205306155246258726e+00
3.062000000000000099e+01,8.266445114350181811e+00
3.063000000000000256e+01,8.326519640967946501e+00
3.064000000000000057e+01,8.332158796879474139e+00
3.065000000000000213e+01,8.340956798642528369e+00
3.066000000000000014e+01,8.405385777726147367e+00
3.067000000000000171e+01,8.512758835307680627e+00
3.067999999999999972e+01,8.590414337417024981e+00
3.069000000000000128e+01,8.598658476395257821e+00
3.070000000000000284e+01,8.571165364543842813e+00
3.071000000000000085e+01,8.582184409115724222e+00
3.072000000000000242e+01,8.602067015281210871e+00
3.073000000000000043e+01,8.568648685100585638e+00
3.074000000000000199e+01,8.524388193835438443e+00
3.075000000000000000e+01,8.551683102127675795e+00
3.076000000000000156e+01,8.628280537211397316e+00
3.077000000000000313e+01,8.663537840773189558e+00
3.078000000000000114e+01,8.610468197944639357e+00
3.079000000000000270e+01,8.530159940073613001e+00
3.080000000000000071e+01,8.487991707740803804e+00
3.081000000000000227e+01,8.491239265920047075e+00
3.082000000000000028e+01,8.518558008624523836e+00
3.083000000000000185e+01,5.750204362435063388e+00
3.083999999999999986e+01,5.726410189628361458e+00
3.085000000000000142e+01,5.639575284442090108e+00
3.086000000000000298e+01,5.499698533701333325e+00
3.087000000000000099e+01,5.394667667050696558e+00
3.088000000000000256e+01,5.409833789095330303e+00
3.089000000000000057e+01,5.498702297812517514e+00
3.090000000000000213e+01,5.591148039401889314e+00
3.091000000000000014e+01,5.593347440579174545e+00
3.092000000000000171e+01,5.508890161455449075e+00
3.092999999999999972e+01,5.412722873382530331e+00
3.094000000000000128e+01,5.321962519630713651e+00
3.095000000000000284e+01,5.251566337861599543e+00
3.096000000000000085e+01,5.237663637407066197e+00
3.097000000000000242e+01,5.299051439123328322e+00
3.098000000000000043e+01,5.374786328697823024e+00
3.099000000000000199e+01,5.387801558039532424e+00
3.100000000000000000e+01,5.321239722843801090e+00
3.101000000000000156e+01,5.227914640173061400e+00
3.102000000000000313e+01,5.151586491282325042e+00
3.103000000000000114e+01,5.127981908681207734e+00
3.104000000000000270e+01,5.187764851093374041e+00
3.105000000000000071e+01,5.301074161516931227e+00
3.106000000000000227e+01,5.351613340513535988e+00
3.107000000000000028e+01,5.321537180255833555e+00
3.108000000000000185e+01,5.299541510085455265e+00
3.108999999999999986e+01,5.334697002796790599e+00
3.110000000000000142e+01,5.412029022126561451e+00
3.111000000000000298e+01,5.430517348554496415e+00
3.112000000000000099e+01,5.317693483476698901e+00
3.113000000000000256e+01,5.177279248113134003e+00
3.114000000000000057e+01,5.139968448633668530e+00
3.115000000000000213e+01,5.213038791633218594e+00
3.116000000000000014e+01,5.333260374767728962e+00
3.117000000000000171e+01,5.445601402945933422e+00
3.118000000000000327e+01,5.509633362941197987e+00
3.119000000000000128e+01,5.502724467415114340e+00
3.120000000000000284e+01,5.445155068896472272e+00
3.121000000000000085e+01,5.374759824835071420e+00
3.122000000000000242e+01,5.335435887130465460e+00
3.123000000000000043e+01,5.355607687578114451e+00
3.124000000000000199e+01,5.444248052486163836e+00
3.125000000000000000e+01,5.597850779542852706e+00
3.126000000000000156e+01,5.814700555750984101e+00
3.127000000000000313e+01,7.660831141420884727e+00
3.128000000000000114e+01,7.539548298790119674e+00
3.129000000000000270e+01,7.570961090430263773e+00
3.130000000000000071e+01,7.651791442936745291e+00
3.131000000000000227e+01,7.699420609833185658e+00
3.132000000000000028e+01,7.746846792805508031e+00
3.133000000000000185e+01,7.822883191448277707e+00
3.133999999999999986e+01,5.840405740688858316e+00
3.135000000000000142e+01,5.831823494330717672e+00
3.136000000000000298e+01,5.829841368837095139e+00
3.137000000000000099e+01,5.811958343827651419e+00
3.138000000000000256e+01,5.792267687022224720e+00
3.139000000000000057e+01,5.754913271585457402e+00
3.140000000000000213e+01,5.668669272095163691e+00
3.141000000000000014e+01,5.569727637981235269e+00
3.142000000000000171e+01,5.520177202947717632e+00
3.143000000000000327e+01,5.541777798231928287e+00
3.144000000000000128e+01,5.620429958556919736e+00
3.145000000000000284e+01,5.756120981104873913e+00
3.146000000000000085e+01,8.485848865073014835e+00
3.147000000000000242e+01,8.510539953691305115e+00
3.148000000000000043e+01,5.858527204674756739e+00
3.149000000000000199e+01,5.698876336783484042e+00
3.150000000000000000e+01,5.566423504418649415e+00
3.151000000000000156e+01,5.498718302925905910e+00
3.152000000000000313e+01,5.475435598820246774e+00
3.153000000000000114e+01,5.453203467500811641e+00
3.154000000000000270e+01,5.413131378239050662e+00
3.155000000000000071e+01,5.398678048692920228e+00
3.156000000000000227e+01,5.413514573430168397e+00
3.157000000000000028e+01,5.447878988106462650e+00
3.158000000000000185e+01,5.477054224640761859e+00
3.158999999999999986e+01,5.441539528091754896e+00
3.160000000000000142e+01,5.322619802026769875e+00
3.161000000000000298e+01,5.162099157834606267e+00
3.162000000000000099e+01,4.992962597045432993e+00
3.163000000000000256e+01,4.887118818582059099e+00
3.164000000000000057e+01,4.933366010853267092e+00
3.165000000000000213e+01,5.067545940534749604e+00
3.166000000000000014e+01,5.213051963862255000e+00
3.167000000000000171e+01,5.334515745357242267e+00
3.168000000000000327e+01,5.428068465871751513e+00
3.169000000000000128e+01,5.479023900636161848e+00
3.170000000000000284e+01,5.478581569612292590e+00
3.171000000000000085e+01,5.392960915868585836e+00
3.172000000000000242e+01,5.300239829844144879e+00
3.173000000000000043e+01,5.358956303801341470e+00
3.174000000000000199e+01,5.511533126731909427e+00
3.175000000000000000e+01,5.672222599219360895e+00
3.176000000000000156e+01,5.812904945015807456e+00
3.177000000000000313e+01,5.889119069029228548e+00
3.178000000000000114e+01,5.879647534113656704e+00
3.179000000000000270e+01,5.797910463811402515e+00
3.180000000000000071e+01,5.693129851354791882e+00
3.181000000000000227e+01,5.622914695810679930e+00
3.182000000000000028e+01,5.670238813065605399e+00
3.183000000000000185e+01,5.770148905737690015e+00
3.183999999999999986e+01,5.801325743386087197e+00
3.185000000000000142e+01,5.793405636285491767e+00
3.186000000000000298e+01,8.152967876438589556e+00
3.187000000000000099e+01,8.025315555934483314e+00
3.188000000000000256e+01,7.980312484161319553e+00
3.189000000000000057e+01,8.029720523954056333e+00
3.190000000000000213e+01,8.126556731519199772e+00
3.191000000000000014e+01,8.173196480813121667e+00
3.192000000000000171e+01,8.131338282011146390e+00
3.193000000000000327e+01,8.077130493945293921e+00
3.194000000000000128e+01,8.050978683411226910e+00
3.195000000000000284e+01,8.036622392648293811e+00
3.196000000000000085e+01,7.976930847720960394e+00
3.197000000000000242e+01,7.875336649256652777e+00
3.198000000000000043e+01,7.792291229093058824e+00
3.199000000000000199e+01,7.766789242181930675e+00
3.200000000000000000e+01,7.743068278906536150e+00
3.200999999999999801e+01,7.645669235625199178e+00
3.202000000000000313e+01,7.519704561272936516e+00
3.203000000000000114e+01,7.475495762392550425e+00
3.203999999999999915e+01,7.571809041799850704e+00
3.205000000000000426e+01,7.732474750759889659e+00
3.206000000000000227e+01,7.878004184445512870e+00
3.207000000000000028e+01,5.968986584639380588e+00
3.207999999999999829e+01,5.877604825893723905e+00
3.209000000000000341e+01,5.882898651957819247e+00
3.210000000000000142e+01,7.851579753885599366e+00
3.210999999999999943e+01,7.886719087798075734e+00
3.212000000000000455e+01,7.996169101977425697e+00
3.213000000000000256e+01,8.087468274844543004e+00
3.214000000000000057e+01,8.139881976169050404e+00
3.214999999999999858e+01,5.674588306621977551e+00
3.216000000000000369e+01,5.497055550751444031e+00
3.217000000000000171e+01,5.428108140222782652e+00
3.217999999999999972e+01,5.483090223552705034e+00
3.219000000000000483e+01,5.571920578077875774e+00
3.220000000000000284e+01,5.517123264993966991e+00
3.221000000000000085e+01,5.235468287626424022e+00
3.221999999999999886e+01,4.977199538051561234e+00
3.223000000000000398e+01,4.903345339898777411e+00
3.224000000000000199e+01,4.944072220183011623e+00
3.225000000000000000e+01,5.049216133784414140e+00
3.225999999999999801e+01,5.261782493607269018e+00
3.227000000000000313e+01,5.555881344722783943e+00
3.228000000000000114e+01,5.715848982462623518e+00
3.228999999999999915e+01,5.699657280696789563e+00
3.230000000000000426e+01,5.647507536751831481e+00
3.231000000000000227e+01,5.581559281753250445e+00
3.232000000000000028e+01,5.448740791909171044e+00
3.232999999999999829e+01,5.257887817031996924e+00
3.234000000000000341e+01,5.112370353030545544e+00
3.235000000000000142e+01,5.070625145672782885e+00
3.235999999999999943e+01,5.085037312859786773e+00
3.237000000000000455e+01,5.041305190896296473e+00
3.238000000000000256e+01,4.913063220349997984e+00
3.239000000000000057e+01,4.804631264264556556e+00
3.239999999999999858e+01,4.783163925357674984e+00
3.241000000000000369e+01,4.857843277933864279e+00
3.242000000000000171e+01,4.995823416722115162e+00
3.242999999999999972e+01,5.123160268774491932e+00
3.244000000000000483e+01,5.170716435041498471e+00
3.245000000000000284e+01,5.130044667313477191e+00
3.246000000000000085e+01,5.064761288538111472e+00
3.246999999999999886e+01,5.008062815558708358e+00
3.248000000000000398e+01,4.968234979667554008e+00
3.249000000000000199e+01,4.985013836787222985e+00
3.250000000000000000e+01,5.090559457582647163e+00
3.250999999999999801e+01,5.249637163460350919e+00
3.252000000000000313e+01,5.388962846373304139e+00
3.253000000000000114e+01,5.472040103954572743e+00
3.253999999999999915e+01,5.496162695781226404e+00
3.255000000000000426e+01,5.503554424614613971e+00
3.256000000000000227e+01,5.564029474941776243e+00
3.257000000000000028e+01,5.692611468237124939e+00
3.257999999999999829e+01,9.079414406275551741e+00
3.259000000000000341e+01,9.051668242543801313e+00
3.260000000000000142e+01,9.051822158714564637e+00
3.260999999999999943e+01,5.718939388835343252e+00
3.262000000000000455e+01,5.588838422747303802e+00
3.263000000000000256e+01,5.586368169542670792e+00
3.264000000000000057e+01,5.653259277938786020e+00
3.264999999999999858e+01,5.761776224614678199e+00
3.266000000000000369e+01,8.950349244684309369e+00
3.267000000000000171e+01,8.766511007042028680e+00
3.267999999999999972e+01,8.579990097103841862e+00
3.269000000000000483e+01,5.799137540575883598e+00
3.270000000000000284e+01,8.204734784150186755e+00
3.271000000000000085e+01,8.062968501213990891e+00
3.271999999999999886e+01,8.105324502763897598e+00
3.273000000000000398e+01,5.770645956706197843e+00
3.274000000000000199e+01,5.643880712028721547e+00
3.275000000000000000e+01,5.577590328847412238e+00
3.276000000000000512e+01,5.628125697068264266e+00
3.277000000000000313e+01,5.779595441660275945e+00
3.278000000000000114e+01,5.925225179322568536e+00
3.278999999999999915e+01,7.877751036114876371e+00
3.280000000000000426e+01,7.707476797332834195e+00
3.281000000000000227e+01,7.570840359449933388e+00
3.282000000000000028e+01,7.507320214696386884e+00
3.282999999999999829e+01,7.508522883333578868e+00
3.284000000000000341e+01,7.518219580395946622e+00
3.285000000000000142e+01,7.549857590345661507e+00
3.285999999999999943e+01,5.908490250852652004e+00
3.287000000000000455e+01,5.772843641878471210e+00
3.288000000000000256e+01,5.742153147345903541e+00
3.289000000000000057e+01,5.787931795074628738e+00
3.289999999999999858e+01,5.827269279898257714e+00
3.291000000000000369e+01,5.747857589627409780e+00
3.292000000000000171e+01,5.558831584044551910e+00
3.292999999999999972e+01,5.401618923855225241e+00
3.294000000000000483e+01,5.355390986652417418e+00
3.295000000000000284e+01,5.416914366992525487e+00
3.296000000000000085e+01,5.505413462634805022e+00
3.296999999999999886e+01,5.485368472817877539e+00
3.298000000000000398e+01,5.441937042168348171e+00
3.299000000000000199e+01,5.503418173248042500e+00
3.300000000000000000e+01,5.620507890370794790e+00
3.301000000000000512e+01,5.723381218926220093e+00
3.302000000000000313e+01,5.738396704124405723e+00
3.303000000000000114e+01,5.629168792499628537e+00
3.303999999999999915e+01,5.500235380683637487e+00
3.305000000000000426e+01,5.447418588908410797e+00
3.306000000000000227e+01,5.452372790089111021e+00
3.307000000000000028e+01,5.495816833136462520e+00
3.307999999999999829e+01,5.610411982514898810e+00
3.309000000000000341e+01,5.746503922580569856e+00
3.310000000000000142e+01,5.805539934943815261e+00
3.310999999999999943e+01,5.747815529726936212e+00
3.312000000000000455e+01,5.630339817383782197e+00
3.313000000000000256e+01,5.540759427358194600e+00
3.314000000000000057e+01,5.490516578978701823e+00
3.314999999999999858e+01,5.474052606450201530e+00
3.316000000000000369e+01,5.479296181134436061e+00
3.317000000000000171e+01,5.485721044987002415e+00
3.317999999999999972e+01,5.515977773038870602e+00
3.319000000000000483e+01,5.541475204791903586e+00
3.320000000000000284e+01,5.536081542908616981e+00
3.321000000000000085e+01,5.508984369271902715e+00
3.321999999999999886e+01,5.508807195568966364e+00
3.323000000000000398e+01,5.512681738140570609e+00
3.324000000000000199e+01,5.468212257643351393e+00
3.325000000000000000e+01,5.410113382180417929e+00
3.326000000000000512e+01,5.397930185819820537e+00
3.327000000000000313e+01,5.447494048252809584e+00
3.328000000000000114e+01,5.529193651680272659e+00
3.328999999999999915e+01,5.621798193865367388e+00
3.330000000000000426e+01,5.717938243522826980e+00
3.331000000000000227e+01,5.808178272347566562e+00
3.332000000000000028e+01,8.802891001882052535e+00
3.332999999999999829e+01,8.633017379302327043e+00
3.334000000000000341e+01,8.497775957574134509e+00
3.335000000000000142e+01,8.469002126289494115e+00
3.335999999999999943e+01,8.533091479154842673e+00
3.337000000000000455e+01,8.657657761417008047e+00
3.338000000000000256e+01,8.824320329087333548e+00
3.339000000000000057e+01,5.794646242966926764e+00
3.339999999999999858e+01,5.765092552036702678e+00
3.341000000000000369e+01,5.745793321339685455e+00
3.342000000000000171e+01,5.731526522589912354e+00
3.342999999999999972e+01,5.779247313689245047e+00
3.344000000000000483e+01,8.621881967874680086e+00
3.345000000000000284e+01,8.491760123891236134e+00
3.346000000000000085e+01,8.430355653599910681e+00
3.346999999999999886e+01,8.416492769991311462e+00
3.348000000000000398e+01,8.447530831642842131e+00
3.349000000000000199e+01,8.564051588297763473e+00
3.350000000000000000e+01,5.841325043155070063e+00
3.351000000000000512e+01,5.627961861197761095e+00
3.352000000000000313e+01,5.421860124515939461e+00
3.353000000000000114e+01,5.329526359804154012e+00
3.353999999999999915e+01,5.351240784970132225e+00
3.355000000000000426e+01,5.468760818825042058e+00
3.356000000000000227e+01,5.622266207393402659e+00
3.357000000000000028e+01,5.749283642606336286e+00
3.357999999999999829e+01,8.252065930313692732e+00
3.359000000000000341e+01,5.716561097200898445e+00
3.360000000000000142e+01,5.582608927205054528e+00
3.360999999999999943e+01,5.416850403091573618e+00
3.362000000000000455e+01,5.282373783584896287e+00
3.363000000000000256e+01,5.222253019540165297e+00
3.364000000000000057e+01,5.218018181642312570e+00
3.364999999999999858e+01,5.287857708849601046e+00
3.366000000000000369e+01,5.423437830537316096e+00
3.367000000000000171e+01,5.549220519087423753e+00
3.367999999999999972e+01,5.627152890834054233e+00
3.369000000000000483e+01,5.634717397563663965e+00
3.370000000000000284e+01,5.581185117538823626e+00
3.371000000000000085e+01,5.522647824227138180e+00
3.371999999999999886e+01,5.445278661470218218e+00
3.373000000000000398e+01,5.359035263390580894e+00
3.374000000000000199e+01,5.281851665538053631e+00
3.375000000000000000e+01,5.274319407753774946e+00
3.376000000000000512e+01,5.325645583881978951e+00
3.377000000000000313e+01,5.388539016184706654e+00
3.378000000000000114e+01,5.443760124434543712e+00
3.378999999999999915e+01,5.448470077462630456e+00
3.380000000000000426e+01,5.424684847054384917e+00
3.381000000000000227e+01,5.429691425414877592e+00
3.382000000000000028e+01,5.468444538063887528e+00
3.382999999999999829e+01,5.517562795139021148e+00
3.384000000000000341e+01,5.549457023935874034e+00
3.385000000000000142e+01,5.593460302187835076e+00
3.385999999999999943e+01,5.617357201661147492e+00
3.387000000000000455e+01,5.601353925068498718e+00
3.388000000000000256e+01,5.558141418238538911e+00
3.389000000000000057e+01,5.534060245606930550e+00
3.389999999999999858e+01,5.541380224241295060e+00
3.391000000000000369e+01,5.553461282691012357e+00
3.392000000000000171e+01,5.581588638778101519e+00
3.392999999999999972e+01,5.665571844427462977e+00
3.394000000000000483e+01,5.774653370499672533e+00
3.395000000000000284e+01,8.439428850466184073e+00
3.396000000000000085e+01,8.439537605583378621e+00
3.396999999999999886e+01,5.844663394623219155e+00
3.398000000000000398e+01,5.814542009961531477e+00
3.399000000000000199e+01,5.793622713299742877e+00
3.400000000000000000e+01,5.745603375523077538e+00
3.401000000000000512e+01,5.661567641926462890e+00
3.402000000000000313e+01,5.595148436539459702e+00
3.403000000000000114e+01,5.627971196497442818e+00
3.403999999999999915e+01,5.735358443690079078e+00
3.405000000000000426e+01,8.660027489807907486e+00
3.406000000000000227e+01,8.683238063348769131e+00
3.407000000000000028e+01,5.787607977413500748e+00
3.407999999999999829e+01,5.701974430937695182e+00
3.409000000000000341e+01,5.628700593869037760e+00
3.410000000000000142e+01,5.555783456691873567e+00
3.410999999999999943e+01,5.503893999101385326e+00
3.412000000000000455e+01,5.536900174763386140e+00
3.413000000000000256e+01,5.665498429785909451e+00
3.414000000000000057e+01,5.781879458247897396e+00
3.414999999999999858e+01,5.794999486379132314e+00
3.416000000000000369e+01,5.717882670218272345e+00
3.417000000000000171e+01,5.633563931775547928e+00
3.417999999999999972e+01,5.611144116592123865e+00
3.419000000000000483e+01,5.626238784621904188e+00
3.420000000000000284e+01,5.617653605493109659e+00
3.421000000000000085e+01,5.575826035596916697e+00
3.421999999999999886e+01,5.566920911713512332e+00
3.423000000000000398e+01,5.608833805371120640e+00
3.424000000000000199e+01,5.674104879461967066e+00
3.425000000000000000e+01,5.716901655269950311e+00
3.426000000000000512e+01,5.697987558998166335e+00
3.427000000000000313e+01,5.654047985751585514e+00
3.428000000000000114e+01,5.612618850142344407e+00
3.428999999999999915e+01,5.572575877773075170e+00
3.430000000000000426e+01,5.568886889961635944e+00
3.431000000000000227e+01,5.616516844866489500e+00
3.432000000000000028e+01,5.673604606004838402e+00
3.432999999999999829e+01,5.694076915089793189e+00
3.434000000000000341e+01,5.632218401643140915e+00
3.435000000000000142e+01,5.493634035522792836e+00
3.435999999999999943e+01,5.341029324820238067e+00
3.437000000000000455e+01,5.246350479348220297e+00
3.438000000000000256e+01,5.238497058973615061e+00
3.439000000000000057e+01,5.275405555967709326e+00
3.439999999999999858e+01,5.319104048308589405e+00
3.441000000000000369e+01,5.384286534243170941e+00
3.442000000000000171e+01,5.466126059222021993e+00
3.442999999999999972e+01,5.483907517375492091e+00
3.444000000000000483e+01,5.395652457711152650e+00
3.445000000000000284e+01,5.259659865260120526e+00
3.446000000000000085e+01,5.150439554909457485e+00
3.446999999999999886e+01,5.127228137070376945e+00
3.448000000000000398e+01,5.195677058362559997e+00
3.449000000000000199e+01,5.291454092806405995e+00
3.450000000000000000e+01,5.361100702087768788e+00
3.451000000000000512e+01,5.384866959871755121e+00
3.452000000000000313e+01,5.391639951437183775e+00
3.453000000000000114e+01,5.424783276148884781e+00
3.453999999999999915e+01,5.508932785459458970e+00
3.455000000000000426e+01,5.622395960262823955e+00
3.456000000000000227e+01,5.696426550118473209e+00
3.457000000000000028e+01,5.692793126884645005e+00
3.457999999999999829e+01,5.656959333326972761e+00
3.459000000000000341e+01,5.624211304238588838e+00
3.460000000000000142e+01,5.616340638195695512e+00
3.460999999999999943e+01,5.615177337492879950e+00
3.462000000000000455e+01,5.607228097795528221e+00
3.463000000000000256e+01,5.628390847602632086e+00
3.464000000000000057e+01,5.705789490978883549e+00
3.464999999999999858e+01,8.600182784597082630e+00
3.466000000000000369e+01,8.548046913264254698e+00
3.467000000000000171e+01,8.504288748813888077e+00
3.467999999999999972e+01,8.519098102919114623e+00
3.469000000000000483e+01,5.757301181299369297e+00
3.470000000000000284e+01,5.668177713345516899e+00
3.471000000000000085e+01,5.585751436653761282e+00
3.471999999999999886e+01,5.540443591616385000e+00
3.473000000000000398e+01,5.603859659087338407e+00
3.474000000000000199e+01,5.769145070632138328e+00
3.475000000000000000e+01,8.486285750803048700e+00
3.476000000000000512e+01,8.529975599642712680e+00
3.477000000000000313e+01,8.613375408421717339e+00
3.478000000000000114e+01,8.678426471943863518e+00
3.478999999999999915e+01,8.701476022309604375e+00
3.480000000000000426e+01,8.666705738488182931e+00
3.481000000000000227e+01,8.579179861643245530e+00
3.482000000000000028e+01,8.463437846651164165e+00
3.482999999999999829e+01,8.342143831865771020e+00
3.484000000000000341e+01,8.263543564349618009e+00
3.485000000000000142e+01,8.250230881301989783e+00
3.485999999999999943e+01,8.258043047730135200e+00
3.487000000000000455e+01,8.275319968683326977e+00
3.488000000000000256e+01,8.325001819651481227e+00
3.489000000000000057e+01,8.389115364158490351e+00
3.489999999999999858e+01,8.436450616337923591e+00
3.491000000000000369e+01,8.452848964276693522e+00
3.492000000000000171e+01,5.720509242672735084e+00
3.492999999999999972e+01,5.595891671700071512e+00
3.494000000000000483e+01,5.465913496437921459e+00
3.495000000000000284e+01,5.331702505217077892e+00
3.496000000000000085e+01,5.215250125994482566e+00
3.496999999999999886e+01,5.191477910730458944e+00
3.498000000000000398e+01,5.326044445775773184e+00
3.499000000000000199e+01,5.541501554868942137e+00
3.500000000000000000e+01,5.686392629677386346e+00
3.501000000000000512e+01,5.719431541100930438e+00
3.502000000000000313e+01,5.685984114761228447e+00
3.503000000000000114e+01,5.628570186879155557e+00
3.503999999999999915e+01,5.574621968767385027e+00
3.505000000000000426e+01,5.538665138767143503e+00
3.506000000000000227e+01,5.526470741898292793e+00
3.507000000000000028e+01,5.546905872613255184e+00
3.507999999999999829e+01,5.574517398861916107e+00
3.509000000000000341e+01,5.543424190087960390e+00
3.510000000000000142e+01,5.454191257080539756e+00
3.510999999999999943e+01,5.394045546374786504e+00
3.512000000000000455e+01,5.422339727771356976e+00
3.513000000000000256e+01,5.507213593639820992e+00
3.514000000000000057e+01,5.579078148464354570e+00
3.514999999999999858e+01,5.616754002608480789e+00
3.516000000000000369e+01,5.649374434563315894e+00
3.517000000000000171e+01,5.692277592181762103e+00
3.517999999999999972e+01,5.721902483664847772e+00
3.519000000000000483e+01,5.714835299661417345e+00
3.520000000000000284e+01,5.705644308783435648e+00
3.521000000000000085e+01,5.810497498917574610e+00
3.521999999999999886e+01,8.317552143116191843e+00
3.523000000000000398e+01,8.234091572517030500e+00
3.524000000000000199e+01,8.213811695864778883e+00
3.525000000000000000e+01,8.249688665196762472e+00
3.526000000000000512e+01,8.274688886890009698e+00
3.527000000000000313e+01,8.249682877665046377e+00
3.528000000000000114e+01,8.220068813090170678e+00
3.528999999999999915e+01,8.207084962027868968e+00
3.530000000000000426e+01,8.179614873728606739e+00
3.531000000000000227e+01,8.134984011338833199e+00
3.532000000000000028e+01,8.163839794827747909e+00
3.532999999999999829e+01,8.268613552639868303e+00
3.534000000000000341e+01,8.362959488920713724e+00
3.535000000000000142e+01,5.706977226452458751e+00
3.535999999999999943e+01,5.576723119553267161e+00
3.537000000000000455e+01,5.543371742072268127e+00
3.538000000000000256e+01,5.605213637808077465e+00
3.539000000000000057e+01,5.745024723773767050e+00
3.539999999999999858e+01,8.015788506823041004e+00
3.541000000000000369e+01,7.973936488786701027e+00
3.542000000000000171e+01,8.025087607749588514e+00
3.542999999999999972e+01,8.164361622360683413e+00
3.544000000000000483e+01,8.408957730661231977e+00
3.545000000000000284e+01,5.656833980087929703e+00
3.546000000000000085e+01,5.493886652948982707e+00
3.546999999999999886e+01,5.418834009602267798e+00
3.548000000000000398e+01,5.440742514825259057e+00
3.549000000000000199e+01,5.552788824169017978e+00
3.550000000000000000e+01,5.738501927919298140e+00
3.551000000000000512e+01,8.500332201400190968e+00
3.552000000000000313e+01,8.468306098511320101e+00
3.553000000000000114e+01,5.754628270988185967e+00
3.553999999999999915e+01,5.539082832460638706e+00
3.555000000000000426e+01,5.354578387323964961e+00
3.556000000000000227e+01,5.189883624103283744e+00
3.557000000000000028e+01,5.070511269759829354e+00
3.557999999999999829e+01,5.120563186019350788e+00
3.559000000000000341e+01,5.302516696509774086e+00
3.560000000000000142e+01,5.460500749812048582e+00
3.560999999999999943e+01,5.544252998169469926e+00
3.562000000000000455e+01,5.548675410752049508e+00
3.563000000000000256e+01,5.495746792018587179e+00
3.564000000000000057e+01,5.403637073577181482e+00
3.564999999999999858e+01,5.219745867920327242e+00
3.566000000000000369e+01,4.930141651706012595e+00
3.567000000000000171e+01,4.670182624666497695e+00
3.567999999999999972e+01,4.514170787514886207e+00
3.569000000000000483e+01,4.468937993642442486e+00
3.570000000000000284e+01,4.519264678078651620e+00
3.571000000000000085e+01,4.566609021223754006e+00
3.571999999999999886e+01,4.521977616218868512e+00
3.573000000000000398e+01,4.409675948253472200e+00
3.574000000000000199e+01,4.312184911318265534e+00
3.575000000000000000e+01,4.242255359147523386e+00
3.576000000000000512e+01,4.199041330687936835e+00
3.577000000000000313e+01,4.214349201182096216e+00
3.578000000000000114e+01,4.310400411833367862e+00
3.578999999999999915e+01,4.461302656301841196e+00
3.580000000000000426e+01,4.617507384747970178e+00
3.581000000000000227e+01,4.733127678764590840e+00
3.582000000000000028e+01,4.773963681402171311e+00
3.582999999999999829e+01,4.740200096811079788e+00
3.584000000000000341e+01,4.677815194167663115e+00
3.585000000000000142e+01,4.656938228473709529e+00
3.585999999999999943e+01,4.709407984944660619e+00
3.587000000000000455e+01,4.792668463755356711e+00
3.588000000000000256e+01,4.865757520537352221e+00
3.589000000000000057e+01,4.934681258687793282e+00
3.589999999999999858e+01,5.033929316551189359e+00
3.591000000000000369e+01,5.173444467474262787e+00
3.592000000000000171e+01,5.275881336703651669e+00
3.592999999999999972e+01,5.329888332818040197e+00
3.594000000000000483e+01,5.368406962764675328e+00
3.595000000000000284e+01,5.406306307011365497e+00
3.596000000000000085e+01,5.486052602505207432e+00
3.596999999999999886e+01,5.577131629661623791e+00
3.598000000000000398e+01,5.575216096423854850e+00
3.599000000000000199e+01,5.554754770216001170e+00
3.600000000000000000e+01,5.582282051446825655e+00
3.601000000000000512e+01,5.693464801597897029e+00
3.602000000000000313e+01,5.860748583736167028e+00
3.603000000000000114e+01,5.913268638004254285e+00
3.603999999999999915e+01,5.840626337921196232e+00
3.605000000000000426e+01,5.706183598663853829e+00
3.606000000000000227e+01,5.641180974283272143e+00
3.607000000000000028e+01,5.713167925543515935e+00
3.607999999999999829e+01,5.847075700445466317e+00
3.609000000000000341e+01,5.966681277650328852e+00
3.610000000000000142e+01,8.455568908887739710e+00
3.610999999999999943e+01,8.307778179769437443e+00
3.612000000000000455e+01,8.285937579321139168e+00
3.613000000000000256e+01,8.359492287162908042e+00
3.614000000000000057e+01,8.440026238913537426e+00
3.614999999999999858e+01,8.503696362116947682e+00
3.616000000000000369e+01,8.527049850917315155e+00
3.617000000000000171e+01,8.521603244993340098e+00
3.617999999999999972e+01,8.481564929541541176e+00
3.619000000000000483e+01,8.386796084977863330e+00
3.620000000000000284e+01,8.230967868790646236e+00
3.621000000000000085e+01,8.027381402281209333e+00
3.621999999999999886e+01,7.884258950338262295e+00
3.623000000000000398e+01,7.910772635236332562e+00
3.624000000000000199e+01,8.005500787281269126e+00
3.625000000000000000e+01,8.060307349555598577e+00
3.626000000000000512e+01,8.111042027972484192e+00
3.627000000000000313e+01,8.206917367836719990e+00
3.628000000000000114e+01,8.275547296189479596e+00
3.628999999999999915e+01,8.280125100871885024e+00
3.630000000000000426e+01,8.294757901487903595e+00
3.631000000000000227e+01,8.349502852379327322e+00
3.632000000000000028e+01,5.786088105056120590e+00
3.632999999999999829e+01,5.737697519192964002e+00
3.634000000000000341e+01,5.724045771580894559e+00
3.635000000000000142e+01,5.744746380106639627e+00
3.635999999999999943e+01,5.818706404742972182e+00
3.637000000000000455e+01,8.468213774046390085e+00
3.638000000000000256e+01,5.835864551184246629e+00
3.639000000000000057e+01,5.625168942022387597e+00
3.639999999999999858e+01,5.347877999961968776e+00
3.641000000000000369e+01,5.121944530445344590e+00
3.642000000000000171e+01,4.978791407846369310e+00
3.642999999999999972e+01,4.863365414487844873e+00
3.644000000000000483e+01,4.802115021041035270e+00
3.645000000000000284e+01,4.890760809149401034e+00
3.646000000000000085e+01,5.050336582982045464e+00
3.646999999999999886e+01,5.118416083718515530e+00
3.648000000000000398e+01,5.125949788577739419e+00
3.649000000000000199e+01,5.113088363730971864e+00
3.650000000000000000e+01,5.036765662039925928e+00
3.651000000000000512e+01,4.869834744915593205e+00
3.652000000000000313e+01,4.717021896068602338e+00
3.653000000000000114e+01,4.629276642695102417e+00
3.653999999999999915e+01,4.617507840215324677e+00
3.655000000000000426e+01,4.696508043264563170e+00
3.656000000000000227e+01,4.819886599012016326e+00
3.657000000000000028e+01,4.918019534699860529e+00
3.657999999999999829e+01,5.002036813411486982e+00
3.659000000000000341e+01,5.087386878271437318e+00
3.660000000000000142e+01,5.150827628912572287e+00
3.660999999999999943e+01,5.157065346466701783e+00
3.662000000000000455e+01,5.116871674469474662e+00
3.663000000000000256e+01,5.087418297644249243e+00
3.664000000000000057e+01,5.123338818076171641e+00
3.664999999999999858e+01,5.222625859227199463e+00
3.666000000000000369e+01,5.314065626159149680e+00
3.667000000000000171e+01,5.320535328729313562e+00
3.667999999999999972e+01,5.301445771643564342e+00
3.669000000000000483e+01,5.317216310424027981e+00
3.670000000000000284e+01,5.339422152527264487e+00
3.671000000000000085e+01,5.317837078819546370e+00
3.671999999999999886e+01,5.274837354187492444e+00
3.673000000000000398e+01,5.316291665534980559e+00
3.674000000000000199e+01,5.430845803822601070e+00
3.675000000000000000e+01,5.566187225164667574e+00
3.676000000000000512e+01,5.642562071557243542e+00
3.677000000000000313e+01,5.642772503747733204e+00
3.678000000000000114e+01,5.622233672569199037e+00
3.678999999999999915e+01,5.610807164297470173e+00
3.680000000000000426e+01,5.601122533628534406e+00
3.681000000000000227e+01,5.590962130809058905e+00
3.682000000000000028e+01,5.647778811306147340e+00
3.682999999999999829e+01,5.751838438451781776e+00
3.684000000000000341e+01,8.444837103983475757e+00
3.685000000000000142e+01,8.505902961132109752e+00
3.685999999999999943e+01,8.491880268261207121e+00
3.687000000000000455e+01,8.357406396048144614e+00
3.688000000000000256e+01,8.151796236676675633e+00
3.689000000000000057e+01,8.031978015664947179e+00
3.689999999999999858e+01,8.098810850879837986e+00
3.691000000000000369e+01,8.225169924083616024e+00
3.692000000000000171e+01,8.284683178663291514e+00
3.692999999999999972e+01,8.305846954537559057e+00
3.694000000000000483e+01,8.367095626185898638e+00
3.695000000000000284e+01,8.408163296197631809e+00
3.696000000000000085e+01,8.355128773899748396e+00
3.696999999999999886e+01,8.206743449020507342e+00
3.698000000000000398e+01,8.012162131266441278e+00
3.699000000000000199e+01,7.918248084735725278e+00
3.700000000000000000e+01,7.956035136839265220e+00
3.701000000000000512e+01,8.022250046440898785e+00
3.702000000000000313e+01,8.074141366035398448e+00
3.703000000000000114e+01,8.122780512432351330e+00
3.703999999999999915e+01,8.188211293636745935e+00
3.705000000000000426e+01,8.271513947488200458e+00
3.706000000000000227e+01,5.755624042465729673e+00
3.707000000000000028e+01,5.616820460667908854e+00
3.707999999999999829e+01,5.510310649956901230e+00
3.709000000000000341e+01,5.465248349658145877e+00
3.710000000000000142e+01,5.422098020929469797e+00
3.710999999999999943e+01,5.382287940617936250e+00
3.712000000000000455e+01,5.422985477012156608e+00
3.713000000000000256e+01,5.552914934950942794e+00
3.714000000000000057e+01,5.594294421260448402e+00
3.714999999999999858e+01,5.502722558600913416e+00
3.716000000000000369e+01,5.338125756047143788e+00
3.717000000000000171e+01,5.196985416029579419e+00
3.717999999999999972e+01,5.147374961145860794e+00
3.719000000000000483e+01,5.175178753976210189e+00
3.720000000000000284e+01,5.208461979089307192e+00
3.721000000000000085e+01,5.209427078744766071e+00
3.721999999999999886e+01,5.245816010506976212e+00
3.723000000000000398e+01,5.316759764386654652e+00
3.724000000000000199e+01,5.369801507817771657e+00
3.725000000000000000e+01,5.354920318417897285e+00
3.726000000000000512e+01,5.209479593622946325e+00
3.727000000000000313e+01,4.966878806004935143e+00
3.728000000000000114e+01,4.745610907503636788e+00
3.728999999999999915e+01,4.598576715342864496e+00
3.730000000000000426e+01,4.527751487104374029e+00
3.731000000000000227e+01,4.539775571664593556e+00
3.732000000000000028e+01,4.648266113410301159e+00
3.732999999999999829e+01,4.830179492259813578e+00
3.734000000000000341e+01,5.029421823967235028e+00
3.735000000000000142e+01,5.156932714290539899e+00
3.735999999999999943e+01,5.159300809194022008e+00
3.737000000000000455e+01,5.086089126252705483e+00
3.738000000000000256e+01,4.994130364905336350e+00
3.739000000000000057e+01,4.907274530754782482e+00
3.739999999999999858e+01,4.878863698112103187e+00
3.741000000000000369e+01,4.980118766642220862e+00
3.742000000000000171e+01,5.163725364334034396e+00
3.742999999999999972e+01,5.297935481824711523e+00
3.744000000000000483e+01,5.340035533966247527e+00
3.745000000000000284e+01,5.312622146208233254e+00
3.746000000000000085e+01,5.270988100155349798e+00
3.746999999999999886e+01,5.257101342412483724e+00
3.748000000000000398e+01,5.225295353001961907e+00
3.749000000000000199e+01,5.159968172458850866e+00
3.750000000000000000e+01,5.161087947007882093e+00
3.751000000000000512e+01,5.285798073074976955e+00
3.752000000000000313e+01,5.449676647639710936e+00
3.753000000000000114e+01,5.570013107703693400e+00
3.753999999999999915e+01,5.596168204248656686e+00
3.755000000000000426e+01,5.516831970913472105e+00
3.756000000000000227e+01,5.395213828348837559e+00
3.757000000000000028e+01,5.299533895361093094e+00
3.757999999999999829e+01,5.244035830426692968e+00
3.759000000000000341e+01,5.246161894592260566e+00
3.760000000000000142e+01,5.326726807897682825e+00
3.760999999999999943e+01,5.439446346412479372e+00
3.762000000000000455e+01,5.537913885506373646e+00
3.763000000000000256e+01,5.641798913321955489e+00
3.764000000000000057e+01,5.764980566991544819e+00
3.764999999999999858e+01,8.160293411367264937e+00
3.766000000000000369e+01,8.189368299190554978e+00
3.767000000000000171e+01,5.835469994703395002e+00
3.767999999999999972e+01,5.778275163294529726e+00
3.769000000000000483e+01,8.257938884858861073e+00
3.770000000000000284e+01,8.184654440522274754e+00
3.771000000000000085e+01,8.169799813144811296e+00
3.771999999999999886e+01,8.171747506587619725e+00
3.773000000000000398e+01,8.127328738001251551e+00
3.774000000000000199e+01,8.026597765290555131e+00
3.775000000000000000e+01,7.973261604845284900e+00
3.776000000000000512e+01,8.007483071810080233e+00
3.777000000000000313e+01,8.086038710616218594e+00
3.778000000000000114e+01,8.131056581659052540e+00
3.778999999999999915e+01,8.089212928888693810e+00
3.780000000000000426e+01,7.999512994346656747e+00
3.781000000000000227e+01,7.880103682040511259e+00
3.782000000000000028e+01,7.745645992908845479e+00
3.782999999999999829e+01,7.622760827056625388e+00
3.784000000000000341e+01,7.572010244802962475e+00
3.785000000000000142e+01,7.631827552723462027e+00
3.785999999999999943e+01,7.807250398799876479e+00
3.787000000000000455e+01,8.022921049078322042e+00
3.788000000000000256e+01,5.854822861011630408e+00
3.789000000000000057e+01,5.785471138046633044e+00
3.789999999999999858e+01,5.790064256232581030e+00
3.791000000000000369e+01,5.844150202634114777e+00
3.792000000000000171e+01,5.885871358985387047e+00
3.792999999999999972e+01,5.868146936501585031e+00
3.794000000000000483e+01,5.815341005786287099e+00
3.795000000000000284e+01,5.738530512193027455e+00
3.796000000000000085e+01,5.656559686260513864e+00
3.796999999999999886e+01,5.637003852324114384e+00
3.798000000000000398e+01,5.632226990107419340e+00
3.799000000000000199e+01,5.560484625964218885e+00
3.800000000000000000e+01,5.457107547510037016e+00
3.801000000000000512e+01,5.449875711784224919e+00
3.802000000000000313e+01,5.526489297796035594e+00
3.803000000000000114e+01,5.589831833579594011e+00
3.803999999999999915e+01,5.610702013552099743e+00
3.805000000000000426e+01,5.613431473574109987e+00
3.806000000000000227e+01,5.643611743774988199e+00
3.807000000000000028e+01,5.666924847631470641e+00
3.807999999999999829e+01,5.657529703218154182e+00
3.809000000000000341e+01,5.616915200183449031e+00
3.810000000000000142e+01,5.554936165144363613e+00
3.810999999999999943e+01,5.492130224508262160e+00
3.812000000000000455e+01,5.389588371651214516e+00
3.813000000000000256e+01,5.210672228717381671e+00
3.814000000000000057e+01,5.004743560419115056e+00
3.814999999999999858e+01,4.887205731137298947e+00
3.816000000000000369e+01,4.924147892653533809e+00
3.817000000000000171e+01,5.057541645824160881e+00
3.817999999999999972e+01,5.185566749876377557e+00
3.819000000000000483e+01,5.212417408308851918e+00
3.820000000000000284e+01,5.202326857256038828e+00
3.821000000000000085e+01,5.239697419694675951e+00
3.821999999999999886e+01,5.304094657242791833e+00
3.823000000000000398e+01,5.351034623593005968e+00
3.824000000000000199e+01,5.364815030119487460e+00
3.825000000000000000e+01,5.406907092410627946e+00
3.826000000000000512e+01,5.478969706626457992e+00
3.827000000000000313e+01,5.543664443661454833e+00
3.828000000000000114e+01,5.624034477697643197e+00
3.828999999999999915e+01,5.738226094261858812e+00
3.830000000000000426e+01,5.814208653079877998e+00
3.831000000000000227e+01,5.832225617680685481e+00
3.832000000000000028e+01,5.834776288946303069e+00
3.832999999999999829e+01,5.828084239546712730e+00
3.834000000000000341e+01,5.829702756000380681e+00
3.835000000000000142e+01,5.851205752461824616e+00
3.835999999999999943e+01,5.901528216252314607e+00
3.837000000000000455e+01,6.010413234851335496e+00
3.838000000000000256e+01,8.063284444852543587e+00
3.839000000000000057e+01,7.942118788641731264e+00
3.839999999999999858e+01,7.899011005339150238e+00
3.841000000000000369e+01,7.866689695408163985e+00
3.842000000000000171e+01,7.826803859609872127e+00
3.842999999999999972e+01,7.837050740355135936e+00
3.844000000000000483e+01,7.901942795060212354e+00
3.845000000000000284e+01,7.974039629178927946e+00
3.846000000000000085e+01,8.041326400649397854e+00
3.846999999999999886e+01,8.079209544282718980e+00
3.848000000000000398e+01,8.050382106590131315e+00
3.849000000000000199e+01,7.988301773497544112e+00
3.850000000000000000e+01,7.929614573968650326e+00
3.851000000000000512e+01,7.885275704491315096e+00
3.852000000000000313e+01,7.895177327026985381e+00
3.853000000000000114e+01,7.971630998699324344e+00
3.853999999999999915e+01,8.085117101848370069e+00
3.855000000000000426e+01,8.204338210695567568e+00
3.856000000000000227e+01,5.560888293597122889e+00
3.857000000000000028e+01,5.490224829709148935e+00
3.858000000000000540e+01,5.568563629664541992e+00
3.859000000000000341e+01,5.713449320596292402e+00
3.860000000000000142e+01,8.134976474766228094e+00
3.860999999999999943e+01,8.147217734482675056e+00
3.862000000000000455e+01,5.707443230625504071e+00
3.863000000000000256e+01,5.555572249275241070e+00
3.864000000000000057e+01,5.358081570290061713e+00
3.864999999999999858e+01,5.139341985488919740e+00
3.866000000000000369e+01,4.904639520353002879e+00
3.867000000000000171e+01,4.757367609758584415e+00
3.867999999999999972e+01,4.749433417512541666e+00
3.869000000000000483e+01,4.792519130512943981e+00
3.870000000000000284e+01,4.843578004241540391e+00
3.871000000000000085e+01,4.865858369585739140e+00
3.871999999999999886e+01,4.862198642618928091e+00
3.873000000000000398e+01,4.802738765725885983e+00
3.874000000000000199e+01,4.694623778652002422e+00
3.875000000000000000e+01,4.605112291334169328e+00
3.876000000000000512e+01,4.602408929443319252e+00
3.877000000000000313e+01,4.733512122719178983e+00
3.878000000000000114e+01,4.902680084527448301e+00
3.878999999999999915e+01,4.996333484100457412e+00
3.880000000000000426e+01,5.008114943144210685e+00
3.881000000000000227e+01,4.968163802375572757e+00
3.882000000000000028e+01,4.879217816501529192e+00
3.883000000000000540e+01,4.701590100146770368e+00
3.884000000000000341e+01,4.457789883626102068e+00
3.885000000000000142e+01,4.212935566458604342e+00
3.885999999999999943e+01,4.077374863933046711e+00
3.887000000000000455e+01,4.072781802154030295e+00
3.888000000000000256e+01,4.102225222452328346e+00
3.889000000000000057e+01,4.114098352073638054e+00
3.889999999999999858e+01,4.171971347736114666e+00
3.891000000000000369e+01,4.255475748713068107e+00
3.892000000000000171e+01,4.142845287384885999e+00
3.892999999999999972e+01,3.916441895518990801e+00
3.894000000000000483e+01,3.695956239719524472e+00
3.895000000000000284e+01,3.539210002905642583e+00
3.896000000000000085e+01,3.485054262037684314e+00
3.896999999999999886e+01,3.508439344635184920e+00
3.898000000000000398e+01,3.585627561994679802e+00
3.899000000000000199e+01,3.715726957711050105e+00
3.900000000000000000e+01,3.869724607903140878e+00
3.901000000000000512e+01,3.957350057280172084e+00
3.902000000000000313e+01,3.979456851252049177e+00
3.903000000000000114e+01,4.012676682291953512e+00
3.903999999999999915e+01,4.029134992703193419e+00
3.905000000000000426e+01,3.963751194924146404e+00
3.906000000000000227e+01,3.851364709670300090e+00
3.907000000000000028e+01,3.750680540880860558e+00
3.908000000000000540e+01,3.698635136185340677e+00
3.909000000000000341e+01,3.682251648697083102e+00
3.910000000000000142e+01,3.659213838391021767e+00
3.910999999999999943e+01,3.686657266020883839e+00
3.912000000000000455e+01,3.801769846546841247e+00
3.913000000000000256e+01,3.947192740334533045e+00
3.914000000000000057e+01,4.053290099187537798e+00
3.914999999999999858e+01,4.081568305910016292e+00
3.916000000000000369e+01,4.080001438165122174e+00
3.917000000000000171e+01,4.062352564273966848e+00
3.917999999999999972e+01,3.979444497228306066e+00
3.919000000000000483e+01,3.845577853024553239e+00
3.920000000000000284e+01,3.790616372570989157e+00
3.921000000000000085e+01,3.879384570245011599e+00
3.921999999999999886e+01,4.011457653386912625e+00
3.923000000000000398e+01,4.041503093853175521e+00
3.924000000000000199e+01,3.945226588030596560e+00
3.925000000000000000e+01,3.872668457191718261e+00
3.926000000000000512e+01,3.867185073683428786e+00
3.927000000000000313e+01,3.879984093508836107e+00
3.928000000000000114e+01,3.888938556892477916e+00
3.928999999999999915e+01,3.858153787177846183e+00
3.930000000000000426e+01,3.828695595625397630e+00
3.931000000000000227e+01,3.852804208837319777e+00
3.932000000000000028e+01,3.893303677401036555e+00
3.933000000000000540e+01,3.908551192475536951e+00
3.934000000000000341e+01,3.891998775890958218e+00
3.935000000000000142e+01,3.909886371011157991e+00
3.935999999999999943e+01,3.948170750213011004e+00
3.937000000000000455e+01,3.945644200014521541e+00
3.938000000000000256e+01,3.953232381937485496e+00
3.939000000000000057e+01,4.119287469155798576e+00
3.939999999999999858e+01,4.353710417506934327e+00
3.941000000000000369e+01,4.543782953752927511e+00
3.942000000000000171e+01,4.663260908770892499e+00
3.942999999999999972e+01,4.729648273002409198e+00
3.944000000000000483e+01,4.729933071734073735e+00
3.945000000000000284e+01,4.695477214528608556e+00
3.946000000000000085e+01,4.716238406499637215e+00
3.946999999999999886e+01,4.737562212446235321e+00
3.948000000000000398e+01,4.708595771486006498e+00
3.949000000000000199e+01,4.649415710050766037e+00
3.950000000000000000e+01,4.533136933565837801e+00
3.951000000000000512e+01,4.421843822348193065e+00
3.952000000000000313e+01,4.290183131421989593e+00
3.953000000000000114e+01,4.142155627475713864e+00
3.953999999999999915e+01,4.017209789579506030e+00
3.955000000000000426e+01,3.946294170232435228e+00
3.956000000000000227e+01,3.930287996037573617e+00
3.957000000000000028e+01,3.922869770867234873e+00
3.958000000000000540e+01,3.919345153981044216e+00
3.959000000000000341e+01,3.868682407585439798e+00
3.960000000000000142e+01,3.756032920682695231e+00
3.960999999999999943e+01,3.597904010037632272e+00
3.962000000000000455e+01,3.448011424473587105e+00
3.963000000000000256e+01,3.391965887512314648e+00
3.964000000000000057e+01,3.421732918573042515e+00
3.964999999999999858e+01,3.393929759475397656e+00
3.966000000000000369e+01,3.301701381798088253e+00
3.967000000000000171e+01,3.187449597751776942e+00
3.967999999999999972e+01,3.201000533851598995e+00
3.969000000000000483e+01,3.352465252015604413e+00
3.970000000000000284e+01,3.512884805498711849e+00
3.971000000000000085e+01,3.591253737990570460e+00
3.971999999999999886e+01,3.634071070419464089e+00
3.973000000000000398e+01,3.665686169166813446e+00
3.974000000000000199e+01,3.645926215029304807e+00
3.975000000000000000e+01,3.594753511694019021e+00
3.976000000000000512e+01,3.608526233784758119e+00
3.977000000000000313e+01,3.681304747027478896e+00
3.978000000000000114e+01,3.722181213736881045e+00
3.978999999999999915e+01,3.739975789623716462e+00
3.980000000000000426e+01,3.766193337441329447e+00
3.981000000000000227e+01,3.731732699412383614e+00
3.982000000000000028e+01,3.633014256844370848e+00
3.983000000000000540e+01,3.586309531199125544e+00
3.984000000000000341e+01,3.640692709465430443e+00
3.985000000000000142e+01,3.778588950519360612e+00
3.985999999999999943e+01,3.964054382933780651e+00
3.987000000000000455e+01,4.182441090718524102e+00
3.988000000000000256e+01,4.345971644773900522e+00
3.989000000000000057e+01,4.363146795121832788e+00
3.989999999999999858e+01,4.343238283560108215e+00
3.991000000000000369e+01,4.397919868587525372e+00
3.992000000000000171e+01,4.525020008111181546e+00
3.992999999999999972e+01,4.648281663156422105e+00
3.994000000000000483e+01,4.744033974955076616e+00
3.995000000000000284e+01,4.844360115989914561e+00
3.996000000000000085e+01,4.926124977060314158e+00
3.996999999999999886e+01,4.991000800304822071e+00
3.998000000000000398e+01,5.066644708434060007e+00
3.999000000000000199e+01,5.161966816298763305e+00
4.000000000000000000e+01,5.241417112670444745e+00
4.001000000000000512e+01,5.337029735252207807e+00
4.002000000000000313e+01,5.527576060587222173e+00
4.003000000000000114e+01,5.812182407909307180e+00
4.003999999999999915e+01,8.273603742779863879e+00
4.005000000000000426e+01,8.120783271336886600e+00
4.006000000000000227e+01,8.087461587204233027e+00
4.007000000000000028e+01,8.064496616528524342e+00
4.008000000000000540e+01,8.037559589463956655e+00
4.009000000000000341e+01,8.026447451945101008e+00
4.010000000000000142e+01,8.028829920283589772e+00
4.010999999999999943e+01,8.008855546924042557e+00
4.012000000000000455e+01,8.059852578041610371e+00
4.013000000000000256e+01,5.669377050367681470e+00
4.014000000000000057e+01,5.571523496290247124e+00
4.014999999999999858e+01,5.512383336771975451e+00
4.016000000000000369e+01,5.516543305046289980e+00
4.017000000000000171e+01,5.666984136519250370e+00
4.017999999999999972e+01,8.566060136632501099e+00
4.019000000000000483e+01,8.524246408647840667e+00
4.020000000000000284e+01,8.498919433548648428e+00
4.021000000000000085e+01,8.474486895240561424e+00
4.021999999999999886e+01,8.470017656203037149e+00
4.023000000000000398e+01,8.466496657277954085e+00
4.024000000000000199e+01,8.453272937606120863e+00
4.025000000000000000e+01,8.492181800877784070e+00
4.026000000000000512e+01,8.577856675229751815e+00
4.027000000000000313e+01,8.624200140798265579e+00
4.028000000000000114e+01,8.621195148643190365e+00
4.028999999999999915e+01,8.587464722017784879e+00
4.030000000000000426e+01,8.526013614334955193e+00
4.031000000000000227e+01,8.481495664741508733e+00
4.032000000000000028e+01,8.469312209719275231e+00
4.033000000000000540e+01,8.441691810524476480e+00
4.034000000000000341e+01,8.410041978651534578e+00
4.035000000000000142e+01,8.455700555299957344e+00
4.035999999999999943e+01,8.575976329570311307e+00
4.037000000000000455e+01,8.713638865957131330e+00
4.038000000000000256e+01,8.790749796746860412e+00
4.039000000000000057e+01,8.768121535944802147e+00
4.039999999999999858e+01,8.718644898955398403e+00
4.041000000000000369e+01,5.818558667608733082e+00
4.042000000000000171e+01,5.802258250518442573e+00
4.042999999999999972e+01,5.812275564294965946e+00
4.044000000000000483e+01,5.828175341274416610e+00
4.045000000000000284e+01,5.866121227254833315e+00
4.046000000000000085e+01,8.715039903642496810e+00
4.046999999999999886e+01,8.712234971547321294e+00
4.048000000000000398e+01,8.701508443467911746e+00
4.049000000000000199e+01,5.794709971991233388e+00
4.050000000000000000e+01,5.705211224540589932e+00
4.051000000000000512e+01,5.621794449530176152e+00
4.052000000000000313e+01,5.512338949079428119e+00
4.053000000000000114e+01,5.417487339699490256e+00
4.053999999999999915e+01,5.412956766951259269e+00
4.055000000000000426e+01,5.521218938189236702e+00
4.056000000000000227e+01,5.677066516852850242e+00
4.057000000000000028e+01,5.801419350879990056e+00
4.058000000000000540e+01,5.857926806785105356e+00
4.059000000000000341e+01,5.839451920160345644e+00
4.060000000000000142e+01,5.764920880183699303e+00
4.060999999999999943e+01,5.650698706810690197e+00
4.062000000000000455e+01,5.519073560210332019e+00
4.063000000000000256e+01,5.420922563150556428e+00
4.064000000000000057e+01,5.401939088287665669e+00
4.064999999999999858e+01,5.446963761136544235e+00
4.066000000000000369e+01,5.509088494172929451e+00
4.067000000000000171e+01,5.529213512880061465e+00
4.067999999999999972e+01,5.468344226548413900e+00
4.069000000000000483e+01,5.359850236996036799e+00
4.070000000000000284e+01,5.252979393375139416e+00
4.071000000000000085e+01,5.183478394105911491e+00
4.071999999999999886e+01,5.158413568557406848e+00
4.073000000000000398e+01,5.196642350593084103e+00
4.074000000000000199e+01,5.277309234800693361e+00
4.075000000000000000e+01,5.345474519868269603e+00
4.076000000000000512e+01,5.380550010227401536e+00
4.077000000000000313e+01,5.403188546517247559e+00
4.078000000000000114e+01,5.458721078316922437e+00
4.078999999999999915e+01,5.502837901042762603e+00
4.080000000000000426e+01,5.460544225640979299e+00
4.081000000000000227e+01,5.352542899689410660e+00
4.082000000000000028e+01,5.269647687559187332e+00
4.083000000000000540e+01,5.312940187131370173e+00
4.084000000000000341e+01,5.472772711967668791e+00
4.085000000000000142e+01,5.575391264256463586e+00
4.085999999999999943e+01,5.593141814496025432e+00
4.087000000000000455e+01,5.577369554986227662e+00
4.088000000000000256e+01,5.578286382078219141e+00
4.089000000000000057e+01,5.589128832413342352e+00
4.089999999999999858e+01,5.562460454178600244e+00
4.091000000000000369e+01,5.498983985744555270e+00
4.092000000000000171e+01,5.462760134439841764e+00
4.092999999999999972e+01,5.497409979365271759e+00
4.094000000000000483e+01,5.551715758719713456e+00
4.095000000000000284e+01,5.596396629796437594e+00
4.096000000000000085e+01,5.676080094717000257e+00
4.096999999999999886e+01,8.845544812303479887e+00
4.098000000000000398e+01,8.894759779594725302e+00
4.099000000000000199e+01,5.645574641638487101e+00
4.100000000000000000e+01,5.539774305586769643e+00
4.101000000000000512e+01,5.513276277953239379e+00
4.102000000000000313e+01,5.601359838390167489e+00
4.103000000000000114e+01,5.763093136113050186e+00
4.103999999999999915e+01,9.227776246843005126e+00
4.105000000000000426e+01,9.176069961894416593e+00
4.106000000000000227e+01,9.183524250841886172e+00
4.107000000000000028e+01,9.230100236726631380e+00
4.108000000000000540e+01,9.284722793158254106e+00
4.109000000000000341e+01,9.357496116788688312e+00
4.110000000000000142e+01,5.837879000070967273e+00
4.110999999999999943e+01,5.889890124733417665e+00
4.112000000000000455e+01,5.863893338348276529e+00
4.113000000000000256e+01,5.787411800024231390e+00
4.114000000000000057e+01,5.774783640032591592e+00
4.114999999999999858e+01,9.126675893017138108e+00
4.116000000000000369e+01,9.102965140334275063e+00
4.117000000000000171e+01,9.147265506521607747e+00
4.117999999999999972e+01,9.188649293733055501e+00
4.119000000000000483e+01,9.194883600368413568e+00
4.120000000000000284e+01,9.201726892338253805e+00
4.121000000000000085e+01,9.198171382376445493e+00
4.121999999999999886e+01,9.170996348899285167e+00
4.123000000000000398e+01,9.146414332563116645e+00
4.124000000000000199e+01,9.139346330281833630e+00
4.125000000000000000e+01,9.102391977142071156e+00
4.126000000000000512e+01,9.030985954286302686e+00
4.127000000000000313e+01,9.005316717740949883e+00
4.128000000000000114e+01,9.057800418044948287e+00
4.128999999999999915e+01,9.176150132331986953e+00
4.130000000000000426e+01,9.299928919078951139e+00
4.131000000000000227e+01,9.277207804426987892e+00
4.132000000000000028e+01,9.133514421940164496e+00
4.133000000000000540e+01,8.973436547450759804e+00
4.134000000000000341e+01,8.806514119991859957e+00
4.135000000000000142e+01,8.633383773504064607e+00
4.135999999999999943e+01,8.462891007258452447e+00
4.137000000000000455e+01,8.317486978513462859e+00
4.138000000000000256e+01,8.223603687903496606e+00
4.139000000000000057e+01,8.202701209832587992e+00
4.139999999999999858e+01,8.247782832004064701e+00
4.141000000000000369e+01,8.299499672924955718e+00
4.142000000000000171e+01,8.294488446553796024e+00
4.142999999999999972e+01,8.173701785760782101e+00
4.144000000000000483e+01,7.993105298824731975e+00
4.145000000000000284e+01,7.877664241680779611e+00
4.146000000000000085e+01,7.847747357788030342e+00
4.146999999999999886e+01,7.879033382273552100e+00
4.148000000000000398e+01,7.960072844442819928e+00
4.149000000000000199e+01,8.047923140235869965e+00
4.150000000000000000e+01,8.118335625365828534e+00
4.151000000000000512e+01,8.187705746656323669e+00
4.152000000000000313e+01,8.283209040495354003e+00
4.153000000000000114e+01,8.403100569069788861e+00
4.153999999999999915e+01,8.496006732393814431e+00
4.155000000000000426e+01,8.510611153535098339e+00
4.156000000000000227e+01,8.463122976455499824e+00
4.157000000000000028e+01,5.828894848366478421e+00
4.158000000000000540e+01,5.751753589887066198e+00
4.159000000000000341e+01,5.697533742329077278e+00
4.160000000000000142e+01,5.682723187307228585e+00
4.160999999999999943e+01,5.642003918279428376e+00
4.162000000000000455e+01,5.535743911457685407e+00
4.163000000000000256e+01,5.399621075859357688e+00
4.164000000000000057e+01,5.301586363210968322e+00
4.164999999999999858e+01,5.254050830504292335e+00
4.166000000000000369e+01,5.206860001125589221e+00
4.167000000000000171e+01,5.123317538903233270e+00
4.167999999999999972e+01,5.017519264726569617e+00
4.169000000000000483e+01,4.918638345825887548e+00
4.170000000000000284e+01,4.811710085982829455e+00
4.171000000000000085e+01,4.693567040367128129e+00
4.171999999999999886e+01,4.588746489759727432e+00
4.173000000000000398e+01,4.534671658266265837e+00
4.174000000000000199e+01,4.505079147588836541e+00
4.175000000000000000e+01,4.438923839922579440e+00
4.176000000000000512e+01,4.350490294953626602e+00
4.177000000000000313e+01,4.281252759849040856e+00
4.178000000000000114e+01,4.258248863639582105e+00
4.178999999999999915e+01,4.185373695199821498e+00
4.180000000000000426e+01,3.999586579876753589e+00
4.181000000000000227e+01,3.807239210762831672e+00
4.182000000000000028e+01,3.687823751290556729e+00
4.183000000000000540e+01,3.650523064175741350e+00
4.184000000000000341e+01,3.678505904474134613e+00
4.185000000000000142e+01,3.754259966527926373e+00
4.185999999999999943e+01,3.857727144117891527e+00
4.187000000000000455e+01,3.957591068842485349e+00
4.188000000000000256e+01,4.013940806078919898e+00
4.189000000000000057e+01,3.982466901753737964e+00
4.189999999999999858e+01,3.861447953300891189e+00
4.191000000000000369e+01,3.721856452170765550e+00
4.192000000000000171e+01,3.613922808936197661e+00
4.192999999999999972e+01,3.569113043663261209e+00
4.194000000000000483e+01,3.597961697089810063e+00
4.195000000000000284e+01,3.683972659271031791e+00
4.196000000000000085e+01,3.804564635121145511e+00
4.196999999999999886e+01,3.959829283107907383e+00
4.198000000000000398e+01,4.131313260153860689e+00
4.199000000000000199e+01,4.286341628709363860e+00
4.200000000000000000e+01,4.412247891897939311e+00
4.201000000000000512e+01,4.507274387549060179e+00
4.202000000000000313e+01,4.576571991024921182e+00
4.203000000000000114e+01,4.609562656790698654e+00
4.203999999999999915e+01,4.574395731040834967e+00
4.205000000000000426e+01,4.482317381667742850e+00
4.206000000000000227e+01,4.378951560884288163e+00
4.207000000000000028e+01,4.307856541859897526e+00
4.208000000000000540e+01,4.215612728073144133e+00
4.209000000000000341e+01,4.064288230290125981e+00
4.210000000000000142e+01,3.890178017844037051e+00
4.210999999999999943e+01,3.732426668633058942e+00
4.212000000000000455e+01,3.654867551256999914e+00
4.213000000000000256e+01,3.647124697323215869e+00
4.214000000000000057e+01,3.620220704341981399e+00
4.214999999999999858e+01,3.563069854300865202e+00
4.216000000000000369e+01,3.513739010941315577e+00
4.217000000000000171e+01,3.526363234693066229e+00
4.217999999999999972e+01,3.556293902255698747e+00
4.219000000000000483e+01,3.586479072067116025e+00
4.220000000000000284e+01,3.625604500467654034e+00
4.221000000000000085e+01,3.689361685909255506e+00
4.221999999999999886e+01,3.732270358002239607e+00
4.223000000000000398e+01,3.722596469112251505e+00
4.224000000000000199e+01,3.706782355474306900e+00
4.225000000000000000e+01,3.743747988897033530e+00
4.226000000000000512e+01,3.850084111417608757e+00
4.227000000000000313e+01,3.933226179731489136e+00
4.228000000000000114e+01,3.963704262153869617e+00
4.228999999999999915e+01,4.026694894065378172e+00
4.230000000000000426e+01,4.158721034226909197e+00
4.231000000000000227e+01,4.338584796313877945e+00
4.232000000000000028e+01,4.525214455895380183e+00
4.233000000000000540e+01,4.675822154366086281e+00
4.234000000000000341e+01,4.795297869168194005e+00
4.235000000000000142e+01,4.879317749709000118e+00
4.235999999999999943e+01,4.913696164242100650e+00
4.237000000000000455e+01,4.940786499729893144e+00
4.238000000000000256e+01,5.020967793621524677e+00
4.239000000000000057e+01,5.108472631917267748e+00
4.239999999999999858e+01,5.155905814307088164e+00
4.241000000000000369e+01,5.160853666186298483e+00
4.242000000000000171e+01,5.138614324795379495e+00
4.242999999999999972e+01,5.109662267332794272e+00
4.244000000000000483e+01,5.110530187450092576e+00
4.245000000000000284e+01,5.162291366703251505e+00
4.246000000000000085e+01,5.246858038138365821e+00
4.246999999999999886e+01,5.340997373063845366e+00
4.248000000000000398e+01,5.413169984042528249e+00
4.249000000000000199e+01,5.447275102087197673e+00
4.250000000000000000e+01,5.460299566485151246e+00
4.251000000000000512e+01,5.465234621820837191e+00
4.252000000000000313e+01,5.450204360418770655e+00
4.253000000000000114e+01,5.426606185213437072e+00
4.253999999999999915e+01,5.454987140688802860e+00
4.255000000000000426e+01,5.563747403808725345e+00
4.256000000000000227e+01,5.725930551393954460e+00
4.257000000000000028e+01,8.027076769993172434e+00
4.258000000000000540e+01,7.970654321177152113e+00
4.259000000000000341e+01,8.028243194055658449e+00
4.260000000000000142e+01,8.129544139608567477e+00
4.260999999999999943e+01,8.164182716939951234e+00
4.262000000000000455e+01,8.137359194808164276e+00
4.263000000000000256e+01,8.137158331924972288e+00
4.264000000000000057e+01,8.181723014376371950e+00
4.264999999999999858e+01,8.186495275905070201e+00
4.266000000000000369e+01,8.118221950250189778e+00
4.267000000000000171e+01,8.038853904740465239e+00
4.267999999999999972e+01,8.041160697559837089e+00
4.269000000000000483e+01,8.155123815565524126e+00
4.270000000000000284e+01,8.309032288600159077e+00
4.271000000000000085e+01,8.442638833520536679e+00
4.271999999999999886e+01,8.585120725009986131e+00
4.273000000000000398e+01,8.790023647740788704e+00
4.274000000000000199e+01,8.991988060360235124e+00
4.275000000000000000e+01,9.108817396645131126e+00
4.276000000000000512e+01,9.092702207032420603e+00
4.277000000000000313e+01,9.033095154164159979e+00
4.278000000000000114e+01,9.075613676442824129e+00
4.278999999999999915e+01,9.136247261649609541e+00
4.280000000000000426e+01,9.130901629558220378e+00
4.281000000000000227e+01,9.088094410310944227e+00
4.282000000000000028e+01,9.120363575923112975e+00
4.283000000000000540e+01,5.764349197365874033e+00
4.284000000000000341e+01,5.506266129299695500e+00
4.285000000000000142e+01,5.359372080635885993e+00
4.285999999999999943e+01,5.307609316511054942e+00
4.287000000000000455e+01,5.311140245603333199e+00
4.288000000000000256e+01,5.366996449270829750e+00
4.289000000000000057e+01,5.390008163195791013e+00
4.289999999999999858e+01,5.254080213229019414e+00
4.291000000000000369e+01,5.060012917571395263e+00
4.292000000000000171e+01,4.969566150959676243e+00
4.292999999999999972e+01,4.982203393678756420e+00
4.294000000000000483e+01,4.949742310110335275e+00
4.295000000000000284e+01,4.827199823406302492e+00
4.296000000000000085e+01,4.741431322677934546e+00
4.296999999999999886e+01,4.702357782428716604e+00
4.298000000000000398e+01,4.642167903450484800e+00
4.299000000000000199e+01,4.575807235322232991e+00
4.300000000000000000e+01,4.584001030803872112e+00
4.301000000000000512e+01,4.641122756340092970e+00
4.302000000000000313e+01,4.677038247915657365e+00
4.303000000000000114e+01,4.702995644627827154e+00
4.303999999999999915e+01,4.784909172768833763e+00
4.305000000000000426e+01,4.878722883677911071e+00
4.306000000000000227e+01,4.908732298848334175e+00
4.307000000000000028e+01,4.912797996552664692e+00
4.308000000000000540e+01,4.914306031582189149e+00
4.309000000000000341e+01,4.878220388290265497e+00
4.310000000000000142e+01,4.844119222851554163e+00
4.310999999999999943e+01,4.890264501698258215e+00
4.312000000000000455e+01,5.035809518546026098e+00
4.313000000000000256e+01,5.160942721633200669e+00
4.314000000000000057e+01,5.185340702331473040e+00
4.314999999999999858e+01,5.189415478138249327e+00
4.316000000000000369e+01,5.207545810520558760e+00
4.317000000000000171e+01,5.199943744929543143e+00
4.317999999999999972e+01,5.184846609693555486e+00
4.319000000000000483e+01,5.237844333393676166e+00
4.320000000000000284e+01,5.397099736275718485e+00
4.321000000000000085e+01,5.610437348264609270e+00
4.321999999999999886e+01,5.798301785880779491e+00
4.323000000000000398e+01,5.868062730280539263e+00
4.324000000000000199e+01,5.870226308669508342e+00
4.325000000000000000e+01,5.884147657189904734e+00
4.326000000000000512e+01,5.885735180643719033e+00
4.327000000000000313e+01,5.886890951038136421e+00
4.328000000000000114e+01,8.650882771066546795e+00
4.328999999999999915e+01,8.612794287455203701e+00
4.330000000000000426e+01,8.551534574877482697e+00
4.331000000000000227e+01,8.485754725434210499e+00
4.332000000000000028e+01,8.463297586469709088e+00
4.333000000000000540e+01,8.470495110436283781e+00
4.334000000000000341e+01,8.510634657220107258e+00
4.335000000000000142e+01,8.568464214237227594e+00
4.335999999999999943e+01,8.606480952874992596e+00
4.337000000000000455e+01,8.627429020003582139e+00
4.338000000000000256e+01,8.636141787887691379e+00
4.339000000000000057e+01,8.644176486455837249e+00
4.339999999999999858e+01,8.646003852552286872e+00
4.341000000000000369e+01,8.665120088904943785e+00
4.342000000000000171e+01,8.740840182887970045e+00
4.342999999999999972e+01,5.685925049156882238e+00
4.344000000000000483e+01,5.636928761366402973e+00
4.345000000000000284e+01,5.633959343556492527e+00
4.346000000000000085e+01,5.650005804890597894e+00
4.346999999999999886e+01,5.623327524794382803e+00
4.348000000000000398e+01,5.465849821513034001e+00
4.349000000000000199e+01,5.244802087524827350e+00
4.350000000000000000e+01,5.067598560960048459e+00
4.351000000000000512e+01,4.975602265713272132e+00
4.352000000000000313e+01,4.935210068980598663e+00
4.353000000000000114e+01,4.912045325999160994e+00
4.353999999999999915e+01,4.894175735512814818e+00
4.355000000000000426e+01,4.858719788844431342e+00
4.356000000000000227e+01,4.808307678241003913e+00
4.357000000000000028e+01,4.768858252612037774e+00
4.358000000000000540e+01,4.729190550662965897e+00
4.359000000000000341e+01,4.641140436394460167e+00
4.360000000000000142e+01,4.505278317806988397e+00
4.360999999999999943e+01,4.365477170512705563e+00
4.362000000000000455e+01,4.226506111802219579e+00
4.363000000000000256e+01,4.103588546034877105e+00
4.364000000000000057e+01,4.027690594425323845e+00
4.364999999999999858e+01,3.967892360483910696e+00
4.366000000000000369e+01,3.871678701680736356e+00
4.367000000000000171e+01,3.755204012675192438e+00
4.367999999999999972e+01,3.709034227461660116e+00
4.369000000000000483e+01,3.750995676256891898e+00
4.370000000000000284e+01,3.767518420353858311e+00
4.371000000000000085e+01,3.687105924229683751e+00
4.371999999999999886e+01,3.561734425136948712e+00
4.373000000000000398e+01,3.507735885100419448e+00
4.374000000000000199e+01,3.515140710133002777e+00
4.375000000000000000e+01,3.530434932114288937e+00
4.376000000000000512e+01,3.516611362132253671e+00
4.377000000000000313e+01,3.493528355349753145e+00
4.378000000000000114e+01,3.469042633906081363e+00
4.378999999999999915e+01,3.442783484124612770e+00
4.380000000000000426e+01,3.432813912109504262e+00
4.381000000000000227e+01,3.387696009356989890e+00
4.382000000000000028e+01,3.259710890741911893e+00
4.383000000000000540e+01,3.045063348930333369e+00
4.384000000000000341e+01,2.816538512328073729e+00
4.385000000000000142e+01,2.605256256119318437e+00
4.385999999999999943e+01,2.427237553653164959e+00
4.387000000000000455e+01,2.283992825483080136e+00
4.388000000000000256e+01,2.108449151933361243e+00
4.389000000000000057e+01,1.955449072523673504e+00
4.389999999999999858e+01,1.981255818571089788e+00
4.391000000000000369e+01,2.114313146104007668e+00
4.392000000000000171e+01,2.231997377468997179e+00
4.392999999999999972e+01,2.333135864593378628e+00
4.394000000000000483e+01,2.410265099051915882e+00
4.395000000000000284e+01,2.370472453416931025e+00
4.396000000000000085e+01,2.228230697912141345e+00
4.396999999999999886e+01,2.030657738105290822e+00
4.398000000000000398e+01,1.860853617130918014e+00
4.399000000000000199e+01,1.898569333467981846e+00
4.400000000000000000e+01,2.076096913019198631e+00
4.401000000000000512e+01,2.212180777326512526e+00
4.402000000000000313e+01,2.297669871378139383e+00
4.403000000000000114e+01,2.378921717661088397e+00
4.403999999999999915e+01,2.443165520747486052e+00
4.405000000000000426e+01,2.455962327832743597e+00
4.406000000000000227e+01,2.427720353044729329e+00
4.407000000000000028e+01,2.388445702090487011e+00
4.408000000000000540e+01,2.337019490437072911e+00
4.409000000000000341e+01,2.258359441979255422e+00
4.410000000000000142e+01,2.189795022664040136e+00
4.410999999999999943e+01,2.190708022530117205e+00
4.412000000000000455e+01,2.247887473651850598e+00
4.413000000000000256e+01,2.296265244312261977e+00
4.414000000000000057e+01,2.304789445782044588e+00
4.414999999999999858e+01,2.264649711087513673e+00
4.416000000000000369e+01,2.165116993960003011e+00
4.417000000000000171e+01,2.048754758270723730e+00
4.417999999999999972e+01,1.960179700539570025e+00
4.419000000000000483e+01,1.954816630746582184e+00
4.420000000000000284e+01,2.061326098688212038e+00
4.421000000000000085e+01,2.195433345485241272e+00
4.421999999999999886e+01,2.232996401269419451e+00
4.423000000000000398e+01,2.180991690204093114e+00
4.424000000000000199e+01,2.104243884393289132e+00
4.425000000000000000e+01,2.023736375637692930e+00
4.426000000000000512e+01,1.965919531952190047e+00
4.427000000000000313e+01,1.932299143366054572e+00
4.428000000000000114e+01,1.976443327055977806e+00
4.428999999999999915e+01,2.110876927042580675e+00
4.430000000000000426e+01,2.250538968704327125e+00
4.431000000000000227e+01,2.302702985223732401e+00
4.432000000000000028e+01,2.203691903960582010e+00
4.433000000000000540e+01,2.005884107885890444e+00
4.434000000000000341e+01,1.878017602055159108e+00
4.435000000000000142e+01,1.959860519469950546e+00
4.435999999999999943e+01,2.200747210729671277e+00
4.437000000000000455e+01,2.440903807147475568e+00
4.438000000000000256e+01,2.533516082006592285e+00
4.439000000000000057e+01,2.512748350697567634e+00
4.439999999999999858e+01,2.449890545653949481e+00
4.441000000000000369e+01,2.368762319993323207e+00
4.442000000000000171e+01,2.309506897236201617e+00
4.442999999999999972e+01,2.316102223307182850e+00
4.444000000000000483e+01,2.324559951410850811e+00
4.445000000000000284e+01,2.185338380641267175e+00
4.446000000000000085e+01,2.041538819341519595e+00
4.446999999999999886e+01,2.036426226979625387e+00
4.448000000000000398e+01,2.135823537442206987e+00
4.449000000000000199e+01,2.271347696687164408e+00
4.450000000000000000e+01,2.388049311582092216e+00
4.451000000000000512e+01,2.416307001888519324e+00
4.452000000000000313e+01,2.333306609968196277e+00
4.453000000000000114e+01,2.126649768836226695e+00
4.453999999999999915e+01,1.851776805347231214e+00
4.455000000000000426e+01,1.777786007166300086e+00
4.456000000000000227e+01,1.972625700731135856e+00
4.457000000000000028e+01,2.191497744528204006e+00
4.458000000000000540e+01,2.318639645110095682e+00
4.459000000000000341e+01,2.336839272872987205e+00
4.460000000000000142e+01,2.248434228775500809e+00
4.460999999999999943e+01,2.081134271982588935e+00
4.462000000000000455e+01,1.937927309430642842e+00
4.463000000000000256e+01,1.972433883463291515e+00
4.464000000000000057e+01,2.193116455118935271e+00
4.465000000000000568e+01,2.430642160528480478e+00
4.466000000000000369e+01,2.650097239035591024e+00
4.467000000000000171e+01,2.833126074307326103e+00
4.467999999999999972e+01,2.949953030638466700e+00
4.469000000000000483e+01,3.016403767788740975e+00
4.470000000000000284e+01,3.069625542062194956e+00
4.471000000000000085e+01,3.102199706070204677e+00
4.471999999999999886e+01,3.094907077454537969e+00
4.473000000000000398e+01,3.093749354500414217e+00
4.474000000000000199e+01,3.102130567933707006e+00
4.475000000000000000e+01,3.035871712961290214e+00
4.476000000000000512e+01,2.914887013314585662e+00
4.477000000000000313e+01,2.836029476696807272e+00
4.478000000000000114e+01,2.812652200972995065e+00
4.478999999999999915e+01,2.781140527869535362e+00
4.480000000000000426e+01,2.716385899574879303e+00
4.481000000000000227e+01,2.619556429955425703e+00
4.482000000000000028e+01,2.543937362433065008e+00
4.483000000000000540e+01,2.507252724336404892e+00
4.484000000000000341e+01,2.469275593260883639e+00
4.485000000000000142e+01,2.398586728704166671e+00
4.485999999999999943e+01,2.292509931034687032e+00
4.487000000000000455e+01,2.192146123937521285e+00
4.488000000000000256e+01,2.104858928611472280e+00
4.489000000000000057e+01,2.027764070101988558e+00
4.490000000000000568e+01,1.988801990525180585e+00
4.491000000000000369e+01,2.052967810040621899e+00
4.492000000000000171e+01,2.143162741883308797e+00
4.492999999999999972e+01,2.152438636015149065e+00
4.494000000000000483e+01,2.055578551087770656e+00
4.495000000000000284e+01,1.962086752719006011e+00
4.496000000000000085e+01,1.979637812628851634e+00
4.496999999999999886e+01,2.085616492301796132e+00
4.498000000000000398e+01,2.184465952536045918e+00
4.499000000000000199e+01,2.240723282892476576e+00
4.500000000000000000e+01,2.273659987346249078e+00
4.501000000000000512e+01,2.297450332274369789e+00
4.502000000000000313e+01,2.286149487065326724e+00
4.503000000000000114e+01,2.229488798357401436e+00
4.503999999999999915e+01,2.129751586585862277e+00
4.505000000000000426e+01,2.045864003417481758e+00
4.506000000000000227e+01,2.058001238898190088e+00
4.507000000000000028e+01,2.174686853707724854e+00
4.508000000000000540e+01,2.301492099899013155e+00
4.509000000000000341e+01,2.356588428847644412e+00
4.510000000000000142e+01,2.334498913327763603e+00
4.510999999999999943e+01,2.240313110551566567e+00
4.512000000000000455e+01,2.095282799302411902e+00
4.513000000000000256e+01,1.970416601322318773e+00
4.514000000000000057e+01,1.963382452656396993e+00
4.515000000000000568e+01,2.056255256020443678e+00
4.516000000000000369e+01,2.194317240864300800e+00
4.517000000000000171e+01,2.307446359888660314e+00
4.517999999999999972e+01,2.356374686510601002e+00
4.519000000000000483e+01,2.319773222392797596e+00
4.520000000000000284e+01,2.208577808087593297e+00
4.521000000000000085e+01,2.056578300956815486e+00
4.521999999999999886e+01,1.948841376523606339e+00
4.523000000000000398e+01,1.976172775985203467e+00
4.524000000000000199e+01,2.109963903314969524e+00
4.525000000000000000e+01,2.235495388023381658e+00
4.526000000000000512e+01,2.302101591328256980e+00
4.527000000000000313e+01,2.307491828135281420e+00
4.528000000000000114e+01,2.281721254610797889e+00
4.528999999999999915e+01,2.252520165029300081e+00
4.530000000000000426e+01,2.234273528436879097e+00
4.531000000000000227e+01,2.236026472716269975e+00
4.532000000000000028e+01,2.275753037438137394e+00
4.533000000000000540e+01,2.370668591569061956e+00
4.534000000000000341e+01,2.525768118110404359e+00
4.535000000000000142e+01,2.690728569819763827e+00
4.535999999999999943e+01,2.791724888572041152e+00
4.537000000000000455e+01,2.797996785433154443e+00
4.538000000000000256e+01,2.756448115559629652e+00
4.539000000000000057e+01,2.726510526649318145e+00
4.540000000000000568e+01,2.687409141645701549e+00
4.541000000000000369e+01,2.583206553041090814e+00
4.542000000000000171e+01,2.445675495349850959e+00
4.542999999999999972e+01,2.355092748929105362e+00
4.544000000000000483e+01,2.339238538468749518e+00
4.545000000000000284e+01,2.342887429949970901e+00
4.546000000000000085e+01,2.317781057970943248e+00
4.546999999999999886e+01,2.263081249364351955e+00
4.548000000000000398e+01,2.199083583469018777e+00
4.549000000000000199e+01,2.128474118417455596e+00
4.550000000000000000e+01,2.055779833884757046e+00
4.551000000000000512e+01,2.002309963517386660e+00
4.552000000000000313e+01,2.007854444444233444e+00
4.553000000000000114e+01,2.064144843131792584e+00
4.553999999999999915e+01,2.139723444894975124e+00
4.555000000000000426e+01,2.192909557584037827e+00
4.556000000000000227e+01,2.178769108037402980e+00
4.557000000000000028e+01,2.081519345330543391e+00
4.558000000000000540e+01,1.972867637797968143e+00
4.559000000000000341e+01,1.942685301266669606e+00
4.560000000000000142e+01,1.986496229449598028e+00
4.560999999999999943e+01,2.047289270434116570e+00
4.562000000000000455e+01,2.107862125760801231e+00
4.563000000000000256e+01,2.165473263151900696e+00
4.564000000000000057e+01,2.198785600654979966e+00
4.565000000000000568e+01,2.189901116885506038e+00
4.566000000000000369e+01,2.148584314123917149e+00
4.567000000000000171e+01,2.109136496122952398e+00
4.567999999999999972e+01,2.079324536561395487e+00
4.569000000000000483e+01,2.097367960500169826e+00
4.570000000000000284e+01,2.145536056626585975e+00
4.571000000000000085e+01,2.174679327358989500e+00
4.571999999999999886e+01,2.193687003488227205e+00
4.573000000000000398e+01,2.234624652409456402e+00
4.574000000000000199e+01,2.246664573390269481e+00
4.575000000000000000e+01,2.232803187432123249e+00
4.576000000000000512e+01,2.257888276505261249e+00
4.577000000000000313e+01,2.303453211632429110e+00
4.578000000000000114e+01,2.303638688209028285e+00
4.578999999999999915e+01,2.219418597205563337e+00
4.580000000000000426e+01,2.094752323487859780e+00
4.581000000000000227e+01,1.997650105380752716e+00
4.582000000000000028e+01,1.994747336166794671e+00
4.583000000000000540e+01,2.034596160220278449e+00
4.584000000000000341e+01,2.091200400063718767e+00
4.585000000000000142e+01,2.155571370891150806e+00
4.585999999999999943e+01,2.158919498283076166e+00
4.587000000000000455e+01,2.044368263901763516e+00
4.588000000000000256e+01,1.946232311441111529e+00
4.589000000000000057e+01,1.952711596768260005e+00
4.590000000000000568e+01,2.015088826738591354e+00
4.591000000000000369e+01,2.079245362174430234e+00
4.592000000000000171e+01,2.119960430497271009e+00
4.592999999999999972e+01,2.123640647685318683e+00
4.594000000000000483e+01,2.054005459562449953e+00
4.595000000000000284e+01,1.970139053846514443e+00
4.596000000000000085e+01,1.950651717868796764e+00
4.596999999999999886e+01,1.993133473945643663e+00
4.598000000000000398e+01,2.025664037775007476e+00
4.599000000000000199e+01,1.999697918103091165e+00
4.600000000000000000e+01,1.954204840970940049e+00
4.601000000000000512e+01,1.914274438297887793e+00
4.602000000000000313e+01,1.896274595479831904e+00
4.603000000000000114e+01,1.944001245276713696e+00
4.603999999999999915e+01,2.027434659425479069e+00
4.605000000000000426e+01,2.056685831102114115e+00
4.606000000000000227e+01,2.007689310622724488e+00
4.607000000000000028e+01,1.933849950640103010e+00
4.608000000000000540e+01,1.906840230147105464e+00
4.609000000000000341e+01,1.907416534220849336e+00
4.610000000000000142e+01,1.915136757649559263e+00
4.610999999999999943e+01,1.973113157668969997e+00
4.612000000000000455e+01,2.038930638945033014e+00
4.613000000000000256e+01,2.046874212132031357e+00
4.614000000000000057e+01,2.038673118380345706e+00
4.615000000000000568e+01,2.037487204130694618e+00
4.616000000000000369e+01,1.993846036946362643e+00
4.617000000000000171e+01,1.919312222070271190e+00
4.617999999999999972e+01,1.915409938122052402e+00
4.619000000000000483e+01,1.973668878150816708e+00
4.620000000000000284e+01,1.985094983205851094e+00
4.621000000000000085e+01,1.959576495432976406e+00
4.621999999999999886e+01,1.959025662081190999e+00
4.623000000000000398e+01,1.961904248494836134e+00
4.624000000000000199e+01,1.945395397171300056e+00
4.625000000000000000e+01,1.975905870053456415e+00
4.626000000000000512e+01,2.024398326691094763e+00
4.627000000000000313e+01,2.011086110666819859e+00
4.628000000000000114e+01,1.947576770007684255e+00
4.628999999999999915e+01,1.932762784994593419e+00
4.630000000000000426e+01,2.000551962265042949e+00
4.631000000000000227e+01,2.076494509280230716e+00
4.632000000000000028e+01,2.110776243069616864e+00
4.633000000000000540e+01,2.109432316955191844e+00
4.634000000000000341e+01,2.048542126673766894e+00
4.635000000000000142e+01,1.932912650742912408e+00
4.635999999999999943e+01,1.889743072271791613e+00
4.637000000000000455e+01,1.953459873698919269e+00
4.638000000000000256e+01,1.942617214190623942e+00
4.639000000000000057e+01,1.895236106135465670e+00
4.640000000000000568e+01,1.935603418202662684e+00
4.641000000000000369e+01,2.002130078640491639e+00
4.642000000000000171e+01,2.010059679262743870e+00
4.642999999999999972e+01,1.958197685756409623e+00
4.644000000000000483e+01,1.876259975585619522e+00
4.645000000000000284e+01,1.812940740456143063e+00
4.646000000000000085e+01,1.877890691514521704e+00
4.646999999999999886e+01,2.000738089035901446e+00
4.648000000000000398e+01,2.066959829325176745e+00
4.649000000000000199e+01,2.051251613045873334e+00
4.650000000000000000e+01,1.960159074600879459e+00
4.651000000000000512e+01,1.870712251104965862e+00
4.652000000000000313e+01,1.909606986514344351e+00
4.653000000000000114e+01,2.007570424281615029e+00
4.653999999999999915e+01,2.023252150867807408e+00
4.655000000000000426e+01,1.945310009394968231e+00
4.656000000000000227e+01,1.877228241132966380e+00
4.657000000000000028e+01,1.889084640994942221e+00
4.658000000000000540e+01,1.938658660348654639e+00
4.659000000000000341e+01,1.994064208430787577e+00
4.660000000000000142e+01,2.008576772672842292e+00
4.660999999999999943e+01,1.944995305098724980e+00
4.662000000000000455e+01,1.868982566684959101e+00
4.663000000000000256e+01,1.909848650384474267e+00
4.664000000000000057e+01,1.968582089457557194e+00
4.665000000000000568e+01,1.874982611454764969e+00
4.666000000000000369e+01,1.825642287668341357e+00
4.667000000000000171e+01,1.933876027660919039e+00
4.667999999999999972e+01,2.065551868026536120e+00
4.669000000000000483e+01,2.136724735432134814e+00
4.670000000000000284e+01,2.099149859008026642e+00
4.671000000000000085e+01,1.948086318060277433e+00
4.671999999999999886e+01,1.802685693334840078e+00
4.673000000000000398e+01,1.828095295964517586e+00
4.674000000000000199e+01,1.973044539857218727e+00
4.675000000000000000e+01,2.068226557767990137e+00
4.676000000000000512e+01,2.048423518106446739e+00
4.677000000000000313e+01,1.950750845302752889e+00
4.678000000000000114e+01,1.863267175923706942e+00
4.678999999999999915e+01,1.846161218768307632e+00
4.680000000000000426e+01,1.875067479736475029e+00
4.681000000000000227e+01,1.913093340726968128e+00
4.682000000000000028e+01,1.941390323778896310e+00
4.683000000000000540e+01,1.960451392703010942e+00
4.684000000000000341e+01,1.962080808507601581e+00
4.685000000000000142e+01,1.932037717031168444e+00
4.685999999999999943e+01,1.899092711594336125e+00
4.687000000000000455e+01,1.894994575410351434e+00
4.688000000000000256e+01,1.936261047725323481e+00
4.689000000000000057e+01,2.014576714346824726e+00
4.690000000000000568e+01,2.056194589928891148e+00
4.691000000000000369e+01,2.000713890673214035e+00
4.692000000000000171e+01,1.917168142836870537e+00
4.692999999999999972e+01,1.898880592542860013e+00
4.694000000000000483e+01,1.969645074561512832e+00
4.695000000000000284e+01,2.065099213641445441e+00
4.696000000000000085e+01,2.095443184947062942e+00
4.696999999999999886e+01,2.009858256470352433e+00
4.698000000000000398e+01,1.849845437287762850e+00
4.699000000000000199e+01,1.820041559299707457e+00
4.700000000000000000e+01,2.002306534690533102e+00
4.701000000000000512e+01,2.190097034376080387e+00
4.702000000000000313e+01,2.262981068934372342e+00
4.703000000000000114e+01,2.242650699885208265e+00
4.703999999999999915e+01,2.151606182720132932e+00
4.705000000000000426e+01,2.020260995244087976e+00
4.706000000000000227e+01,1.917124159876607559e+00
4.707000000000000028e+01,1.942429258830919103e+00
4.708000000000000540e+01,2.015546036070661629e+00
4.709000000000000341e+01,1.954672621470498584e+00
4.710000000000000142e+01,1.852906697704085337e+00
4.710999999999999943e+01,1.934806686318094382e+00
4.712000000000000455e+01,2.160492647867020555e+00
4.713000000000000256e+01,2.390887565567121342e+00
4.714000000000000057e+01,2.591164246935302451e+00
4.715000000000000568e+01,2.767269661108952672e+00
4.716000000000000369e+01,2.883243697735280886e+00
4.717000000000000171e+01,2.894754251854473548e+00
4.717999999999999972e+01,2.778458475342031164e+00
4.719000000000000483e+01,2.576552149911415679e+00
4.720000000000000284e+01,2.315719091465254564e+00
4.721000000000000085e+01,2.031998878840931777e+00
4.721999999999999886e+01,1.852329163685639601e+00
4.723000000000000398e+01,1.916603219449567685e+00
4.724000000000000199e+01,2.132962136583407720e+00
4.725000000000000000e+01,2.305295971265070687e+00
4.726000000000000512e+01,2.378871211750266834e+00
4.727000000000000313e+01,2.397182111303024055e+00
4.728000000000000114e+01,2.333591338420538897e+00
4.728999999999999915e+01,2.170293992162422914e+00
4.730000000000000426e+01,1.960406198832436830e+00
4.731000000000000227e+01,1.881797524760463247e+00
4.732000000000000028e+01,2.026930274100047225e+00
4.733000000000000540e+01,2.170228170223962305e+00
4.734000000000000341e+01,2.195123078208092604e+00
4.735000000000000142e+01,2.171706231034354673e+00
4.735999999999999943e+01,2.134904907355365200e+00
4.737000000000000455e+01,2.069956847198733740e+00
4.738000000000000256e+01,1.999758883893768324e+00
4.739000000000000057e+01,1.994458542704643733e+00
4.740000000000000568e+01,2.022412712748819175e+00
4.741000000000000369e+01,2.055114026007760941e+00
4.742000000000000171e+01,2.161679586155607957e+00
4.742999999999999972e+01,2.320523947369472317e+00
4.744000000000000483e+01,2.417290327601425481e+00
4.745000000000000284e+01,2.408463188011979117e+00
4.746000000000000085e+01,2.339994445852608962e+00
4.746999999999999886e+01,2.296976551576297432e+00
4.748000000000000398e+01,2.316107274743173683e+00
4.749000000000000199e+01,2.352644976510744446e+00
4.750000000000000000e+01,2.363442660966576625e+00
4.751000000000000512e+01,2.367368549590725291e+00
4.752000000000000313e+01,2.389498703314313577e+00
4.753000000000000114e+01,2.470917043226930510e+00
4.753999999999999915e+01,2.637810756352868768e+00
4.755000000000000426e+01,2.811644686866931142e+00
4.756000000000000227e+01,2.867009964521585630e+00
4.757000000000000028e+01,2.764445095404815866e+00
4.758000000000000540e+01,2.606769481394112464e+00
4.759000000000000341e+01,2.493983781054765370e+00
4.760000000000000142e+01,2.420723903313244385e+00
4.760999999999999943e+01,2.308379278287378877e+00
4.762000000000000455e+01,2.145240475751247544e+00
4.763000000000000256e+01,2.017927515053500098e+00
4.764000000000000057e+01,2.023411695330387339e+00
4.765000000000000568e+01,2.144818555088394252e+00
4.766000000000000369e+01,2.276381342687525677e+00
4.767000000000000171e+01,2.301593953797172798e+00
4.767999999999999972e+01,2.163639644234663262e+00
4.769000000000000483e+01,1.935348408442264079e+00
4.770000000000000284e+01,1.831203945670155431e+00
4.771000000000000085e+01,1.965759230253760759e+00
4.771999999999999886e+01,2.100964833148669886e+00
4.773000000000000398e+01,2.093180012304425297e+00
4.774000000000000199e+01,2.057911366344410631e+00
4.775000000000000000e+01,2.072221561612262342e+00
4.776000000000000512e+01,2.107407685148248166e+00
4.777000000000000313e+01,2.127175154789506806e+00
4.778000000000000114e+01,2.166533766352095380e+00
4.778999999999999915e+01,2.265067287922974959e+00
4.780000000000000426e+01,2.366203363112453051e+00
4.781000000000000227e+01,2.405086289374926523e+00
4.782000000000000028e+01,2.374408724740417753e+00
4.783000000000000540e+01,2.355942659108299253e+00
4.784000000000000341e+01,2.377702409278749762e+00
4.785000000000000142e+01,2.390869055110001362e+00
4.785999999999999943e+01,2.346730475624736023e+00
4.787000000000000455e+01,2.214771699659505266e+00
4.788000000000000256e+01,2.067731398373028107e+00
4.789000000000000057e+01,2.006351847437874092e+00
4.790000000000000568e+01,2.045779514607467764e+00
4.791000000000000369e+01,2.134343724453068525e+00
4.792000000000000171e+01,2.218075488997024891e+00
4.792999999999999972e+01,2.247644513994657700e+00
4.794000000000000483e+01,2.201519117205602782e+00
4.795000000000000284e+01,2.082561327277481666e+00
4.796000000000000085e+01,1.966449817361554331e+00
4.796999999999999886e+01,1.962560897070621424e+00
4.798000000000000398e+01,2.040530925418078123e+00
4.799000000000000199e+01,2.083865926802450197e+00
4.800000000000000000e+01,2.076499671153024806e+00
4.801000000000000512e+01,2.065982621164494493e+00
4.802000000000000313e+01,2.069837866744215660e+00
4.803000000000000114e+01,2.069696053615896592e+00
4.803999999999999915e+01,2.083777410692298382e+00
4.805000000000000426e+01,2.158747320279165383e+00
4.806000000000000227e+01,2.302639120577577359e+00
4.807000000000000028e+01,2.469355595373631029e+00
4.808000000000000540e+01,2.604802563528528125e+00
4.809000000000000341e+01,2.629867381821417993e+00
4.810000000000000142e+01,2.540036028658790634e+00
4.810999999999999943e+01,2.423520386298556151e+00
4.812000000000000455e+01,2.326376752703346984e+00
4.813000000000000256e+01,2.192801420708121451e+00
4.814000000000000057e+01,2.018628994465073934e+00
4.815000000000000568e+01,1.931252278451033089e+00
4.816000000000000369e+01,2.020955246097829949e+00
4.817000000000000171e+01,2.183398644966109359e+00
4.817999999999999972e+01,2.345665148933646638e+00
4.819000000000000483e+01,2.510212865940371074e+00
4.820000000000000284e+01,2.623025931805701649e+00
4.821000000000000085e+01,2.602215872108234684e+00
4.821999999999999886e+01,2.432949038490137550e+00
4.823000000000000398e+01,2.224972944279342446e+00
4.824000000000000199e+01,2.074840350490284369e+00
4.825000000000000000e+01,1.951666955405062298e+00
4.826000000000000512e+01,1.882083252707592580e+00
4.827000000000000313e+01,1.952929975894625025e+00
4.828000000000000114e+01,2.086558174655904541e+00
4.828999999999999915e+01,2.220711389529426594e+00
4.830000000000000426e+01,2.340549945676257071e+00
4.831000000000000227e+01,2.426221132157300175e+00
4.832000000000000028e+01,2.415802472333593354e+00
4.833000000000000540e+01,2.302401591665477643e+00
4.834000000000000341e+01,2.174702400628917953e+00
4.835000000000000142e+01,2.069690640192655806e+00
4.835999999999999943e+01,2.003833158335093234e+00
4.837000000000000455e+01,1.958834949654525204e+00
4.838000000000000256e+01,1.926254808259600493e+00
4.839000000000000057e+01,1.966224344862404161e+00
4.840000000000000568e+01,2.107767494950246068e+00
4.841000000000000369e+01,2.259428518032957189e+00
4.842000000000000171e+01,2.319935365010270534e+00
4.842999999999999972e+01,2.254576125899160566e+00
4.844000000000000483e+01,2.113068847438789088e+00
4.845000000000000284e+01,2.088306520209890493e+00
4.846000000000000085e+01,2.205903784056354677e+00
4.846999999999999886e+01,2.350007688852272292e+00
4.848000000000000398e+01,2.468653480872994965e+00
4.849000000000000199e+01,2.570523480098684921e+00
4.850000000000000000e+01,2.622583830894126944e+00
4.851000000000000512e+01,2.602986898100637436e+00
4.852000000000000313e+01,2.559229052267837812e+00
4.853000000000000114e+01,2.532355120196102316e+00
4.853999999999999915e+01,2.483910220475065600e+00
4.855000000000000426e+01,2.359674906052446897e+00
4.856000000000000227e+01,2.248928735039558369e+00
4.857000000000000028e+01,2.199252753009703021e+00
4.858000000000000540e+01,2.182906788536400633e+00
4.859000000000000341e+01,2.209355835876655849e+00
4.860000000000000142e+01,2.330142721473278389e+00
4.860999999999999943e+01,2.504672512867967882e+00
4.862000000000000455e+01,2.613066465699065866e+00
4.863000000000000256e+01,2.614971307593119576e+00
4.864000000000000057e+01,2.530525248642208069e+00
4.865000000000000568e+01,2.384293438600290749e+00
4.866000000000000369e+01,2.222751975974684324e+00
4.867000000000000171e+01,2.135183810348058042e+00
4.867999999999999972e+01,2.089488335291471710e+00
4.869000000000000483e+01,2.032305827876278226e+00
4.870000000000000284e+01,1.988320679803570190e+00
4.871000000000000085e+01,2.031689800688022629e+00
4.871999999999999886e+01,2.097222398428485235e+00
4.873000000000000398e+01,2.048771046543083951e+00
4.874000000000000199e+01,1.931279288272671923e+00
4.875000000000000000e+01,1.890930840294718251e+00
4.876000000000000512e+01,1.969966919566359387e+00
4.877000000000000313e+01,2.058838250066386877e+00
4.878000000000000114e+01,2.087400356609789398e+00
4.878999999999999915e+01,2.000923386043985008e+00
4.880000000000000426e+01,1.824251913912639411e+00
4.881000000000000227e+01,1.808773923797773797e+00
4.882000000000000028e+01,2.012671055604416726e+00
4.883000000000000540e+01,2.110479294090480185e+00
4.884000000000000341e+01,2.019232395903139743e+00
4.885000000000000142e+01,1.874524539892938657e+00
4.885999999999999943e+01,1.830467629215126957e+00
4.887000000000000455e+01,1.947776724225703360e+00
4.888000000000000256e+01,2.078731710726255955e+00
4.889000000000000057e+01,2.127555553460947380e+00
4.890000000000000568e+01,2.087107171109067849e+00
4.891000000000000369e+01,1.997482351780793586e+00
4.892000000000000171e+01,1.950401708625037811e+00
4.892999999999999972e+01,1.989548731922735403e+00
4.894000000000000483e+01,2.069430360644427758e+00
4.895000000000000284e+01,2.110761689986280665e+00
4.896000000000000085e+01,2.043831489562365711e+00
4.896999999999999886e+01,1.950002176507193763e+00
4.898000000000000398e+01,1.939105413400725508e+00
4.899000000000000199e+01,1.981233994653729624e+00
4.900000000000000000e+01,2.006130327400031721e+00
4.901000000000000512e+01,2.018408177376433965e+00
4.902000000000000313e+01,2.041980450645461076e+00
4.903000000000000114e+01,2.030672866066993709e+00
4.903999999999999915e+01,1.975317178731084589e+00
4.905000000000000426e+01,1.981857978165185941e+00
4.906000000000000227e+01,2.077239355480237748e+00
4.907000000000000028e+01,2.197287181522030064e+00
4.908000000000000540e+01,2.309029855121738972e+00
4.909000000000000341e+01,2.378625824109980691e+00
4.910000000000000142e+01,2.288462649624547485e+00
4.910999999999999943e+01,2.061517699806020509e+00
4.912000000000000455e+01,1.893778131741373993e+00
4.913000000000000256e+01,1.927286219152876345e+00
4.914000000000000057e+01,2.083860880863406262e+00
4.915000000000000568e+01,2.230116664708545748e+00
4.916000000000000369e+01,2.274232849588222471e+00
4.917000000000000171e+01,2.223837661130937171e+00
4.917999999999999972e+01,2.171248654283160828e+00
4.919000000000000483e+01,2.171336554681220665e+00
4.920000000000000284e+01,2.190855443883780396e+00
4.921000000000000085e+01,2.197663380148744405e+00
4.921999999999999886e+01,2.199817226521231017e+00
4.923000000000000398e+01,2.201980572900765321e+00
4.924000000000000199e+01,2.188346961615691644e+00
4.925000000000000000e+01,2.123822454343894606e+00
4.926000000000000512e+01,2.023965058722648092e+00
4.927000000000000313e+01,1.961136407086462308e+00
4.928000000000000114e+01,1.952761047798730942e+00
4.928999999999999915e+01,1.974721120672380259e+00
4.930000000000000426e+01,2.023456451713157911e+00
4.931000000000000227e+01,2.098568330327394094e+00
4.932000000000000028e+01,2.145578575069639005e+00
4.933000000000000540e+01,2.143455473830059521e+00
4.934000000000000341e+01,2.102985913851589839e+00
4.935000000000000142e+01,2.041378754127067374e+00
4.935999999999999943e+01,1.963186162882091024e+00
4.937000000000000455e+01,1.861234904943412705e+00
4.938000000000000256e+01,1.835358803747591194e+00
4.939000000000000057e+01,1.985130493986235978e+00
4.940000000000000568e+01,2.152316872649996160e+00
4.941000000000000369e+01,2.203986439466225189e+00
4.942000000000000171e+01,2.161225119901271086e+00
4.942999999999999972e+01,2.057935171869898383e+00
4.944000000000000483e+01,1.894672312005406534e+00
4.945000000000000284e+01,1.783680303140629642e+00
4.946000000000000085e+01,1.904592617000968824e+00
4.946999999999999886e+01,2.101435728870396868e+00
4.948000000000000398e+01,2.200661256858016390e+00
4.949000000000000199e+01,2.147433157167894180e+00
4.950000000000000000e+01,1.978920437980946190e+00
4.951000000000000512e+01,1.809240164050193833e+00
4.952000000000000313e+01,1.776485712044854726e+00
4.953000000000000114e+01,1.914564329070091997e+00
4.953999999999999915e+01,2.102983389192298436e+00
4.955000000000000426e+01,2.226241690840677467e+00
4.956000000000000227e+01,2.260358369307483795e+00
4.957000000000000028e+01,2.218779714060562291e+00
4.958000000000000540e+01,2.092114166907360406e+00
4.959000000000000341e+01,1.909236792785484971e+00
4.960000000000000142e+01,1.815109127565674108e+00
4.960999999999999943e+01,1.919819150229046700e+00
4.962000000000000455e+01,2.088612373613485396e+00
4.963000000000000256e+01,2.187619572947777424e+00
4.964000000000000057e+01,2.197378071405221345e+00
4.965000000000000568e+01,2.142959046864158168e+00
4.966000000000000369e+01,2.063163994564392478e+00
4.967000000000000171e+01,2.005348789581354207e+00
4.967999999999999972e+01,2.019099189904466130e+00
4.969000000000000483e+01,2.103380890831108019e+00
4.970000000000000284e+01,2.145385749525952512e+00
4.971000000000000085e+01,2.134194145967640566e+00
4.971999999999999886e+01,2.147740394666532104e+00
4.973000000000000398e+01,2.183141245584091283e+00
4.974000000000000199e+01,2.225221821487631590e+00
4.975000000000000000e+01,2.266770320572619735e+00
4.976000000000000512e+01,2.233125503507578991e+00
4.977000000000000313e+01,2.089172455384820548e+00
4.978000000000000114e+01,1.982347395579475924e+00
4.978999999999999915e+01,2.042467609333506573e+00
4.980000000000000426e+01,2.211169405536101085e+00
4.981000000000000227e+01,2.335925569400162161e+00
4.982000000000000028e+01,2.372541600451423260e+00
4.983000000000000540e+01,2.355350968853278548e+00
4.984000000000000341e+01,2.365567601992182745e+00
4.985000000000000142e+01,2.431756786709387885e+00
4.985999999999999943e+01,2.400875356035319541e+00
4.987000000000000455e+01,2.206128798084272535e+00
4.988000000000000256e+01,2.073758910461639626e+00
4.989000000000000057e+01,2.135543235053639854e+00
4.990000000000000568e+01,2.293692150079097658e+00
4.991000000000000369e+01,2.421208906342277256e+00
4.992000000000000171e+01,2.463782153676358888e+00
4.992999999999999972e+01,2.453814992714115295e+00
4.994000000000000483e+01,2.420221745616244480e+00
4.995000000000000284e+01,2.337602544880176048e+00
4.996000000000000085e+01,2.191196946552338432e+00
4.996999999999999886e+01,2.025866502966795490e+00
4.998000000000000398e+01,1.949732322980913146e+00
4.999000000000000199e+01,1.987951940240292092e+00
5.000000000000000000e+01,2.058678060508785990e+00
5.001000000000000512e+01,2.140814730302986302e+00
5.002000000000000313e+01,2.245083204646634023e+00
5.003000000000000114e+01,2.356231308897233312e+00
5.003999999999999915e+01,2.483053592377605145e+00
5.005000000000000426e+01,2.588395717093200155e+00
5.006000000000000227e+01,2.588677136083518349e+00
5.007000000000000028e+01,2.497076850751239530e+00
5.008000000000000540e+01,2.380858339559989378e+00
5.009000000000000341e+01,2.301615145193705025e+00
5.010000000000000142e+01,2.270068841350986411e+00
5.010999999999999943e+01,2.243996614883303931e+00
5.012000000000000455e+01,2.174800450618364245e+00
5.013000000000000256e+01,2.091081481734438530e+00
5.014000000000000057e+01,2.118773907327351491e+00
5.015000000000000568e+01,2.173505891192154760e+00
5.016000000000000369e+01,2.139026206022232479e+00
5.017000000000000171e+01,2.047447299200763293e+00
5.017999999999999972e+01,2.024307247646004004e+00
5.019000000000000483e+01,2.048245986218743209e+00
5.020000000000000284e+01,2.029077792432719018e+00
5.021000000000000085e+01,1.977312992134717673e+00
5.021999999999999886e+01,1.999650302814594216e+00
5.023000000000000398e+01,2.082757944199830735e+00
5.024000000000000199e+01,2.119917207677776361e+00
5.025000000000000000e+01,2.072079862687783880e+00
5.026000000000000512e+01,2.045732795152675809e+00
5.027000000000000313e+01,2.130900216685864379e+00
5.028000000000000114e+01,2.240692176565729277e+00
5.028999999999999915e+01,2.297048588245498291e+00
5.030000000000000426e+01,2.325006453458098754e+00
5.031000000000000227e+01,2.396913555718987343e+00
5.032000000000000028e+01,2.482854301956619825e+00
5.033000000000000540e+01,2.556232785425929688e+00
5.034000000000000341e+01,2.595002462647239216e+00
5.035000000000000142e+01,2.619453378332083915e+00
5.035999999999999943e+01,2.670266333512261170e+00
5.037000000000000455e+01,2.704666997329924882e+00
5.038000000000000256e+01,2.655184837143480525e+00
5.039000000000000057e+01,2.558385390054955355e+00
5.040000000000000568e+01,2.467475026177212261e+00
5.041000000000000369e+01,2.397857704342323260e+00
5.042000000000000171e+01,2.397403754610579085e+00
5.042999999999999972e+01,2.459373184386129285e+00
5.044000000000000483e+01,2.471720288381686448e+00
5.045000000000000284e+01,2.413507561570102045e+00
5.046000000000000085e+01,2.335473061265535222e+00
5.047000000000000597e+01,2.294308959310867646e+00
5.048000000000000398e+01,2.308255127257666572e+00
5.049000000000000199e+01,2.307292127520926162e+00
5.050000000000000000e+01,2.257506601160542914e+00
5.051000000000000512e+01,2.159410056780654230e+00
5.052000000000000313e+01,2.073939729039265156e+00
5.053000000000000114e+01,2.025883494097484583e+00
5.053999999999999915e+01,1.956618080976799678e+00
5.055000000000000426e+01,1.876659606884452547e+00
5.056000000000000227e+01,1.927917353491086949e+00
5.057000000000000028e+01,2.076324447970745002e+00
5.058000000000000540e+01,2.142054199701383332e+00
5.059000000000000341e+01,2.041396142785774526e+00
5.060000000000000142e+01,1.909659952533838689e+00
5.060999999999999943e+01,1.876957048304170650e+00
5.062000000000000455e+01,1.916073487492253147e+00
5.063000000000000256e+01,1.940415572642807840e+00
5.064000000000000057e+01,1.984278856480345299e+00
5.065000000000000568e+01,2.003887241957009735e+00
5.066000000000000369e+01,1.919519215123557387e+00
5.067000000000000171e+01,1.822368845262932746e+00
5.067999999999999972e+01,1.848660656399805147e+00
5.069000000000000483e+01,1.932856069983234226e+00
5.070000000000000284e+01,1.934280887867331211e+00
5.071000000000000085e+01,1.889656034147549457e+00
5.072000000000000597e+01,1.905542692383442205e+00
5.073000000000000398e+01,1.956815520848104617e+00
5.074000000000000199e+01,1.946214867107469049e+00
5.075000000000000000e+01,1.869034119280540418e+00
5.076000000000000512e+01,1.870988874629531118e+00
5.077000000000000313e+01,1.969154496386057884e+00
5.078000000000000114e+01,1.990576113758634635e+00
5.078999999999999915e+01,1.894767776943156790e+00
5.080000000000000426e+01,1.852070531234679018e+00
5.081000000000000227e+01,1.935726367058264730e+00
5.082000000000000028e+01,1.968892471461532567e+00
5.083000000000000540e+01,1.888618394373349885e+00
5.084000000000000341e+01,1.866134645467984576e+00
5.085000000000000142e+01,1.950287574603631890e+00
5.085999999999999943e+01,1.998220200839273542e+00
5.087000000000000455e+01,2.029783731659634327e+00
5.088000000000000256e+01,2.054264893140428150e+00
5.089000000000000057e+01,2.011537682550821771e+00
5.090000000000000568e+01,1.900880230374752733e+00
5.091000000000000369e+01,1.912088992740144988e+00
5.092000000000000171e+01,2.040090952004414149e+00
5.092999999999999972e+01,2.052944029794739222e+00
5.094000000000000483e+01,1.953424741211395643e+00
5.095000000000000284e+01,1.918672688425087536e+00
5.096000000000000085e+01,1.957995902928211907e+00
5.097000000000000597e+01,1.984420953122973508e+00
5.098000000000000398e+01,2.028619239979035260e+00
5.099000000000000199e+01,2.088912324373842555e+00
5.100000000000000000e+01,2.116325138146128992e+00
5.101000000000000512e+01,2.127258172241193623e+00
5.102000000000000313e+01,2.144400861518890089e+00
5.103000000000000114e+01,2.140982183648566739e+00
5.103999999999999915e+01,2.093184868753863892e+00
5.105000000000000426e+01,2.029797435874942213e+00
5.106000000000000227e+01,1.953372514502137891e+00
5.107000000000000028e+01,1.901014733541465551e+00
5.108000000000000540e+01,1.973763138476207324e+00
5.109000000000000341e+01,2.090361931768300430e+00
5.110000000000000142e+01,2.106327536086948893e+00
5.110999999999999943e+01,2.061365949567873557e+00
5.112000000000000455e+01,2.003321129735335493e+00
5.113000000000000256e+01,1.963650259298596712e+00
5.114000000000000057e+01,1.981452309592561134e+00
5.115000000000000568e+01,2.072217869198953899e+00
5.116000000000000369e+01,2.152640527065635023e+00
5.117000000000000171e+01,2.103961914806804501e+00
5.117999999999999972e+01,1.933667541357615205e+00
5.119000000000000483e+01,1.817181646644056237e+00
5.120000000000000284e+01,1.926120443534099502e+00
5.121000000000000085e+01,2.122465745047490859e+00
5.122000000000000597e+01,2.209269125050183025e+00
5.123000000000000398e+01,2.169149931378649310e+00
5.124000000000000199e+01,2.071939660632036606e+00
5.125000000000000000e+01,1.981214959084450555e+00
5.126000000000000512e+01,1.960376646999245631e+00
5.127000000000000313e+01,2.021848716150642655e+00
5.128000000000000114e+01,2.081949652513239712e+00
5.128999999999999915e+01,2.013022456034705865e+00
5.130000000000000426e+01,1.909808218251246359e+00
5.131000000000000227e+01,1.939805200271409902e+00
5.132000000000000028e+01,2.088676345679244761e+00
5.133000000000000540e+01,2.176915201196408578e+00
5.134000000000000341e+01,2.092539178844686543e+00
5.135000000000000142e+01,1.905727980379152697e+00
5.135999999999999943e+01,1.836898662147697259e+00
5.137000000000000455e+01,1.982181565069153439e+00
5.138000000000000256e+01,2.149974710623597129e+00
5.139000000000000057e+01,2.205448865484377574e+00
5.140000000000000568e+01,2.133891456179329627e+00
5.141000000000000369e+01,1.989545464624304261e+00
5.142000000000000171e+01,1.889250958307933326e+00
5.142999999999999972e+01,1.982288549175409198e+00
5.144000000000000483e+01,2.186794071321272792e+00
5.145000000000000284e+01,2.358024544260102218e+00
5.146000000000000085e+01,2.436968572593861015e+00
5.147000000000000597e+01,2.476883709690413937e+00
5.148000000000000398e+01,2.483414260480282021e+00
5.149000000000000199e+01,2.390109091508795025e+00
5.150000000000000000e+01,2.215581130962016587e+00
5.151000000000000512e+01,2.066527825226711634e+00
5.152000000000000313e+01,1.985393072385150282e+00
5.153000000000000114e+01,1.960880550663610888e+00
5.153999999999999915e+01,2.001247343516007415e+00
5.155000000000000426e+01,2.029825150016325352e+00
5.156000000000000227e+01,1.926197232631099876e+00
5.157000000000000028e+01,1.792619406622943945e+00
5.158000000000000540e+01,1.885550152222543518e+00
5.159000000000000341e+01,2.073168339294664264e+00
5.160000000000000142e+01,2.103783235353215986e+00
5.160999999999999943e+01,1.957165334006792712e+00
5.162000000000000455e+01,1.833210755939115089e+00
5.163000000000000256e+01,1.897843681759935563e+00
5.164000000000000057e+01,1.994483668961560818e+00
5.165000000000000568e+01,1.971904264156936204e+00
5.166000000000000369e+01,1.931311767976047422e+00
5.167000000000000171e+01,1.934268412282386329e+00
5.167999999999999972e+01,1.932891363504039894e+00
5.169000000000000483e+01,1.955717895653056537e+00
5.170000000000000284e+01,2.005179028935239582e+00
5.171000000000000085e+01,1.967048130385499638e+00
5.172000000000000597e+01,1.856894859806228926e+00
5.173000000000000398e+01,1.914710705070607144e+00
5.174000000000000199e+01,2.058714475666826971e+00
5.175000000000000000e+01,2.082015794834200850e+00
5.176000000000000512e+01,2.043689105187359356e+00
5.177000000000000313e+01,2.001071005508958667e+00
5.178000000000000114e+01,1.917274534312310985e+00
5.178999999999999915e+01,1.842252030879214075e+00
5.180000000000000426e+01,1.905972229845084298e+00
5.181000000000000227e+01,2.007629013407279839e+00
5.182000000000000028e+01,2.004866489457400203e+00
5.183000000000000540e+01,1.930606991409625994e+00
5.184000000000000341e+01,1.928848421621523812e+00
5.185000000000000142e+01,2.025728456728531857e+00
5.185999999999999943e+01,2.065499080412115163e+00
5.187000000000000455e+01,2.016432466868566475e+00
5.188000000000000256e+01,2.028313747549919999e+00
5.189000000000000057e+01,2.070892960174426367e+00
5.190000000000000568e+01,2.073532339005108582e+00
5.191000000000000369e+01,2.128643545664702152e+00
5.192000000000000171e+01,2.223612162450996799e+00
5.192999999999999972e+01,2.213057664444157080e+00
5.194000000000000483e+01,2.057658857463987800e+00
5.195000000000000284e+01,1.932058537933051268e+00
5.196000000000000085e+01,1.935754445946076485e+00
5.197000000000000597e+01,1.995477046773527219e+00
5.198000000000000398e+01,2.079437870411135147e+00
5.199000000000000199e+01,2.118658143283150164e+00
5.200000000000000000e+01,2.062388830603968159e+00
5.201000000000000512e+01,1.976091222691908289e+00
5.202000000000000313e+01,1.975718706951978820e+00
5.203000000000000114e+01,2.081940401764661885e+00
5.203999999999999915e+01,2.101243819122378120e+00
5.205000000000000426e+01,2.027208535819636559e+00
5.206000000000000227e+01,2.048488203163494337e+00
5.207000000000000028e+01,2.110172970635344925e+00
5.208000000000000540e+01,2.135336985232072493e+00
5.209000000000000341e+01,2.104539028528575884e+00
5.210000000000000142e+01,2.025216995509369511e+00
5.210999999999999943e+01,1.950541914468899574e+00
5.212000000000000455e+01,1.960685860713030859e+00
5.213000000000000256e+01,2.049401926123813666e+00
5.214000000000000057e+01,2.120968148558577404e+00
5.215000000000000568e+01,2.107285465949025660e+00
5.216000000000000369e+01,2.028275324136247892e+00
5.217000000000000171e+01,1.952271286322676991e+00
5.217999999999999972e+01,1.942340341134889625e+00
5.219000000000000483e+01,1.992945870238325590e+00
5.220000000000000284e+01,2.013434088069435468e+00
5.221000000000000085e+01,1.979595672075487256e+00
5.222000000000000597e+01,1.976777734850329482e+00
5.223000000000000398e+01,2.036012072852221078e+00
5.224000000000000199e+01,2.095924809815465917e+00
5.225000000000000000e+01,2.084385501892584092e+00
5.226000000000000512e+01,1.993377601685141220e+00
5.227000000000000313e+01,1.880136871959060318e+00
5.228000000000000114e+01,1.850481277289776294e+00
5.228999999999999915e+01,1.910769302689365512e+00
5.230000000000000426e+01,1.951850268155833401e+00
5.231000000000000227e+01,1.947135267309386908e+00
5.232000000000000028e+01,1.929557644565198737e+00
5.233000000000000540e+01,1.929936007358793226e+00
5.234000000000000341e+01,1.963873445209745716e+00
5.235000000000000142e+01,1.952268657050047596e+00
5.235999999999999943e+01,1.878337884460619778e+00
5.237000000000000455e+01,1.895649893677626263e+00
5.238000000000000256e+01,2.011504805959956510e+00
5.239000000000000057e+01,2.095946052096760326e+00
5.240000000000000568e+01,2.094053100878773055e+00
5.241000000000000369e+01,2.026352745698537738e+00
5.242000000000000171e+01,1.927347964068761632e+00
5.242999999999999972e+01,1.876042704551257323e+00
5.244000000000000483e+01,1.914790646624324966e+00
5.245000000000000284e+01,1.937028350128104037e+00
5.246000000000000085e+01,1.916858172244363612e+00
5.247000000000000597e+01,1.966764576480876769e+00
5.248000000000000398e+01,2.052989843253005375e+00
5.249000000000000199e+01,2.062182299652483231e+00
5.250000000000000000e+01,1.974477893646825022e+00
5.251000000000000512e+01,1.865911375708933617e+00
5.252000000000000313e+01,1.827664035702404766e+00
5.253000000000000114e+01,1.869718726172468815e+00
5.253999999999999915e+01,1.959437299328559590e+00
5.255000000000000426e+01,2.049533001685992950e+00
5.256000000000000227e+01,2.116036529599618632e+00
5.257000000000000028e+01,2.163607634137944657e+00
5.258000000000000540e+01,2.169434664376874711e+00
5.259000000000000341e+01,2.100393098279462745e+00
5.260000000000000142e+01,1.982707679513044940e+00
5.260999999999999943e+01,1.914711477847250487e+00
5.262000000000000455e+01,1.942021601991080315e+00
5.263000000000000256e+01,2.008307010519059688e+00
5.264000000000000057e+01,2.041190043528529507e+00
5.265000000000000568e+01,2.008456372466178141e+00
5.266000000000000369e+01,1.939383659439257057e+00
5.267000000000000171e+01,1.918313863527029595e+00
5.267999999999999972e+01,1.946531269566455391e+00
5.269000000000000483e+01,1.892637836988364741e+00
5.270000000000000284e+01,1.833283319320830440e+00
5.271000000000000085e+01,1.923126250067842546e+00
5.272000000000000597e+01,2.031237371997670405e+00
5.273000000000000398e+01,2.049886867439274507e+00
5.274000000000000199e+01,2.020625705196289257e+00
5.275000000000000000e+01,1.978300422028968608e+00
5.276000000000000512e+01,1.957210617537110675e+00
5.277000000000000313e+01,1.986125878337020811e+00
5.278000000000000114e+01,1.972038010333472480e+00
5.278999999999999915e+01,1.865014238283449810e+00
5.280000000000000426e+01,1.860757167096232845e+00
5.281000000000000227e+01,1.993044646087990479e+00
5.282000000000000028e+01,2.076528597443340285e+00
5.283000000000000540e+01,2.084519054578297226e+00
5.284000000000000341e+01,2.045481770781640396e+00
5.285000000000000142e+01,1.960241016227342259e+00
5.285999999999999943e+01,1.910027272711046331e+00
5.287000000000000455e+01,1.950462451420175602e+00
5.288000000000000256e+01,1.956998195323643719e+00
5.289000000000000057e+01,1.930197636512903658e+00
5.290000000000000568e+01,1.980924002101039472e+00
5.291000000000000369e+01,2.094232090767401910e+00
5.292000000000000171e+01,2.196861194704845754e+00
5.292999999999999972e+01,2.249106846817198413e+00
5.294000000000000483e+01,2.198602538704983012e+00
5.295000000000000284e+01,2.042802372159382429e+00
5.296000000000000085e+01,1.901981410240383807e+00
5.297000000000000597e+01,1.942598038426889717e+00
5.298000000000000398e+01,2.131851832093403232e+00
5.299000000000000199e+01,2.313334718971727266e+00
5.300000000000000000e+01,2.421687861926056673e+00
5.301000000000000512e+01,2.460187418653303038e+00
5.302000000000000313e+01,2.451365548954296258e+00
5.303000000000000114e+01,2.400881538592648301e+00
5.303999999999999915e+01,2.258315622427319092e+00
5.305000000000000426e+01,2.049235072606362174e+00
5.306000000000000227e+01,1.892529506163642239e+00
5.307000000000000028e+01,1.913409984765418459e+00
5.308000000000000540e+01,2.082338123024212173e+00
5.309000000000000341e+01,2.246281815979463747e+00
5.310000000000000142e+01,2.293968991529745427e+00
5.310999999999999943e+01,2.219452711458389960e+00
5.312000000000000455e+01,2.073751085858666521e+00
5.313000000000000256e+01,1.939284022442303135e+00
5.314000000000000057e+01,1.933867378699998030e+00
5.315000000000000568e+01,2.081161346892642428e+00
5.316000000000000369e+01,2.238381852432688834e+00
5.317000000000000171e+01,2.369739264666052669e+00
5.317999999999999972e+01,2.483369749231877588e+00
5.319000000000000483e+01,2.577035257616783426e+00
5.320000000000000284e+01,2.600320732621266284e+00
5.321000000000000085e+01,2.563958794228175631e+00
5.322000000000000597e+01,2.504276121916271247e+00
5.323000000000000398e+01,2.455498163143275736e+00
5.324000000000000199e+01,2.403252502027200865e+00
5.325000000000000000e+01,2.363689288908337183e+00
5.326000000000000512e+01,2.337582591268167143e+00
5.327000000000000313e+01,2.340348901617021582e+00
5.328000000000000114e+01,2.348575730394914185e+00
5.328999999999999915e+01,2.330580221940450336e+00
5.330000000000000426e+01,2.286359736130777698e+00
5.331000000000000227e+01,2.215628780391696750e+00
5.332000000000000028e+01,2.120896474724779157e+00
5.333000000000000540e+01,2.011383483475987166e+00
5.334000000000000341e+01,1.913435827222852659e+00
5.335000000000000142e+01,1.884507685524258846e+00
5.335999999999999943e+01,2.026770809563823939e+00
5.337000000000000455e+01,2.199494894515557242e+00
5.338000000000000256e+01,2.233048400057642713e+00
5.339000000000000057e+01,2.144818054847544175e+00
5.340000000000000568e+01,2.032135114454745484e+00
5.341000000000000369e+01,1.968612802076630697e+00
5.342000000000000171e+01,2.007886857395106528e+00
5.342999999999999972e+01,2.110214433392966882e+00
5.344000000000000483e+01,2.121195348406177406e+00
5.345000000000000284e+01,1.994188438237470162e+00
5.346000000000000085e+01,1.903547272751584751e+00
5.347000000000000597e+01,1.981810456173850543e+00
5.348000000000000398e+01,2.143075567053107644e+00
5.349000000000000199e+01,2.257261811753346947e+00
5.350000000000000000e+01,2.270834836023967629e+00
5.351000000000000512e+01,2.214848389619478386e+00
5.352000000000000313e+01,2.115904938790965861e+00
5.353000000000000114e+01,2.037403569497216349e+00
5.353999999999999915e+01,2.028453917174358079e+00
5.355000000000000426e+01,2.054924679349586558e+00
5.356000000000000227e+01,2.011864043443293948e+00
5.357000000000000028e+01,1.900267491854765289e+00
5.358000000000000540e+01,1.887554370210298593e+00
5.359000000000000341e+01,2.007581173950383047e+00
5.360000000000000142e+01,2.138918235230135689e+00
5.360999999999999943e+01,2.176681331316093093e+00
5.362000000000000455e+01,2.132171037839130534e+00
5.363000000000000256e+01,2.045664090705019422e+00
5.364000000000000057e+01,1.941053100046467028e+00
5.365000000000000568e+01,1.912629007858031471e+00
5.366000000000000369e+01,2.037547898946181935e+00
5.367000000000000171e+01,2.214392123924757261e+00
5.367999999999999972e+01,2.285188871931596033e+00
5.369000000000000483e+01,2.260700227805535700e+00
5.370000000000000284e+01,2.228161848923906785e+00
5.371000000000000085e+01,2.198037154736016685e+00
5.372000000000000597e+01,2.153409799225405319e+00
5.373000000000000398e+01,2.186783493284142121e+00
5.374000000000000199e+01,2.285552311018060667e+00
5.375000000000000000e+01,2.333568750669240632e+00
5.376000000000000512e+01,2.298522392255511360e+00
5.377000000000000313e+01,2.244873972431414622e+00
5.378000000000000114e+01,2.191997128921476357e+00
5.378999999999999915e+01,2.120364081614286800e+00
5.380000000000000426e+01,2.052429023985969714e+00
5.381000000000000227e+01,2.015564062985843563e+00
5.382000000000000028e+01,1.995921339857861021e+00
5.383000000000000540e+01,1.955075526418352361e+00
5.384000000000000341e+01,1.975776155691732150e+00
5.385000000000000142e+01,2.079281600385094020e+00
5.385999999999999943e+01,2.154474245842821656e+00
5.387000000000000455e+01,2.150837052544892991e+00
5.388000000000000256e+01,2.087541289483875406e+00
5.389000000000000057e+01,2.021114705354448482e+00
5.390000000000000568e+01,2.018050168603348293e+00
5.391000000000000369e+01,2.089859980955662166e+00
5.392000000000000171e+01,2.148784525097851450e+00
5.392999999999999972e+01,2.135089193101778360e+00
5.394000000000000483e+01,2.072552711440652118e+00
5.395000000000000284e+01,1.989421150083610978e+00
5.396000000000000085e+01,1.914893042365551690e+00
5.397000000000000597e+01,1.939440342830890396e+00
5.398000000000000398e+01,2.028339008844429081e+00
5.399000000000000199e+01,2.019331426487489090e+00
5.400000000000000000e+01,1.974310325278172185e+00
5.401000000000000512e+01,2.020530239244145321e+00
5.402000000000000313e+01,2.109757144649591964e+00
5.403000000000000114e+01,2.129958034915241161e+00
5.403999999999999915e+01,2.079434735330733641e+00
5.405000000000000426e+01,2.012596116710951399e+00
5.406000000000000227e+01,1.931279234756071883e+00
5.407000000000000028e+01,1.888953291561227932e+00
5.408000000000000540e+01,1.973031995001600647e+00
5.409000000000000341e+01,2.067314179920408890e+00
5.410000000000000142e+01,2.043156794179046276e+00
5.410999999999999943e+01,1.980158744267741300e+00
5.412000000000000455e+01,1.993278407674152097e+00
5.413000000000000256e+01,2.049063554358428796e+00
5.414000000000000057e+01,2.079591167152813114e+00
5.415000000000000568e+01,2.094074184407036299e+00
5.416000000000000369e+01,2.064779293411282968e+00
5.417000000000000171e+01,1.999593218132127648e+00
5.417999999999999972e+01,1.999828720390824488e+00
5.419000000000000483e+01,2.058615778648361871e+00
5.420000000000000284e+01,2.038177489940462550e+00
5.421000000000000085e+01,1.927863966673997620e+00
5.422000000000000597e+01,1.876573250901759859e+00
5.423000000000000398e+01,1.918621167010309714e+00
5.424000000000000199e+01,1.962696880723052484e+00
5.425000000000000000e+01,2.005134417389517587e+00
5.426000000000000512e+01,2.045279358180685847e+00
5.427000000000000313e+01,2.016917707047067854e+00
5.428000000000000114e+01,1.950554871055925732e+00
5.428999999999999915e+01,1.939823611517294655e+00
5.430000000000000426e+01,1.940695526093674239e+00
5.431000000000000227e+01,1.876128607665263237e+00
5.432000000000000028e+01,1.896486658851044949e+00
5.433000000000000540e+01,1.986653151030647546e+00
5.434000000000000341e+01,1.996276710403645627e+00
5.435000000000000142e+01,1.915148190845815224e+00
5.435999999999999943e+01,1.876376081439965926e+00
5.437000000000000455e+01,1.895325686023381584e+00
5.438000000000000256e+01,1.889584655129270097e+00
5.439000000000000057e+01,1.948677664417592270e+00
5.440000000000000568e+01,2.063947118629738231e+00
5.441000000000000369e+01,2.130050082157694646e+00
5.442000000000000171e+01,2.149819179884672415e+00
5.442999999999999972e+01,2.151129779116081497e+00
5.444000000000000483e+01,2.097114367410608970e+00
5.445000000000000284e+01,1.985388465691287241e+00
5.446000000000000085e+01,1.933224040327452320e+00
5.447000000000000597e+01,1.956205223640914204e+00
5.448000000000000398e+01,1.945013255816012032e+00
5.449000000000000199e+01,1.967937112613103778e+00
5.450000000000000000e+01,2.069720864754472256e+00
5.451000000000000512e+01,2.148569832609589003e+00
5.452000000000000313e+01,2.143960157372334585e+00
5.453000000000000114e+01,2.060389952072179565e+00
5.453999999999999915e+01,1.921168684342945632e+00
5.455000000000000426e+01,1.805880195361807772e+00
5.456000000000000227e+01,1.868713197149310501e+00
5.457000000000000028e+01,2.035476241202535785e+00
5.458000000000000540e+01,2.127099872243896517e+00
5.459000000000000341e+01,2.097025911761702943e+00
5.460000000000000142e+01,2.005146425800369947e+00
5.460999999999999943e+01,1.965176219910061750e+00
5.462000000000000455e+01,2.015347001610392486e+00
5.463000000000000256e+01,2.048073977203949347e+00
5.464000000000000057e+01,1.980250939906354146e+00
5.465000000000000568e+01,1.902011094972896776e+00
5.466000000000000369e+01,1.919325580431833878e+00
5.467000000000000171e+01,2.028492196608111531e+00
5.467999999999999972e+01,2.126753711105261235e+00
5.469000000000000483e+01,2.120190502997313597e+00
5.470000000000000284e+01,2.032591568638422608e+00
5.471000000000000085e+01,1.960899792263746555e+00
5.472000000000000597e+01,1.949732099366475069e+00
5.473000000000000398e+01,1.931353383019276615e+00
5.474000000000000199e+01,1.882116808728937052e+00
5.475000000000000000e+01,1.914294355578576301e+00
5.476000000000000512e+01,1.997595039841658870e+00
5.477000000000000313e+01,2.039073839663486876e+00
5.478000000000000114e+01,2.051825036327414864e+00
5.478999999999999915e+01,2.040504711217301370e+00
5.480000000000000426e+01,1.960440122982592293e+00
5.481000000000000227e+01,1.890556093455045161e+00
5.482000000000000028e+01,1.926890468215564312e+00
5.483000000000000540e+01,1.976514615200201330e+00
5.484000000000000341e+01,1.974877161445743878e+00
5.485000000000000142e+01,2.012216244964740941e+00
5.485999999999999943e+01,2.078026327792792394e+00
5.487000000000000455e+01,2.117732923670970990e+00
5.488000000000000256e+01,2.117048891381585474e+00
5.489000000000000057e+01,2.102137669159659161e+00
5.490000000000000568e+01,2.066927390451828384e+00
5.491000000000000369e+01,1.993103927646523221e+00
5.492000000000000171e+01,1.979331018930386099e+00
5.492999999999999972e+01,2.076296336003123688e+00
5.494000000000000483e+01,2.178493821267343922e+00
5.495000000000000284e+01,2.250590199058904339e+00
5.496000000000000085e+01,2.287292349941299818e+00
5.497000000000000597e+01,2.280026269366211000e+00
5.498000000000000398e+01,2.254278467292805122e+00
5.499000000000000199e+01,2.190611833027475974e+00
5.500000000000000000e+01,2.155986217418840667e+00
5.501000000000000512e+01,2.177156028882634153e+00
5.502000000000000313e+01,2.157835219681984995e+00
5.503000000000000114e+01,2.063019342735302075e+00
5.503999999999999915e+01,2.014967670063220417e+00
5.505000000000000426e+01,2.045904534649649609e+00
5.506000000000000227e+01,2.076915147640846726e+00
5.507000000000000028e+01,2.059200276053789302e+00
5.508000000000000540e+01,2.037434866419046475e+00
5.509000000000000341e+01,2.011517307954370892e+00
5.510000000000000142e+01,1.985464505071798058e+00
5.510999999999999943e+01,1.970197223630162808e+00
5.512000000000000455e+01,2.047092633004182982e+00
5.513000000000000256e+01,2.145437990481197321e+00
5.514000000000000057e+01,2.171637815681979333e+00
5.515000000000000568e+01,2.137647914999100340e+00
5.516000000000000369e+01,2.137239827908885559e+00
5.517000000000000171e+01,2.130907722169123719e+00
5.517999999999999972e+01,2.078955594186658651e+00
5.519000000000000483e+01,2.031394655944530836e+00
5.520000000000000284e+01,2.062997117302881822e+00
5.521000000000000085e+01,2.130575671127407755e+00
5.522000000000000597e+01,2.163803485162181239e+00
5.523000000000000398e+01,2.116566497514310363e+00
5.524000000000000199e+01,2.026921846001962457e+00
5.525000000000000000e+01,1.970473960294832017e+00
5.526000000000000512e+01,1.984867727734016984e+00
5.527000000000000313e+01,2.090431851125503560e+00
5.528000000000000114e+01,2.233724819242513426e+00
5.528999999999999915e+01,2.304794642500715529e+00
5.530000000000000426e+01,2.231592056918109357e+00
5.531000000000000227e+01,2.075770426323681583e+00
5.532000000000000028e+01,2.006650386215794946e+00
5.533000000000000540e+01,2.102322604073883827e+00
5.534000000000000341e+01,2.244317539765707359e+00
5.535000000000000142e+01,2.348367160922669061e+00
5.535999999999999943e+01,2.429116986067158646e+00
5.537000000000000455e+01,2.482979709099533583e+00
5.538000000000000256e+01,2.482327131322542346e+00
5.539000000000000057e+01,2.422065676173955406e+00
5.540000000000000568e+01,2.294087146605758853e+00
5.541000000000000369e+01,2.138804580003448308e+00
5.542000000000000171e+01,1.983283934723168551e+00
5.542999999999999972e+01,1.863747489870586360e+00
5.544000000000000483e+01,1.875918087052864891e+00
5.545000000000000284e+01,1.883393396970762579e+00
5.546000000000000085e+01,1.883102863339260136e+00
5.547000000000000597e+01,1.962995398351555121e+00
5.548000000000000398e+01,2.058620523747641595e+00
5.549000000000000199e+01,2.115657850632400194e+00
5.550000000000000000e+01,2.067018536042815047e+00
5.551000000000000512e+01,1.861604509866179979e+00
5.552000000000000313e+01,1.791897762296938978e+00
5.553000000000000114e+01,2.022309570698735293e+00
5.553999999999999915e+01,2.251890990651012725e+00
5.555000000000000426e+01,2.319349963521472713e+00
5.556000000000000227e+01,2.256977127143032114e+00
5.557000000000000028e+01,2.123917030183479770e+00
5.558000000000000540e+01,1.973164044277329054e+00
5.559000000000000341e+01,1.933631219094214870e+00
5.560000000000000142e+01,2.041982780027289834e+00
5.560999999999999943e+01,2.108979480721929090e+00
5.562000000000000455e+01,2.013304380956281836e+00
5.563000000000000256e+01,1.922720972332156109e+00
5.564000000000000057e+01,1.942917697348641948e+00
5.565000000000000568e+01,2.024817954531731523e+00
5.566000000000000369e+01,2.103911323424001445e+00
5.567000000000000171e+01,2.079463186060868551e+00
5.567999999999999972e+01,1.902311611502032207e+00
5.569000000000000483e+01,1.778309915741784542e+00
5.570000000000000284e+01,1.927819089276596953e+00
5.571000000000000085e+01,2.121573807886123486e+00
5.572000000000000597e+01,2.151614576811669011e+00
5.573000000000000398e+01,2.052703035436130641e+00
5.574000000000000199e+01,1.956294243893818674e+00
5.575000000000000000e+01,1.945288056532395560e+00
5.576000000000000512e+01,2.005051513763640436e+00
5.577000000000000313e+01,2.060094250188984955e+00
5.578000000000000114e+01,2.015141171739122328e+00
5.578999999999999915e+01,1.927560880297006785e+00
5.580000000000000426e+01,1.959681832513097799e+00
5.581000000000000227e+01,2.087145034253475195e+00
5.582000000000000028e+01,2.103017040333128751e+00
5.583000000000000540e+01,1.946171973196646476e+00
5.584000000000000341e+01,1.819712923929781123e+00
5.585000000000000142e+01,1.888038593055946235e+00
5.585999999999999943e+01,2.019945764240620001e+00
5.587000000000000455e+01,2.071629154120012917e+00
5.588000000000000256e+01,2.028268435020374127e+00
5.589000000000000057e+01,1.932861812572228333e+00
5.590000000000000568e+01,1.895165682466839696e+00
5.591000000000000369e+01,1.982987767133220558e+00
5.592000000000000171e+01,2.006220279655252625e+00
5.592999999999999972e+01,1.861870275099744898e+00
5.594000000000000483e+01,1.823079379100097652e+00
5.595000000000000284e+01,1.972800374087556596e+00
5.596000000000000085e+01,2.091202849319023560e+00
5.597000000000000597e+01,2.072506002331477859e+00
5.598000000000000398e+01,1.989208988366983455e+00
5.599000000000000199e+01,1.922041302599920565e+00
5.600000000000000000e+01,1.958469898415597710e+00
5.601000000000000512e+01,2.092930851820002491e+00
5.602000000000000313e+01,2.202195748361166050e+00
5.603000000000000114e+01,2.214608701283367065e+00
5.603999999999999915e+01,2.154012130885060827e+00
5.605000000000000426e+01,2.069986965417897284e+00
5.606000000000000227e+01,1.988356678013277978e+00
5.607000000000000028e+01,1.962489706826509694e+00
5.608000000000000540e+01,2.003031476487576068e+00
5.609000000000000341e+01,2.009669239551623132e+00
5.610000000000000142e+01,1.898672956409291901e+00
5.610999999999999943e+01,1.806162315767882109e+00
5.612000000000000455e+01,1.871149318814509410e+00
5.613000000000000256e+01,1.962532337160333373e+00
5.614000000000000057e+01,1.964829515988600006e+00
5.615000000000000568e+01,1.930563726298616833e+00
5.616000000000000369e+01,1.906542799991651549e+00
5.617000000000000171e+01,1.918182508652394924e+00
5.617999999999999972e+01,1.999420379034882567e+00
5.619000000000000483e+01,2.052008403199168107e+00
5.620000000000000284e+01,2.009801553412675190e+00
5.621000000000000085e+01,1.986824945626547434e+00
5.622000000000000597e+01,2.041398279050161690e+00
5.623000000000000398e+01,2.072551653992045217e+00
5.624000000000000199e+01,2.061174529825810176e+00
5.625000000000000000e+01,2.047434181839343559e+00
5.626000000000000512e+01,1.995662215261588157e+00
5.627000000000000313e+01,1.914527409699509519e+00
5.628000000000000114e+01,1.900814288515345840e+00
5.628999999999999915e+01,1.941950645045197321e+00
5.630000000000000426e+01,1.960552378780283211e+00
5.631000000000000227e+01,2.006621680041595024e+00
5.632000000000000028e+01,2.093108206505175595e+00
5.633000000000000540e+01,2.134024714801747269e+00
5.634000000000000341e+01,2.069860568968069359e+00
5.635000000000000142e+01,1.970105507775949505e+00
5.635999999999999943e+01,1.917818333650275653e+00
5.637000000000000455e+01,1.940910432005366282e+00
5.638000000000000256e+01,2.022054476288344560e+00
5.639000000000000057e+01,2.056333461210818392e+00
5.640000000000000568e+01,1.990543864852912792e+00
5.641000000000000369e+01,1.969312206491052208e+00
5.642000000000000171e+01,2.078351172588520424e+00
5.642999999999999972e+01,2.177690603732002295e+00
5.644000000000000483e+01,2.147557013151747629e+00
5.645000000000000284e+01,2.063053203399264568e+00
5.646000000000000085e+01,1.982513324160814827e+00
5.647000000000000597e+01,1.948598666073481311e+00
5.648000000000000398e+01,2.015817548685371996e+00
5.649000000000000199e+01,2.046381641111767014e+00
5.650000000000000000e+01,1.889118248331259853e+00
5.651000000000000512e+01,1.814570236893047861e+00
5.652000000000000313e+01,1.973552274578961319e+00
5.653000000000000114e+01,2.157730654291473371e+00
5.654000000000000625e+01,2.198848631130819520e+00
5.655000000000000426e+01,2.101172199784805183e+00
5.656000000000000227e+01,1.988408915051312897e+00
5.657000000000000028e+01,1.950040251653322620e+00
5.658000000000000540e+01,2.035309281754456023e+00
5.659000000000000341e+01,2.201984392308212080e+00
5.660000000000000142e+01,2.339595867259984807e+00
5.660999999999999943e+01,2.381795193588231108e+00
5.662000000000000455e+01,2.372214114724890965e+00
5.663000000000000256e+01,2.352776424418606460e+00
5.664000000000000057e+01,2.277196379783701818e+00
5.665000000000000568e+01,2.133521815449750392e+00
5.666000000000000369e+01,2.033136547922937076e+00
5.667000000000000171e+01,2.065870598295064031e+00
5.667999999999999972e+01,2.135136612701866277e+00
5.669000000000000483e+01,2.140609276094075142e+00
5.670000000000000284e+01,2.101421688615876082e+00
5.671000000000000085e+01,2.045280378410236466e+00
5.672000000000000597e+01,1.978464926997931972e+00
5.673000000000000398e+01,1.952244047679491112e+00
5.674000000000000199e+01,1.979582756542399569e+00
5.675000000000000000e+01,1.995479264161871047e+00
5.676000000000000512e+01,1.966079592488565453e+00
5.677000000000000313e+01,1.933525101032215199e+00
5.678000000000000114e+01,1.929813020665803736e+00
5.679000000000000625e+01,1.930548275441555273e+00
5.680000000000000426e+01,1.962581194440025989e+00
5.681000000000000227e+01,2.040929228540348639e+00
5.682000000000000028e+01,2.108306726393933683e+00
5.683000000000000540e+01,2.118366275866590431e+00
5.684000000000000341e+01,2.075405939866990401e+00
5.685000000000000142e+01,2.012976601663468035e+00
5.685999999999999943e+01,1.957240551311773435e+00
5.687000000000000455e+01,1.928959642496139937e+00
5.688000000000000256e+01,1.921910184549214362e+00
5.689000000000000057e+01,1.964838564517603192e+00
5.690000000000000568e+01,2.031250531046616459e+00
5.691000000000000369e+01,2.009707391087169892e+00
5.692000000000000171e+01,1.944559626257611029e+00
5.692999999999999972e+01,1.939026056873526249e+00
5.694000000000000483e+01,2.003346341446680334e+00
5.695000000000000284e+01,2.074760129694797950e+00
5.696000000000000085e+01,2.098614522618786449e+00
5.697000000000000597e+01,2.033445180336518554e+00
5.698000000000000398e+01,1.912343960069487814e+00
5.699000000000000199e+01,1.879337566936818860e+00
5.700000000000000000e+01,1.989805919028286851e+00
5.701000000000000512e+01,2.123812671823954279e+00
5.702000000000000313e+01,2.164366669143655386e+00
5.703000000000000114e+01,2.119214025623651576e+00
5.704000000000000625e+01,2.059444802489254212e+00
5.705000000000000426e+01,2.022644806114014759e+00
5.706000000000000227e+01,2.058539659977431047e+00
5.707000000000000028e+01,2.177246253711325075e+00
5.708000000000000540e+01,2.282923383690306451e+00
5.709000000000000341e+01,2.276034760059695294e+00
5.710000000000000142e+01,2.128056825862504997e+00
5.710999999999999943e+01,1.955666007400036710e+00
5.712000000000000455e+01,1.916740546970298054e+00
5.713000000000000256e+01,2.052344121681352718e+00
5.714000000000000057e+01,2.228114813783167225e+00
5.715000000000000568e+01,2.312242577672161126e+00
5.716000000000000369e+01,2.232796514956076894e+00
5.717000000000000171e+01,2.053504648570340319e+00
5.717999999999999972e+01,1.959931152591845693e+00
5.719000000000000483e+01,2.029365593824829617e+00
5.720000000000000284e+01,2.096754511620280148e+00
5.721000000000000085e+01,2.076113462987992708e+00
5.722000000000000597e+01,2.086908132381490866e+00
5.723000000000000398e+01,2.159803414503274066e+00
5.724000000000000199e+01,2.225978441517348028e+00
5.725000000000000000e+01,2.249259052754928767e+00
5.726000000000000512e+01,2.260142305203148627e+00
5.727000000000000313e+01,2.241979206527125790e+00
5.728000000000000114e+01,2.121275301793711154e+00
5.729000000000000625e+01,1.955808453325632135e+00
5.730000000000000426e+01,1.930507698042149389e+00
5.731000000000000227e+01,2.055060081968408170e+00
5.732000000000000028e+01,2.146527360785321914e+00
5.733000000000000540e+01,2.145785035109529115e+00
5.734000000000000341e+01,2.123033108879840647e+00
5.735000000000000142e+01,2.088478053822926395e+00
5.735999999999999943e+01,1.983247669757864262e+00
5.737000000000000455e+01,1.902595295116646268e+00
5.738000000000000256e+01,1.980147371914525278e+00
5.739000000000000057e+01,2.061978144307063499e+00
5.740000000000000568e+01,2.017286434991322874e+00
5.741000000000000369e+01,2.014090056998444567e+00
5.742000000000000171e+01,2.110077013120611689e+00
5.742999999999999972e+01,2.202821703293300626e+00
5.744000000000000483e+01,2.226606253943431479e+00
5.745000000000000284e+01,2.227607800242223934e+00
5.746000000000000085e+01,2.167896753837690316e+00
5.747000000000000597e+01,2.001034764740483141e+00
5.748000000000000398e+01,1.872301108849748985e+00
5.749000000000000199e+01,1.956676578921513698e+00
5.750000000000000000e+01,2.111499517167834128e+00
5.751000000000000512e+01,2.130889683207462415e+00
5.752000000000000313e+01,2.087058838006250472e+00
5.753000000000000114e+01,2.039877260033063688e+00
5.754000000000000625e+01,1.954363349073042988e+00
5.755000000000000426e+01,1.859142424614102174e+00
5.756000000000000227e+01,1.889639368900849048e+00
5.757000000000000028e+01,1.934641684860533006e+00
5.758000000000000540e+01,1.896686740397581339e+00
5.759000000000000341e+01,1.920007427720007875e+00
5.760000000000000142e+01,2.049364472342584342e+00
5.760999999999999943e+01,2.153066777552429034e+00
5.762000000000000455e+01,2.088545182297955716e+00
5.763000000000000256e+01,1.954129657852825552e+00
5.764000000000000057e+01,1.917539240797956790e+00
5.765000000000000568e+01,1.949961708239420277e+00
5.766000000000000369e+01,1.997684389912480762e+00
5.767000000000000171e+01,2.045284246602413258e+00
5.767999999999999972e+01,2.039578034104112980e+00
5.769000000000000483e+01,1.958877032511230354e+00
5.770000000000000284e+01,1.889861595461424848e+00
5.771000000000000085e+01,1.918416942820303284e+00
5.772000000000000597e+01,1.957202860461836780e+00
5.773000000000000398e+01,1.950317472746423197e+00
5.774000000000000199e+01,1.968645728972077569e+00
5.775000000000000000e+01,2.029469442711568483e+00
5.776000000000000512e+01,2.084022307702104282e+00
5.777000000000000313e+01,2.088652345556819334e+00
5.778000000000000114e+01,2.048486324411270765e+00
5.779000000000000625e+01,2.010004315418253196e+00
5.780000000000000426e+01,1.987890126390288392e+00
5.781000000000000227e+01,1.991200539925600754e+00
5.782000000000000028e+01,2.045966473625607573e+00
5.783000000000000540e+01,2.109095764065728407e+00
5.784000000000000341e+01,2.110410916906942269e+00
5.785000000000000142e+01,2.044064113402512373e+00
5.785999999999999943e+01,2.016926080970743218e+00
5.787000000000000455e+01,2.070410689452698794e+00
5.788000000000000256e+01,2.101048693509981469e+00
5.789000000000000057e+01,2.073774198894374088e+00
5.790000000000000568e+01,2.030395695671167289e+00
5.791000000000000369e+01,1.982609657118616919e+00
5.792000000000000171e+01,1.907053306281709659e+00
5.792999999999999972e+01,1.907024015055919230e+00
5.794000000000000483e+01,1.997984601542264205e+00
5.795000000000000284e+01,2.037571667966552091e+00
5.796000000000000085e+01,2.045264633659908959e+00
5.797000000000000597e+01,2.106649829705924404e+00
5.798000000000000398e+01,2.185195529146076510e+00
5.799000000000000199e+01,2.169298907320059033e+00
5.800000000000000000e+01,2.070872817074964622e+00
5.801000000000000512e+01,2.008597709373383555e+00
5.802000000000000313e+01,2.015887104701054700e+00
5.803000000000000114e+01,2.049933349014059658e+00
5.804000000000000625e+01,2.111300070217399405e+00
5.805000000000000426e+01,2.141265838236812602e+00
5.806000000000000227e+01,2.109026740584386328e+00
5.807000000000000028e+01,2.027412888042295691e+00
5.808000000000000540e+01,1.984025487361489981e+00
5.809000000000000341e+01,2.033158339849605589e+00
5.810000000000000142e+01,2.070666694569649025e+00
5.810999999999999943e+01,2.043437475432023032e+00
5.812000000000000455e+01,2.060479887065146620e+00
5.813000000000000256e+01,2.131782581901823459e+00
5.814000000000000057e+01,2.165278945355539886e+00
5.815000000000000568e+01,2.109742622217221530e+00
5.816000000000000369e+01,2.026464529864759445e+00
5.817000000000000171e+01,2.035539349288045141e+00
5.817999999999999972e+01,2.112875594657669609e+00
5.819000000000000483e+01,2.154792710277255274e+00
5.820000000000000284e+01,2.194757433394633139e+00
5.821000000000000085e+01,2.267332232259754665e+00
5.822000000000000597e+01,2.339091556037300901e+00
5.823000000000000398e+01,2.401628686822547820e+00
5.824000000000000199e+01,2.485093369949911146e+00
5.825000000000000000e+01,2.519394121771344253e+00
5.826000000000000512e+01,2.467434538751737794e+00
5.827000000000000313e+01,2.393990282741556896e+00
5.828000000000000114e+01,2.309349268491234675e+00
5.829000000000000625e+01,2.261627273004992222e+00
5.830000000000000426e+01,2.233452485172898516e+00
5.831000000000000227e+01,2.188423252161245891e+00
5.832000000000000028e+01,2.149940496915204946e+00
5.833000000000000540e+01,2.129880580938987578e+00
5.834000000000000341e+01,2.172124851734816176e+00
5.835000000000000142e+01,2.237940864606569491e+00
5.835999999999999943e+01,2.273544389278775668e+00
5.837000000000000455e+01,2.245260267700829537e+00
5.838000000000000256e+01,2.167844890546601011e+00
5.839000000000000057e+01,2.076949372276559735e+00
5.840000000000000568e+01,1.970166771951044948e+00
5.841000000000000369e+01,1.884640367391083648e+00
5.842000000000000171e+01,1.899984484489281700e+00
5.842999999999999972e+01,2.029008707768402697e+00
5.844000000000000483e+01,2.151475367741865874e+00
5.845000000000000284e+01,2.236001473456580957e+00
5.846000000000000085e+01,2.299258808594630388e+00
5.847000000000000597e+01,2.299573041240482230e+00
5.848000000000000398e+01,2.226327606395787750e+00
5.849000000000000199e+01,2.115479449321122196e+00
5.850000000000000000e+01,1.973339786580101007e+00
5.851000000000000512e+01,1.877519521629535726e+00
5.852000000000000313e+01,1.965395062016795258e+00
5.853000000000000114e+01,2.152083973663668104e+00
5.854000000000000625e+01,2.239215295611388434e+00
5.855000000000000426e+01,2.183106331010930212e+00
5.856000000000000227e+01,2.060313281445323774e+00
5.857000000000000028e+01,1.947213300385964185e+00
5.858000000000000540e+01,1.880066559061140063e+00
5.859000000000000341e+01,1.936588092109419623e+00
5.860000000000000142e+01,2.048782093879190302e+00
5.860999999999999943e+01,2.049121996368200804e+00
5.862000000000000455e+01,1.982115400273151362e+00
5.863000000000000256e+01,1.999114807233440816e+00
5.864000000000000057e+01,2.093607861205149412e+00
5.865000000000000568e+01,2.159924498611004662e+00
5.866000000000000369e+01,2.182423496711856536e+00
5.867000000000000171e+01,2.151961576446012270e+00
5.867999999999999972e+01,1.999199650985363563e+00
5.869000000000000483e+01,1.867779425306960395e+00
5.870000000000000284e+01,1.931476388983308423e+00
5.871000000000000085e+01,2.026270100875005031e+00
5.872000000000000597e+01,1.976038447196814651e+00
5.873000000000000398e+01,1.916532024934621381e+00
5.874000000000000199e+01,1.936337267420115138e+00
5.875000000000000000e+01,1.966524684640393650e+00
5.876000000000000512e+01,2.006960370635153978e+00
5.877000000000000313e+01,2.012987056416409182e+00
5.878000000000000114e+01,1.915926406232765888e+00
5.879000000000000625e+01,1.865421068954673744e+00
5.880000000000000426e+01,1.982763324050553999e+00
5.881000000000000227e+01,2.060242425541227718e+00
5.882000000000000028e+01,1.964184704680291382e+00
5.883000000000000540e+01,1.871383225451164867e+00
5.884000000000000341e+01,1.907717084108646821e+00
5.885000000000000142e+01,1.953566447039875031e+00
5.885999999999999943e+01,1.930554046847691385e+00
5.887000000000000455e+01,1.873427695455579522e+00
5.888000000000000256e+01,1.821668210542194632e+00
5.889000000000000057e+01,1.848507392059874688e+00
5.890000000000000568e+01,1.941951343880684577e+00
5.891000000000000369e+01,1.978563138871236804e+00
5.892000000000000171e+01,1.912683301856322071e+00
5.892999999999999972e+01,1.849087504176046393e+00
5.894000000000000483e+01,1.904193139101179044e+00
5.895000000000000284e+01,1.956318036056510223e+00
5.896000000000000085e+01,1.895762068747024687e+00
5.897000000000000597e+01,1.878139781915479700e+00
5.898000000000000398e+01,1.998858541159413527e+00
5.899000000000000199e+01,2.104618740654823572e+00
5.900000000000000000e+01,2.058229315286923988e+00
5.901000000000000512e+01,1.941649337020928456e+00
5.902000000000000313e+01,1.894933963583566694e+00
5.903000000000000114e+01,1.918320885519622987e+00
5.904000000000000625e+01,1.997734429618126528e+00
5.905000000000000426e+01,2.050732132543686692e+00
5.906000000000000227e+01,2.007681005897540505e+00
5.907000000000000028e+01,1.966317939492760569e+00
5.908000000000000540e+01,2.028906840732983330e+00
5.909000000000000341e+01,2.109871618043055452e+00
5.910000000000000142e+01,2.089765236950010596e+00
5.910999999999999943e+01,2.027972383539838663e+00
5.912000000000000455e+01,2.013622521074992733e+00
5.913000000000000256e+01,2.000648850798159906e+00
5.914000000000000057e+01,1.978911318098918182e+00
5.915000000000000568e+01,2.000396575506967700e+00
5.916000000000000369e+01,1.994747335403660005e+00
5.917000000000000171e+01,1.963671325502311049e+00
5.917999999999999972e+01,2.025972149981337900e+00
5.919000000000000483e+01,2.114759011802526345e+00
5.920000000000000284e+01,2.174115811082749872e+00
5.921000000000000085e+01,2.191502084165105391e+00
5.922000000000000597e+01,2.169584026328549520e+00
5.923000000000000398e+01,2.108110519873187094e+00
5.924000000000000199e+01,2.074035543571999707e+00
5.925000000000000000e+01,2.088300725422466364e+00
5.926000000000000512e+01,2.112482782178354057e+00
5.927000000000000313e+01,2.161720235946363200e+00
5.928000000000000114e+01,2.193559143583779125e+00
5.929000000000000625e+01,2.173797941391977240e+00
5.930000000000000426e+01,2.139486479087914006e+00
5.931000000000000227e+01,2.144398688886933080e+00
5.932000000000000028e+01,2.172938185683154000e+00
5.933000000000000540e+01,2.242573670272618447e+00
5.934000000000000341e+01,2.303786709419949563e+00
5.935000000000000142e+01,2.351618032121713497e+00
5.935999999999999943e+01,2.400329632967105109e+00
5.937000000000000455e+01,2.436260977255925830e+00
5.938000000000000256e+01,2.372195009374229890e+00
5.939000000000000057e+01,2.258447533705398413e+00
5.940000000000000568e+01,2.130182574921688943e+00
5.941000000000000369e+01,2.031372106951357726e+00
5.942000000000000171e+01,2.007826529807791971e+00
5.942999999999999972e+01,2.138714237971027998e+00
5.944000000000000483e+01,2.301062703556771449e+00
5.945000000000000284e+01,2.385028122014496432e+00
5.946000000000000085e+01,2.425714909238098738e+00
5.947000000000000597e+01,2.470085681469369021e+00
5.948000000000000398e+01,2.491839436179628109e+00
5.949000000000000199e+01,2.448863697084832314e+00
5.950000000000000000e+01,2.338288714872480245e+00
5.951000000000000512e+01,2.166760162108395171e+00
5.952000000000000313e+01,2.026808997167715454e+00
5.953000000000000114e+01,1.971750743603257305e+00
5.954000000000000625e+01,1.962306514793240808e+00
5.955000000000000426e+01,2.025369270157913348e+00
5.956000000000000227e+01,2.130343361643844968e+00
5.957000000000000028e+01,2.205372460900879350e+00
5.958000000000000540e+01,2.221070254404393651e+00
5.959000000000000341e+01,2.205218095177889914e+00
5.960000000000000142e+01,2.106178363410847965e+00
5.960999999999999943e+01,1.930940691088154137e+00
5.962000000000000455e+01,1.845213283525782400e+00
5.963000000000000256e+01,1.999900349767458119e+00
5.964000000000000057e+01,2.220091342355085207e+00
5.965000000000000568e+01,2.277840027877286122e+00
5.966000000000000369e+01,2.140446717626954154e+00
5.967000000000000171e+01,1.977602931328734437e+00
5.967999999999999972e+01,1.936923396265325614e+00
5.969000000000000483e+01,2.043170935531338106e+00
5.970000000000000284e+01,2.185251266124790259e+00
5.971000000000000085e+01,2.299012446943252908e+00
5.972000000000000597e+01,2.344156356175926437e+00
5.973000000000000398e+01,2.273610838204286999e+00
5.974000000000000199e+01,2.098452373655403491e+00
5.975000000000000000e+01,1.977046078117553396e+00
5.976000000000000512e+01,2.011686349508789551e+00
5.977000000000000313e+01,2.092109196480910427e+00
5.978000000000000114e+01,2.116479899857307334e+00
5.979000000000000625e+01,2.091122012915554329e+00
5.980000000000000426e+01,2.033605571048624938e+00
5.981000000000000227e+01,1.950663035751914576e+00
5.982000000000000028e+01,1.925117211418644558e+00
5.983000000000000540e+01,2.002801447151156822e+00
5.984000000000000341e+01,2.122111202734437541e+00
5.985000000000000142e+01,2.213084470839270956e+00
5.985999999999999943e+01,2.249215903432268071e+00
5.987000000000000455e+01,2.228282734484114069e+00
5.988000000000000256e+01,2.188640457658589611e+00
5.989000000000000057e+01,2.153240924095582987e+00
5.990000000000000568e+01,2.121506425868184831e+00
5.991000000000000369e+01,2.101863229541827138e+00
5.992000000000000171e+01,2.146417063131022207e+00
5.992999999999999972e+01,2.237055137541317684e+00
5.994000000000000483e+01,2.294098702540934287e+00
5.995000000000000284e+01,2.296005619940856501e+00
5.996000000000000085e+01,2.279635966574487860e+00
5.997000000000000597e+01,2.250403489510269583e+00
5.998000000000000398e+01,2.203391395667142483e+00
5.999000000000000199e+01,2.154599231434932260e+00
6.000000000000000000e+01,2.144041847189555483e+00
6.001000000000000512e+01,2.175709933424029519e+00
6.002000000000000313e+01,2.218554510599186624e+00
6.003000000000000114e+01,2.259482905998626556e+00
6.004000000000000625e+01,2.292153304580651252e+00
6.005000000000000426e+01,2.276087938327516103e+00
6.006000000000000227e+01,2.186518328416205303e+00
6.007000000000000028e+01,2.075243826638210276e+00
6.008000000000000540e+01,2.019666332244016704e+00
6.009000000000000341e+01,2.040910176269400633e+00
6.010000000000000142e+01,2.102171793265241728e+00
6.010999999999999943e+01,2.157101701380813363e+00
6.012000000000000455e+01,2.178532024116238919e+00
6.013000000000000256e+01,2.178751121652033884e+00
6.014000000000000057e+01,2.190368814515035290e+00
6.015000000000000568e+01,2.232269916676744348e+00
6.016000000000000369e+01,2.283330155387082172e+00
6.017000000000000171e+01,2.297633495947513538e+00
6.017999999999999972e+01,2.264955287682298923e+00
6.019000000000000483e+01,2.198461493863378635e+00
6.020000000000000284e+01,2.097161323432225277e+00
6.021000000000000085e+01,1.996636297576502184e+00
6.022000000000000597e+01,1.983519654175375457e+00
6.023000000000000398e+01,2.047214237176949947e+00
6.024000000000000199e+01,2.099927486176607072e+00
6.025000000000000000e+01,2.093936367347393190e+00
6.026000000000000512e+01,2.053422266218031478e+00
6.027000000000000313e+01,2.012950071636154803e+00
6.028000000000000114e+01,1.999148411924436708e+00
6.029000000000000625e+01,2.044776445042341351e+00
6.030000000000000426e+01,2.137473989104896166e+00
6.031000000000000227e+01,2.187404166975093212e+00
6.032000000000000028e+01,2.121600469291991864e+00
6.033000000000000540e+01,1.981443586983995031e+00
6.034000000000000341e+01,1.902756264159969790e+00
6.035000000000000142e+01,1.967305803834269229e+00
6.035999999999999943e+01,2.059480378275063917e+00
6.037000000000000455e+01,2.065861240887200800e+00
6.038000000000000256e+01,2.015881145429958998e+00
6.039000000000000057e+01,1.976399232467973555e+00
6.040000000000000568e+01,1.985887202763541026e+00
6.041000000000000369e+01,2.050606960390021438e+00
6.042000000000000171e+01,2.131068942244712883e+00
6.042999999999999972e+01,2.180351381429149971e+00
6.044000000000000483e+01,2.176408259426526381e+00
6.045000000000000284e+01,2.132040939663213397e+00
6.046000000000000085e+01,2.060445747526490567e+00
6.047000000000000597e+01,2.015303127298719410e+00
6.048000000000000398e+01,2.046918879413642589e+00
6.049000000000000199e+01,2.137866316260209842e+00
6.050000000000000000e+01,2.199171032298307793e+00
6.051000000000000512e+01,2.180848639887694063e+00
6.052000000000000313e+01,2.100573078709712327e+00
6.053000000000000114e+01,1.994000893680842657e+00
6.054000000000000625e+01,1.943330924829839601e+00
6.055000000000000426e+01,2.011728216459668150e+00
6.056000000000000227e+01,2.108932526184751133e+00
6.057000000000000028e+01,2.106166506356988766e+00
6.058000000000000540e+01,2.033156190606122404e+00
6.059000000000000341e+01,1.981400373019042593e+00
6.060000000000000142e+01,2.000579249942376237e+00
6.060999999999999943e+01,2.059531864138061330e+00
6.062000000000000455e+01,2.102015382959887102e+00
6.063000000000000256e+01,2.119525473425596385e+00
6.064000000000000057e+01,2.099391354654962960e+00
6.065000000000000568e+01,2.031491125602078451e+00
6.066000000000000369e+01,1.992880761912262377e+00
6.067000000000000171e+01,2.037822161745229010e+00
6.067999999999999972e+01,2.116594494559598250e+00
6.069000000000000483e+01,2.191393454243213412e+00
6.070000000000000284e+01,2.232654688929750719e+00
6.071000000000000085e+01,2.239160113122775631e+00
6.072000000000000597e+01,2.246520903374817024e+00
6.073000000000000398e+01,2.301823594826502450e+00
6.074000000000000199e+01,2.374746474257831252e+00
6.075000000000000000e+01,2.394147215126922745e+00
6.076000000000000512e+01,2.322746939487812412e+00
6.077000000000000313e+01,2.214213500478217078e+00
6.078000000000000114e+01,2.136083146345197026e+00
6.079000000000000625e+01,2.001238197641650451e+00
6.080000000000000426e+01,1.833364726670610123e+00
6.081000000000000227e+01,1.872066243806559616e+00
6.082000000000000028e+01,2.030832599329644328e+00
6.083000000000000540e+01,2.066774573024353856e+00
6.084000000000000341e+01,2.065680355088851172e+00
6.085000000000000142e+01,2.084292425188941422e+00
6.085999999999999943e+01,2.053463103661714140e+00
6.087000000000000455e+01,2.002033757307803086e+00
6.088000000000000256e+01,2.017689347843220293e+00
6.089000000000000057e+01,2.023856121788305984e+00
6.090000000000000568e+01,1.989978306741056135e+00
6.091000000000000369e+01,2.035192549440961951e+00
6.092000000000000171e+01,2.130981988520786352e+00
6.092999999999999972e+01,2.136461374516281264e+00
6.094000000000000483e+01,2.056776793918095425e+00
6.095000000000000284e+01,2.001149473077911356e+00
6.096000000000000085e+01,1.978537881391204900e+00
6.097000000000000597e+01,1.993428827171914719e+00
6.098000000000000398e+01,2.080829398629305604e+00
6.099000000000000199e+01,2.103343093957806165e+00
6.100000000000000000e+01,1.963908363850003447e+00
6.101000000000000512e+01,1.864931268787135998e+00
6.102000000000000313e+01,1.921581261305385535e+00
6.103000000000000114e+01,1.952634111373659387e+00
6.104000000000000625e+01,1.914203706348934553e+00
6.105000000000000426e+01,1.930539188646527959e+00
6.106000000000000227e+01,1.965862248607465501e+00
6.107000000000000028e+01,1.947668614215468219e+00
6.108000000000000540e+01,1.956025643211253939e+00
6.109000000000000341e+01,1.982880436839296268e+00
6.110000000000000142e+01,1.944708595188491929e+00
6.110999999999999943e+01,1.939600286785915229e+00
6.112000000000000455e+01,2.004748416136049372e+00
6.113000000000000256e+01,2.019388544312362921e+00
6.114000000000000057e+01,2.011990515782814626e+00
6.115000000000000568e+01,2.032752257334867529e+00
6.116000000000000369e+01,2.013793517940706046e+00
6.117000000000000171e+01,1.992122027386877603e+00
6.117999999999999972e+01,2.030702851059209557e+00
6.119000000000000483e+01,2.024814312869206212e+00
6.120000000000000284e+01,1.923031617056775833e+00
6.121000000000000085e+01,1.893686093152716410e+00
6.122000000000000597e+01,1.944870502141466950e+00
6.123000000000000398e+01,1.961077158527935627e+00
6.124000000000000199e+01,2.002645656550354314e+00
6.125000000000000000e+01,2.054308044817038326e+00
6.126000000000000512e+01,2.026323737831643435e+00
6.127000000000000313e+01,1.972031514783675776e+00
6.128000000000000114e+01,1.961451911824503291e+00
6.129000000000000625e+01,1.955197828890979039e+00
6.130000000000000426e+01,1.963942979034779102e+00
6.131000000000000227e+01,2.034236535853193306e+00
6.132000000000000028e+01,2.095714239895315245e+00
6.133000000000000540e+01,2.061927932106260020e+00
6.134000000000000341e+01,1.975549548100476782e+00
6.135000000000000142e+01,1.934888918491188603e+00
6.135999999999999943e+01,1.906111223538647481e+00
6.137000000000000455e+01,1.843700979009340157e+00
6.138000000000000256e+01,1.903673145395500255e+00
6.139000000000000057e+01,2.028001771301001455e+00
6.140000000000000568e+01,2.039329740208777775e+00
6.141000000000000369e+01,1.998674902253991359e+00
6.142000000000000171e+01,1.993759918094452077e+00
6.142999999999999972e+01,2.020640157004705451e+00
6.144000000000000483e+01,2.034471169763778953e+00
6.145000000000000284e+01,2.004072597986410464e+00
6.146000000000000085e+01,1.934523408103400399e+00
6.147000000000000597e+01,1.870122898849163828e+00
6.148000000000000398e+01,1.891482584984593096e+00
6.149000000000000199e+01,2.024824626998594557e+00
6.150000000000000000e+01,2.195965856656246995e+00
6.151000000000000512e+01,2.299178581754796724e+00
6.152000000000000313e+01,2.256072033003378774e+00
6.153000000000000114e+01,2.115658205027456162e+00
6.154000000000000625e+01,2.008464662372729137e+00
6.155000000000000426e+01,1.966162631142194028e+00
6.156000000000000227e+01,2.001490402799873447e+00
6.157000000000000028e+01,2.084948958751748016e+00
6.158000000000000540e+01,2.093519050593999786e+00
6.159000000000000341e+01,2.009617653684402594e+00
6.160000000000000142e+01,1.991399774756439367e+00
6.160999999999999943e+01,2.063399690438088463e+00
6.162000000000000455e+01,2.113932899715598612e+00
6.163000000000000256e+01,2.077746881624420006e+00
6.164000000000000057e+01,1.971410156106537137e+00
6.165000000000000568e+01,1.851492811679267936e+00
6.166000000000000369e+01,1.848841512948040444e+00
6.167000000000000171e+01,1.986930129622076491e+00
6.167999999999999972e+01,2.100198344180853827e+00
6.169000000000000483e+01,2.084110472071958764e+00
6.170000000000000284e+01,1.969628477556109702e+00
6.171000000000000085e+01,1.876982911536490217e+00
6.172000000000000597e+01,1.900772204999851889e+00
6.173000000000000398e+01,1.969781971818201471e+00
6.174000000000000199e+01,1.994409850055899991e+00
6.175000000000000000e+01,1.977255051276896047e+00
6.176000000000000512e+01,1.970134128073517621e+00
6.177000000000000313e+01,2.018552107823823327e+00
6.178000000000000114e+01,2.060762852950333901e+00
6.179000000000000625e+01,1.983684610642527879e+00
6.180000000000000426e+01,1.847104083423562138e+00
6.181000000000000227e+01,1.849837789780498287e+00
6.182000000000000028e+01,1.960523598225738739e+00
6.183000000000000540e+01,2.006370825894355558e+00
6.184000000000000341e+01,2.000035391411861152e+00
6.185000000000000142e+01,1.965650123903029733e+00
6.185999999999999943e+01,1.911495622621196988e+00
6.187000000000000455e+01,1.919179154456404968e+00
6.188000000000000256e+01,1.966654585965720958e+00
6.189000000000000057e+01,1.933349881785498603e+00
6.190000000000000568e+01,1.887911736708048682e+00
6.191000000000000369e+01,1.964763448891494679e+00
6.192000000000000171e+01,2.078566032773555783e+00
6.192999999999999972e+01,2.082675888017778032e+00
6.194000000000000483e+01,2.024368062719293704e+00
6.195000000000000284e+01,2.031227662944595558e+00
6.196000000000000085e+01,2.060599151464545642e+00
6.197000000000000597e+01,2.032878195298222668e+00
6.198000000000000398e+01,1.976149701231209699e+00
6.199000000000000199e+01,1.942063070187947327e+00
6.200000000000000000e+01,1.980834217672080566e+00
6.201000000000000512e+01,2.095483900644803832e+00
6.202000000000000313e+01,2.171148123705316735e+00
6.203000000000000114e+01,2.103208670515441359e+00
6.204000000000000625e+01,1.942687436630945008e+00
6.205000000000000426e+01,1.842790861014218962e+00
6.206000000000000227e+01,1.884161813088024884e+00
6.207000000000000028e+01,1.908769625110246393e+00
6.208000000000000540e+01,1.887774111082948902e+00
6.209000000000000341e+01,1.936531855449608930e+00
6.210000000000000142e+01,2.045035106977004968e+00
6.210999999999999943e+01,2.152159582527329196e+00
6.212000000000000455e+01,2.201959395493757743e+00
6.213000000000000256e+01,2.151140022735171797e+00
6.214000000000000057e+01,2.050798692571115023e+00
6.215000000000000568e+01,1.995773984589332750e+00
6.216000000000000369e+01,1.981966199628849346e+00
6.217000000000000171e+01,1.983391008078004170e+00
6.217999999999999972e+01,1.948343191067011260e+00
6.219000000000000483e+01,1.918873394836792423e+00
6.220000000000000284e+01,2.011334401107697012e+00
6.221000000000000085e+01,2.163025305382538566e+00
6.222000000000000597e+01,2.218149603105013412e+00
6.223000000000000398e+01,2.126879086856586110e+00
6.224000000000000199e+01,2.002935934388765826e+00
6.225000000000000000e+01,1.950540319066373041e+00
6.226000000000000512e+01,1.992284646637570544e+00
6.227000000000000313e+01,2.098063188355601572e+00
6.228000000000000114e+01,2.182531962429445471e+00
6.229000000000000625e+01,2.167960841522852178e+00
6.230000000000000426e+01,2.081967451671320024e+00
6.231000000000000227e+01,2.011580173773400926e+00
6.232000000000000028e+01,1.991069635370980917e+00
6.233000000000000540e+01,2.014473626255580463e+00
6.234000000000000341e+01,2.079037184704232821e+00
6.235000000000000142e+01,2.134607861716056654e+00
6.236000000000000654e+01,2.031265118048354967e+00
6.237000000000000455e+01,1.840510197744093857e+00
6.238000000000000256e+01,1.854123626002323055e+00
6.239000000000000057e+01,2.034905454806193337e+00
6.240000000000000568e+01,2.087496792764002684e+00
6.241000000000000369e+01,1.968364276398045343e+00
6.242000000000000171e+01,1.841057121221391979e+00
6.242999999999999972e+01,1.841527916839708956e+00
6.244000000000000483e+01,1.940426837167534169e+00
6.245000000000000284e+01,2.012492833676682302e+00
6.246000000000000085e+01,1.952997108164781892e+00
6.247000000000000597e+01,1.810559646545785828e+00
6.248000000000000398e+01,1.811716687288605909e+00
6.249000000000000199e+01,1.957954626057508918e+00
6.250000000000000000e+01,2.045844223541959384e+00
6.251000000000000512e+01,1.992747516094299787e+00
6.252000000000000313e+01,1.846739870826425323e+00
6.253000000000000114e+01,1.799069726970024874e+00
6.254000000000000625e+01,1.921807172871409231e+00
6.255000000000000426e+01,2.035386909115807441e+00
6.256000000000000227e+01,2.033200805060828120e+00
6.257000000000000028e+01,1.933117172470412592e+00
6.258000000000000540e+01,1.809016659680059202e+00
6.259000000000000341e+01,1.808570337034199893e+00
6.260000000000000142e+01,1.946780343541612890e+00
6.261000000000000654e+01,2.064814900081845206e+00
6.262000000000000455e+01,2.081031624219103815e+00
6.263000000000000256e+01,1.990686469135710013e+00
6.264000000000000057e+01,1.867442239561909245e+00
6.265000000000000568e+01,1.840610915429982120e+00
6.266000000000000369e+01,1.900707675498785942e+00
6.267000000000000171e+01,1.901159109701236805e+00
6.267999999999999972e+01,1.878542275941639916e+00
6.269000000000000483e+01,1.926560376006939634e+00
6.270000000000000284e+01,1.968614102103304120e+00
6.271000000000000085e+01,1.911403960809958447e+00
6.272000000000000597e+01,1.841391414908846169e+00
6.273000000000000398e+01,1.852370439571956018e+00
6.274000000000000199e+01,1.887279611530839452e+00
6.275000000000000000e+01,1.950490596234701446e+00
6.276000000000000512e+01,2.010346924911219801e+00
6.277000000000000313e+01,1.995886745409168439e+00
6.278000000000000114e+01,1.910209495448077499e+00
6.279000000000000625e+01,1.848973316843701253e+00
6.280000000000000426e+01,1.869788834735088834e+00
6.281000000000000227e+01,1.926179797578615904e+00
6.282000000000000028e+01,1.989593186684152970e+00
6.283000000000000540e+01,2.058229014517092281e+00
6.284000000000000341e+01,2.123451047234195421e+00
6.285000000000000142e+01,2.132756116624683340e+00
6.286000000000000654e+01,2.005594218180736021e+00
6.287000000000000455e+01,1.875005060713170746e+00
6.288000000000000256e+01,1.929743771592487001e+00
6.289000000000000057e+01,2.111399996140001623e+00
6.290000000000000568e+01,2.325435525423140248e+00
6.291000000000000369e+01,2.537939144522578516e+00
6.292000000000000171e+01,2.711587039373804853e+00
6.292999999999999972e+01,2.806416151963211369e+00
6.294000000000000483e+01,2.767259310671843053e+00
6.295000000000000284e+01,2.650080605000534550e+00
6.296000000000000085e+01,2.501558944738260681e+00
6.297000000000000597e+01,2.326933014613872253e+00
6.298000000000000398e+01,2.143542295477277371e+00
6.299000000000000199e+01,2.018205458520019757e+00
6.300000000000000000e+01,1.978853557618653003e+00
6.301000000000000512e+01,1.976512788347194682e+00
6.302000000000000313e+01,2.053375897053435040e+00
6.303000000000000114e+01,2.220495914429927886e+00
6.304000000000000625e+01,2.391281191019783758e+00
6.305000000000000426e+01,2.506989620960565990e+00
6.306000000000000227e+01,2.530098836678322360e+00
6.307000000000000028e+01,2.469969381551115450e+00
6.308000000000000540e+01,2.332770257917610834e+00
6.309000000000000341e+01,2.130652603499688436e+00
6.310000000000000142e+01,1.953178064437545158e+00
6.311000000000000654e+01,1.961188450735930955e+00
6.312000000000000455e+01,2.076449445014254103e+00
6.313000000000000256e+01,2.127381923045319478e+00
6.314000000000000057e+01,2.191956194931824697e+00
6.315000000000000568e+01,2.294559204466077418e+00
6.316000000000000369e+01,2.363781681479911523e+00
6.317000000000000171e+01,2.369232196303266758e+00
6.317999999999999972e+01,2.336081156317133978e+00
6.319000000000000483e+01,2.251557048755370438e+00
6.320000000000000284e+01,2.115503089149244786e+00
6.321000000000000085e+01,2.027879638094923553e+00
6.322000000000000597e+01,2.065845311077285196e+00
6.323000000000000398e+01,2.167132615346831770e+00
6.324000000000000199e+01,2.154620629438045665e+00
6.325000000000000000e+01,2.039780033949738502e+00
6.326000000000000512e+01,1.956384835404322731e+00
6.327000000000000313e+01,1.980551513316429091e+00
6.328000000000000114e+01,2.046930762434333584e+00
6.329000000000000625e+01,2.108135956834852998e+00
6.330000000000000426e+01,2.124372287170964935e+00
6.331000000000000227e+01,2.076856608242369617e+00
6.332000000000000028e+01,1.999899861693079872e+00
6.333000000000000540e+01,1.985171730128151735e+00
6.334000000000000341e+01,2.022121974288396906e+00
6.335000000000000142e+01,2.037726333146824942e+00
6.336000000000000654e+01,2.031360219581942683e+00
6.337000000000000455e+01,2.045506001555605469e+00
6.338000000000000256e+01,2.080389062651503806e+00
6.339000000000000057e+01,2.074876093866810933e+00
6.340000000000000568e+01,2.048955608108677495e+00
6.341000000000000369e+01,2.052276818267944503e+00
6.342000000000000171e+01,2.102011068572190222e+00
6.342999999999999972e+01,2.117535211796961025e+00
6.344000000000000483e+01,2.088265064401547466e+00
6.345000000000000284e+01,2.032835199247593483e+00
6.346000000000000085e+01,1.967453735694946859e+00
6.347000000000000597e+01,1.956915041896300167e+00
6.348000000000000398e+01,2.030447070080873218e+00
6.349000000000000199e+01,2.088631975097575921e+00
6.350000000000000000e+01,2.084273740994689206e+00
6.351000000000000512e+01,2.062446507839657883e+00
6.352000000000000313e+01,2.057460889664735060e+00
6.353000000000000114e+01,2.082346644653574774e+00
6.354000000000000625e+01,2.096519144033748727e+00
6.355000000000000426e+01,2.104111884144946654e+00
6.356000000000000227e+01,2.097597359099213854e+00
6.357000000000000028e+01,2.032087689372680916e+00
6.358000000000000540e+01,1.932140512592187997e+00
6.359000000000000341e+01,1.928450558298034023e+00
6.360000000000000142e+01,2.004053091138056963e+00
6.361000000000000654e+01,2.045688130532120841e+00
6.362000000000000455e+01,2.057063405853110094e+00
6.363000000000000256e+01,2.071190852673891580e+00
6.364000000000000057e+01,2.070905024524301474e+00
6.365000000000000568e+01,2.037208269298943275e+00
6.366000000000000369e+01,2.001775147638715335e+00
6.367000000000000171e+01,2.008377005238060953e+00
6.367999999999999972e+01,2.076455311077268995e+00
6.369000000000000483e+01,2.191368740191617981e+00
6.370000000000000284e+01,2.294018896282242537e+00
6.371000000000000085e+01,2.312473366774415062e+00
6.372000000000000597e+01,2.261130235192124971e+00
6.373000000000000398e+01,2.210744620227310886e+00
6.374000000000000199e+01,2.202166199203865471e+00
6.375000000000000000e+01,2.211137514186080733e+00
6.376000000000000512e+01,2.202223783900265630e+00
6.377000000000000313e+01,2.185415607727738241e+00
6.378000000000000114e+01,2.194224491450452508e+00
6.379000000000000625e+01,2.219902199968503798e+00
6.380000000000000426e+01,2.225243957283110863e+00
6.381000000000000227e+01,2.220523376704014229e+00
6.382000000000000028e+01,2.223689632890570866e+00
6.383000000000000540e+01,2.200777230153247110e+00
6.384000000000000341e+01,2.126765149422944035e+00
6.385000000000000142e+01,2.041737899658033761e+00
6.386000000000000654e+01,1.996948063170397747e+00
6.387000000000000455e+01,1.996615912713310070e+00
6.388000000000000256e+01,2.040792922003602072e+00
6.389000000000000057e+01,2.118510393295250704e+00
6.390000000000000568e+01,2.173412053914304920e+00
6.391000000000000369e+01,2.158080863846394859e+00
6.392000000000000171e+01,2.086078822192488413e+00
6.392999999999999972e+01,2.015753065233933050e+00
6.394000000000000483e+01,2.017280767468921709e+00
6.395000000000000284e+01,2.083014807268541269e+00
6.396000000000000085e+01,2.159873548636587426e+00
6.397000000000000597e+01,2.219049693900522868e+00
6.398000000000000398e+01,2.239937336377961330e+00
6.399000000000000199e+01,2.196574381280999244e+00
6.400000000000000000e+01,2.084757051768860947e+00
6.401000000000000512e+01,1.962343831442389996e+00
6.401999999999999602e+01,1.934348505957497633e+00
6.403000000000000114e+01,2.025921992698632490e+00
6.404000000000000625e+01,2.147311928179043594e+00
6.404999999999999716e+01,2.222169872106992017e+00
6.406000000000000227e+01,2.214765522623106442e+00
6.407000000000000739e+01,2.136956777990608014e+00
6.407999999999999829e+01,2.017172576677563001e+00
6.409000000000000341e+01,1.917352141105018726e+00
6.410000000000000853e+01,1.969846469854948046e+00
6.410999999999999943e+01,2.139987672207482206e+00
6.412000000000000455e+01,2.272584225545887904e+00
6.413000000000000966e+01,2.253576881249007346e+00
6.414000000000000057e+01,2.105222761609801818e+00
6.415000000000000568e+01,1.950787273307881931e+00
6.415999999999999659e+01,1.923451505185404420e+00
6.417000000000000171e+01,2.032103044852795026e+00
6.418000000000000682e+01,2.162300298501575124e+00
6.418999999999999773e+01,2.201014501110793997e+00
6.420000000000000284e+01,2.119007459118537273e+00
6.421000000000000796e+01,2.000373439635710238e+00
6.421999999999999886e+01,1.958667701908620717e+00
6.423000000000000398e+01,2.037543284080121087e+00
6.424000000000000909e+01,2.150400837750952920e+00
6.425000000000000000e+01,2.187108699950690571e+00
6.426000000000000512e+01,2.110664579060347990e+00
6.426999999999999602e+01,2.009149633675899160e+00
6.428000000000000114e+01,1.996302384259458051e+00
6.429000000000000625e+01,2.090620240048392198e+00
6.429999999999999716e+01,2.210478279015652969e+00
6.431000000000000227e+01,2.277288373702372581e+00
6.432000000000000739e+01,2.271059822858041866e+00
6.432999999999999829e+01,2.216596211785087700e+00
6.434000000000000341e+01,2.157136323276764411e+00
6.435000000000000853e+01,2.115328944821586177e+00
6.435999999999999943e+01,2.078667589923891779e+00
6.437000000000000455e+01,2.061169532886609534e+00
6.438000000000000966e+01,2.071308646773820872e+00
6.439000000000000057e+01,2.100684493587744672e+00
6.440000000000000568e+01,2.123164738709646837e+00
6.440999999999999659e+01,2.159368789855035775e+00
6.442000000000000171e+01,2.203304872821735039e+00
6.443000000000000682e+01,2.204215719252541561e+00
6.443999999999999773e+01,2.109484159433296924e+00
6.445000000000000284e+01,1.977678248982883025e+00
6.446000000000000796e+01,1.972579546391222793e+00
6.446999999999999886e+01,2.115657135934128519e+00
6.448000000000000398e+01,2.264969230505349707e+00
6.449000000000000909e+01,2.321317511904822606e+00
6.450000000000000000e+01,2.290929178587587600e+00
6.451000000000000512e+01,2.204797679964308976e+00
6.451999999999999602e+01,2.101951455409947656e+00
6.453000000000000114e+01,2.008794809415835214e+00
6.454000000000000625e+01,1.955163921374369229e+00
6.454999999999999716e+01,1.973676644913243683e+00
6.456000000000000227e+01,2.036448046536909917e+00
6.457000000000000739e+01,2.096378071575830671e+00
6.457999999999999829e+01,2.143643264660656911e+00
6.459000000000000341e+01,2.166182809367667605e+00
6.460000000000000853e+01,2.152522387827825234e+00
6.460999999999999943e+01,2.115449032829673115e+00
6.462000000000000455e+01,2.084391309855230467e+00
6.463000000000000966e+01,2.066340199773503361e+00
6.464000000000000057e+01,2.086871106345574489e+00
6.465000000000000568e+01,2.151938401186242800e+00
6.465999999999999659e+01,2.243246485453616490e+00
6.467000000000000171e+01,2.267599278003060714e+00
6.468000000000000682e+01,2.169655863357137449e+00
6.468999999999999773e+01,2.006250138841116026e+00
6.470000000000000284e+01,1.914977095346052538e+00
6.471000000000000796e+01,1.961019614409809764e+00
6.471999999999999886e+01,2.063520524249758736e+00
6.473000000000000398e+01,2.099063413644286058e+00
6.474000000000000909e+01,2.031716623080099815e+00
6.475000000000000000e+01,1.931874925816887245e+00
6.476000000000000512e+01,1.903058789055136257e+00
6.476999999999999602e+01,1.985520867102634757e+00
6.478000000000000114e+01,2.107674857206395913e+00
6.479000000000000625e+01,2.184592471743872721e+00
6.479999999999999716e+01,2.146992715544232766e+00
6.481000000000000227e+01,2.042074931534099580e+00
6.482000000000000739e+01,1.957675218032857822e+00
6.482999999999999829e+01,1.944209138158752515e+00
6.484000000000000341e+01,1.981571567948027246e+00
6.485000000000000853e+01,2.022191791917868464e+00
6.485999999999999943e+01,2.005269448353511841e+00
6.487000000000000455e+01,1.993724775489335022e+00
6.488000000000000966e+01,2.070540787910249314e+00
6.489000000000000057e+01,2.211681008305673046e+00
6.490000000000000568e+01,2.329121692934913668e+00
6.490999999999999659e+01,2.312919760475923070e+00
6.492000000000000171e+01,2.175860786746249165e+00
6.493000000000000682e+01,2.062713543975507324e+00
6.493999999999999773e+01,2.036806678160692385e+00
6.495000000000000284e+01,2.052960661240248452e+00
6.496000000000000796e+01,2.112882677599491998e+00
6.496999999999999886e+01,2.216496235796488801e+00
6.498000000000000398e+01,2.291378256770365773e+00
6.499000000000000909e+01,2.248964547741915343e+00
6.500000000000000000e+01,2.080588116110443586e+00
6.501000000000000512e+01,1.895725137091344603e+00
6.501999999999999602e+01,1.877156845657816042e+00
6.503000000000000114e+01,2.020430747934707227e+00
6.504000000000000625e+01,2.162980360983427719e+00
6.504999999999999716e+01,2.218078468314409690e+00
6.506000000000000227e+01,2.180470708264617752e+00
6.507000000000000739e+01,2.086960014135392338e+00
6.507999999999999829e+01,2.018775846398010110e+00
6.509000000000000341e+01,2.062249490071460745e+00
6.510000000000000853e+01,2.185101065328557635e+00
6.510999999999999943e+01,2.295295998645926705e+00
6.512000000000000455e+01,2.348368902238317624e+00
6.513000000000000966e+01,2.388657369737234415e+00
6.514000000000000057e+01,2.466342005399900117e+00
6.515000000000000568e+01,2.562244256584449875e+00
6.515999999999999659e+01,2.667986763273011430e+00
6.517000000000000171e+01,2.763288493443997851e+00
6.518000000000000682e+01,2.743588116773361119e+00
6.518999999999999773e+01,2.599544115763377405e+00
6.520000000000000284e+01,2.470067253578331012e+00
6.521000000000000796e+01,2.377419941133665837e+00
6.521999999999999886e+01,2.260816432641093776e+00
6.523000000000000398e+01,2.091142945018344967e+00
6.524000000000000909e+01,1.948013764992434504e+00
6.525000000000000000e+01,1.946486121835961480e+00
6.526000000000000512e+01,2.060002453323781513e+00
6.527000000000001023e+01,2.198765406426979485e+00
6.528000000000000114e+01,2.328938847909063803e+00
6.529000000000000625e+01,2.414818090643682247e+00
6.529999999999999716e+01,2.435133232268821502e+00
6.531000000000000227e+01,2.405991943959912671e+00
6.532000000000000739e+01,2.359588560533382839e+00
6.532999999999999829e+01,2.313951978715202085e+00
6.534000000000000341e+01,2.256955475236496422e+00
6.535000000000000853e+01,2.182080655842032701e+00
6.535999999999999943e+01,2.149532269425141084e+00
6.537000000000000455e+01,2.169770792825821637e+00
6.538000000000000966e+01,2.172389838864102529e+00
6.539000000000000057e+01,2.131386521140639534e+00
6.540000000000000568e+01,2.104058645998252874e+00
6.540999999999999659e+01,2.111818211707627402e+00
6.542000000000000171e+01,2.086609151638130655e+00
6.543000000000000682e+01,1.991989099568568955e+00
6.543999999999999773e+01,1.893150070121224493e+00
6.545000000000000284e+01,1.909622525343686039e+00
6.546000000000000796e+01,2.018407687584449661e+00
6.546999999999999886e+01,2.081611356569713411e+00
6.548000000000000398e+01,2.050091356135135268e+00
6.549000000000000909e+01,1.998141103576022148e+00
6.550000000000000000e+01,1.975568888624236852e+00
6.551000000000000512e+01,2.023397105118024175e+00
6.552000000000001023e+01,2.128389413852644019e+00
6.553000000000000114e+01,2.160771488103266691e+00
6.554000000000000625e+01,2.045493563666235470e+00
6.554999999999999716e+01,1.932240723874745436e+00
6.556000000000000227e+01,1.956977005996748620e+00
6.557000000000000739e+01,2.060189452089297824e+00
6.557999999999999829e+01,2.135976817126064908e+00
6.559000000000000341e+01,2.183919949654749448e+00
6.560000000000000853e+01,2.141039178273016930e+00
6.560999999999999943e+01,1.996546720339896774e+00
6.562000000000000455e+01,1.900290943408404098e+00
6.563000000000000966e+01,1.949116285627926271e+00
6.564000000000000057e+01,1.974522542084541588e+00
6.565000000000000568e+01,1.913406510310864395e+00
6.565999999999999659e+01,1.930475305306959877e+00
6.567000000000000171e+01,2.014195508435066895e+00
6.568000000000000682e+01,2.069207235271518286e+00
6.568999999999999773e+01,2.112241599935953840e+00
6.570000000000000284e+01,2.107752942163763521e+00
6.571000000000000796e+01,1.949465739170606726e+00
6.571999999999999886e+01,1.765986829311023021e+00
6.573000000000000398e+01,1.861255713436495540e+00
6.574000000000000909e+01,2.065724095928592075e+00
6.575000000000000000e+01,2.148552208534853847e+00
6.576000000000000512e+01,2.135729866345460248e+00
6.577000000000001023e+01,2.028639219994526677e+00
6.578000000000000114e+01,1.819657830060365633e+00
6.579000000000000625e+01,1.730878061562974857e+00
6.579999999999999716e+01,1.922773609658714022e+00
6.581000000000000227e+01,2.122341390657968674e+00
6.582000000000000739e+01,2.161393691325113053e+00
6.582999999999999829e+01,2.016612795853482520e+00
6.584000000000000341e+01,1.752022188044432216e+00
6.585000000000000853e+01,1.712867704319280149e+00
6.585999999999999943e+01,1.934113354201351109e+00
6.587000000000000455e+01,2.026182531782366514e+00
6.588000000000000966e+01,1.973005664360850231e+00
6.589000000000000057e+01,1.895311813422793978e+00
6.590000000000000568e+01,1.850897731696703019e+00
6.590999999999999659e+01,1.890203434051477505e+00
6.592000000000000171e+01,1.910665652017641047e+00
6.593000000000000682e+01,1.862235799489419641e+00
6.593999999999999773e+01,1.822844330983860450e+00
6.595000000000000284e+01,1.875217512076931881e+00
6.596000000000000796e+01,1.856949833705800135e+00
6.596999999999999886e+01,1.874681305849076551e+00
6.598000000000000398e+01,1.982957352869698431e+00
6.599000000000000909e+01,2.010983135806962085e+00
6.600000000000000000e+01,1.898844847268992053e+00
6.601000000000000512e+01,1.815923476498940481e+00
6.602000000000001023e+01,1.913121307837011509e+00
6.603000000000000114e+01,2.115613351867490444e+00
6.604000000000000625e+01,2.166762028950111052e+00
6.604999999999999716e+01,2.050921100578956491e+00
6.606000000000000227e+01,1.911763214626748697e+00
6.607000000000000739e+01,1.817052936625678017e+00
6.607999999999999829e+01,1.818332326281419942e+00
6.609000000000000341e+01,1.961329066730006732e+00
6.610000000000000853e+01,2.152567118767727994e+00
6.610999999999999943e+01,2.229699593173931849e+00
6.612000000000000455e+01,1.982031635721286822e+00
6.613000000000000966e+01,1.767509519663190254e+00
6.614000000000000057e+01,1.902847142179318052e+00
6.615000000000000568e+01,2.166534613270695075e+00
6.615999999999999659e+01,2.325942811506766184e+00
6.617000000000000171e+01,2.335890375103249816e+00
6.618000000000000682e+01,2.179140667900996586e+00
6.618999999999999773e+01,1.928903218645248607e+00
6.620000000000000284e+01,1.817064691638687224e+00
6.621000000000000796e+01,1.963874525548921168e+00
6.621999999999999886e+01,2.130737947895047668e+00
6.623000000000000398e+01,2.077684564027947545e+00
6.624000000000000909e+01,1.925702832578277457e+00
6.625000000000000000e+01,1.877112114525927300e+00
6.626000000000000512e+01,1.958331302359230364e+00
6.627000000000001023e+01,2.014438603829861396e+00
6.628000000000000114e+01,1.944490829831809764e+00
6.629000000000000625e+01,1.838153488966576266e+00
6.629999999999999716e+01,1.870314580197673493e+00
6.631000000000000227e+01,2.023883084469061178e+00
6.632000000000000739e+01,2.145561158811372771e+00
6.632999999999999829e+01,2.103467736976253555e+00
6.634000000000000341e+01,1.920820658468666231e+00
6.635000000000000853e+01,1.840255237324430748e+00
6.635999999999999943e+01,1.969295678053450960e+00
6.637000000000000455e+01,2.019957302444781444e+00
6.638000000000000966e+01,1.904930595901068502e+00
6.639000000000000057e+01,1.870351814124819212e+00
6.640000000000000568e+01,1.976730862054821403e+00
6.640999999999999659e+01,2.105993554809701074e+00
6.642000000000000171e+01,2.185606018750863022e+00
6.643000000000000682e+01,2.146943160868493905e+00
6.643999999999999773e+01,1.987973963737957206e+00
6.645000000000000284e+01,1.875341118436855803e+00
6.646000000000000796e+01,1.941001245362816041e+00
6.646999999999999886e+01,2.044032565836463089e+00
6.648000000000000398e+01,1.995249408996279783e+00
6.649000000000000909e+01,1.871225249909593824e+00
6.650000000000000000e+01,1.846948744064506265e+00
6.651000000000000512e+01,1.919964125519056486e+00
6.652000000000001023e+01,1.982364271113238985e+00
6.653000000000000114e+01,1.966531179850305566e+00
6.654000000000000625e+01,1.873742179396691299e+00
6.654999999999999716e+01,1.824003999866900205e+00
6.656000000000000227e+01,1.936054165693718909e+00
6.657000000000000739e+01,2.060742753499330338e+00
6.657999999999999829e+01,2.031609562735910313e+00
6.659000000000000341e+01,1.938108938888628785e+00
6.660000000000000853e+01,1.973731838421825868e+00
6.660999999999999943e+01,2.114727125375754468e+00
6.662000000000000455e+01,2.214674426117753558e+00
6.663000000000000966e+01,2.216161388392099418e+00
6.664000000000000057e+01,2.131092629544760531e+00
6.665000000000000568e+01,2.000051214194275673e+00
6.665999999999999659e+01,1.957214318463871949e+00
6.667000000000000171e+01,2.068540484254538736e+00
6.668000000000000682e+01,2.187818078451680304e+00
6.668999999999999773e+01,2.180126512235185388e+00
6.670000000000000284e+01,2.051292366682698098e+00
6.671000000000000796e+01,1.896977758502436773e+00
6.671999999999999886e+01,1.859317020927404585e+00
6.673000000000000398e+01,1.963567475616766922e+00
6.674000000000000909e+01,2.059438075816009128e+00
6.675000000000000000e+01,2.039742525728178268e+00
6.676000000000000512e+01,1.945528545313450763e+00
6.677000000000001023e+01,1.885326837746177819e+00
6.678000000000000114e+01,1.936280257916763503e+00
6.679000000000000625e+01,2.026372225160027352e+00
6.679999999999999716e+01,2.028834738587645514e+00
6.681000000000000227e+01,1.910106153804023377e+00
6.682000000000000739e+01,1.862395381142253115e+00
6.682999999999999829e+01,1.979907324826088333e+00
6.684000000000000341e+01,2.143642461535972377e+00
6.685000000000000853e+01,2.280243961728656288e+00
6.685999999999999943e+01,2.411683758621764095e+00
6.687000000000000455e+01,2.512630417490802515e+00
6.688000000000000966e+01,2.527701257368045962e+00
6.689000000000000057e+01,2.428908736572866545e+00
6.690000000000000568e+01,2.293023855174647796e+00
6.690999999999999659e+01,2.218289910832214940e+00
6.692000000000000171e+01,2.180055383393734836e+00
6.693000000000000682e+01,2.131885318608858881e+00
6.693999999999999773e+01,2.115857654596830173e+00
6.695000000000000284e+01,2.180929454967308168e+00
6.696000000000000796e+01,2.253140013889282312e+00
6.696999999999999886e+01,2.303808652579463434e+00
6.698000000000000398e+01,2.321266265026268094e+00
6.699000000000000909e+01,2.315711275315858408e+00
6.700000000000000000e+01,2.287600409093336395e+00
6.701000000000000512e+01,2.272835108190869757e+00
6.702000000000001023e+01,2.313943065883211858e+00
6.703000000000000114e+01,2.364572347761852544e+00
6.704000000000000625e+01,2.342986161343894924e+00
6.704999999999999716e+01,2.236598002660290518e+00
6.706000000000000227e+01,2.131598023009966703e+00
6.707000000000000739e+01,2.086070222913169125e+00
6.707999999999999829e+01,2.083989553694787222e+00
6.709000000000000341e+01,2.110807852550534935e+00
6.710000000000000853e+01,2.172392047421459971e+00
6.710999999999999943e+01,2.228434587058817140e+00
6.712000000000000455e+01,2.206431053466207715e+00
6.713000000000000966e+01,2.108347463892040086e+00
6.714000000000000057e+01,2.068474574221302653e+00
6.715000000000000568e+01,2.193434254268862293e+00
6.715999999999999659e+01,2.348183298424549648e+00
6.717000000000000171e+01,2.392400822437577901e+00
6.718000000000000682e+01,2.315485433964118656e+00
6.718999999999999773e+01,2.221120720627313361e+00
6.720000000000000284e+01,2.121113122702324549e+00
6.721000000000000796e+01,1.997499226257672289e+00
6.721999999999999886e+01,1.929814956854671859e+00
6.723000000000000398e+01,1.990033336328817182e+00
6.724000000000000909e+01,2.089805097610780038e+00
6.725000000000000000e+01,2.039112269322118642e+00
6.726000000000000512e+01,1.898287075813349878e+00
6.727000000000001023e+01,1.920928871275561445e+00
6.728000000000000114e+01,2.081761115161871345e+00
6.729000000000000625e+01,2.211159752369783682e+00
6.729999999999999716e+01,2.223745404334768416e+00
6.731000000000000227e+01,2.082975993956724281e+00
6.732000000000000739e+01,1.893216340464025205e+00
6.732999999999999829e+01,1.849180699390949645e+00
6.734000000000000341e+01,1.998071986616097195e+00
6.735000000000000853e+01,2.111623273621506147e+00
6.735999999999999943e+01,2.056359082480488709e+00
6.737000000000000455e+01,1.967909242673553827e+00
6.738000000000000966e+01,1.971195323807359179e+00
6.739000000000000057e+01,2.059030136933405863e+00
6.740000000000000568e+01,2.132088675759054031e+00
6.740999999999999659e+01,2.071614841228939241e+00
6.742000000000000171e+01,1.851064843434717666e+00
6.743000000000000682e+01,1.770349382042990971e+00
6.743999999999999773e+01,1.952160142662482611e+00
6.745000000000000284e+01,2.086189627622569986e+00
6.746000000000000796e+01,2.072219612999549376e+00
6.746999999999999886e+01,1.995812845534369551e+00
6.748000000000000398e+01,1.926327808993059776e+00
6.749000000000000909e+01,1.941821220143604476e+00
6.750000000000000000e+01,2.001745086493283310e+00
6.751000000000000512e+01,1.914088055236748076e+00
6.752000000000001023e+01,1.760684894834961156e+00
6.753000000000000114e+01,1.877156289311040505e+00
6.754000000000000625e+01,2.061171690277159296e+00
6.754999999999999716e+01,2.104738630067875427e+00
6.756000000000000227e+01,2.045538310787651692e+00
6.757000000000000739e+01,1.941395817369553134e+00
6.757999999999999829e+01,1.862982569242128017e+00
6.759000000000000341e+01,1.908941922872458896e+00
6.760000000000000853e+01,1.937373399270259311e+00
6.760999999999999943e+01,1.850372605720263630e+00
6.762000000000000455e+01,1.873068069158192683e+00
6.763000000000000966e+01,2.050465417655220168e+00
6.764000000000000057e+01,2.193976010010137756e+00
6.765000000000000568e+01,2.128553072042132399e+00
6.765999999999999659e+01,1.925353649722564287e+00
6.767000000000000171e+01,1.844333868853467173e+00
6.768000000000000682e+01,1.973290848354596783e+00
6.768999999999999773e+01,2.097552292673534602e+00
6.770000000000000284e+01,2.018878890424089079e+00
6.771000000000000796e+01,1.885942963745191880e+00
6.771999999999999886e+01,1.948786186886596328e+00
6.773000000000000398e+01,2.162745690944730459e+00
6.774000000000000909e+01,2.336431944440067632e+00
6.775000000000000000e+01,2.362643077762698329e+00
6.776000000000000512e+01,2.227608719344579491e+00
6.777000000000001023e+01,2.003922057591062789e+00
6.778000000000000114e+01,1.836246542842218776e+00
6.779000000000000625e+01,1.911173749034870362e+00
6.779999999999999716e+01,2.089528074757551313e+00
6.781000000000000227e+01,2.078971551320508038e+00
6.782000000000000739e+01,1.981858917506490014e+00
6.782999999999999829e+01,1.945482982449345366e+00
6.784000000000000341e+01,1.983884069823638407e+00
6.785000000000000853e+01,2.051904321404874221e+00
6.785999999999999943e+01,2.060643076711734523e+00
6.787000000000000455e+01,1.954697153607432680e+00
6.788000000000000966e+01,1.915198775652542817e+00
6.789000000000000057e+01,2.038228616294305962e+00
6.790000000000000568e+01,2.268002814312407356e+00
6.790999999999999659e+01,2.489022162498558011e+00
6.792000000000000171e+01,2.577938750196365536e+00
6.793000000000000682e+01,2.482285880584466309e+00
6.793999999999999773e+01,2.295767013197114181e+00
6.795000000000000284e+01,2.081991807972355613e+00
6.796000000000000796e+01,1.891370178258079404e+00
6.796999999999999886e+01,1.877489949545402936e+00
6.798000000000000398e+01,2.038242289225940418e+00
6.799000000000000909e+01,2.205725126557023685e+00
6.800000000000000000e+01,2.321467201665575519e+00
6.801000000000000512e+01,2.371659926448983491e+00
6.802000000000001023e+01,2.337987085757531780e+00
6.803000000000000114e+01,2.205835368240566918e+00
6.804000000000000625e+01,2.041110371631333464e+00
6.804999999999999716e+01,1.994051282916514900e+00
6.806000000000000227e+01,2.097284853120576553e+00
6.807000000000000739e+01,2.261701872667792657e+00
6.807999999999999829e+01,2.417425849565813412e+00
6.809000000000000341e+01,2.520199992560114399e+00
6.810000000000000853e+01,2.514802537158733031e+00
6.810999999999999943e+01,2.377662743220746222e+00
6.812000000000000455e+01,2.148166793361261373e+00
6.813000000000000966e+01,1.952484616840808318e+00
6.814000000000000057e+01,1.932307853422947863e+00
6.815000000000000568e+01,2.070270042409927402e+00
6.815999999999999659e+01,2.225291001487222253e+00
6.817000000000000171e+01,2.331527852396364509e+00
6.818000000000000682e+01,2.370539990065554381e+00
6.818999999999999773e+01,2.315101988790126963e+00
6.820000000000000284e+01,2.180040238665332808e+00
6.821000000000000796e+01,2.021771085459480144e+00
6.821999999999999886e+01,1.947912591185753772e+00
6.823000000000000398e+01,2.003325962218829748e+00
6.824000000000000909e+01,2.119997284668071913e+00
6.825000000000000000e+01,2.173449210103608475e+00
6.826000000000000512e+01,2.122922895491025752e+00
6.827000000000001023e+01,2.023219690221504941e+00
6.828000000000000114e+01,1.958099418441259010e+00
6.829000000000000625e+01,1.977945844405251563e+00
6.829999999999999716e+01,2.063738508823246498e+00
6.831000000000000227e+01,2.128435166336997142e+00
6.832000000000000739e+01,2.121503426016560390e+00
6.832999999999999829e+01,2.039516230702762556e+00
6.834000000000000341e+01,1.925185812278907171e+00
6.835000000000000853e+01,1.919912568842653933e+00
6.835999999999999943e+01,2.029742036368167746e+00
6.837000000000000455e+01,2.165154474627619674e+00
6.838000000000000966e+01,2.259663767200775997e+00
6.839000000000000057e+01,2.269935857684088010e+00
6.840000000000000568e+01,2.221303217595473001e+00
6.840999999999999659e+01,2.118837268810419783e+00
6.842000000000000171e+01,2.002570165786956569e+00
6.843000000000000682e+01,1.981762952020245772e+00
6.843999999999999773e+01,2.105016296777769913e+00
6.845000000000000284e+01,2.283928281317082920e+00
6.846000000000000796e+01,2.434053446927572306e+00
6.846999999999999886e+01,2.541262073950657729e+00
6.848000000000000398e+01,2.592319110487750766e+00
6.849000000000000909e+01,2.569360277578837337e+00
6.850000000000000000e+01,2.433198322702035732e+00
6.851000000000000512e+01,2.172120406998653941e+00
6.852000000000001023e+01,1.928793007064262266e+00
6.853000000000000114e+01,1.882715967983487948e+00
6.854000000000000625e+01,1.988135150587102773e+00
6.854999999999999716e+01,2.144988156820452296e+00
6.856000000000000227e+01,2.293995158778675769e+00
6.857000000000000739e+01,2.371192684389018535e+00
6.857999999999999829e+01,2.346505640649517055e+00
6.859000000000000341e+01,2.243977450354615044e+00
6.860000000000000853e+01,2.112532087803637992e+00
6.860999999999999943e+01,2.034075992828193069e+00
6.862000000000000455e+01,2.008736738251181819e+00
6.863000000000000966e+01,2.036563866540894274e+00
6.864000000000000057e+01,2.164662974090885594e+00
6.865000000000000568e+01,2.319807758111866569e+00
6.865999999999999659e+01,2.436989932438990980e+00
6.867000000000000171e+01,2.475849565705477318e+00
6.868000000000000682e+01,2.402862855017739108e+00
6.868999999999999773e+01,2.230729987722627872e+00
6.870000000000000284e+01,2.065744926036126916e+00
6.871000000000000796e+01,1.991331482063194436e+00
6.871999999999999886e+01,2.011314920056280542e+00
6.873000000000000398e+01,2.122412085220258149e+00
6.874000000000000909e+01,2.251262269337804156e+00
6.875000000000000000e+01,2.316697852655801526e+00
6.876000000000000512e+01,2.275659097365200445e+00
6.877000000000001023e+01,2.191648186394203002e+00
6.878000000000000114e+01,2.089087114048622240e+00
6.879000000000000625e+01,2.003904798636900964e+00
6.879999999999999716e+01,2.007162520998238442e+00
6.881000000000000227e+01,2.076288746417512154e+00
6.882000000000000739e+01,2.095556087629248054e+00
6.882999999999999829e+01,2.126431918261197929e+00
6.884000000000000341e+01,2.205250662600513945e+00
6.885000000000000853e+01,2.236724655025737363e+00
6.885999999999999943e+01,2.148601972562623974e+00
6.887000000000000455e+01,1.932032867784603702e+00
6.888000000000000966e+01,1.791548554575063346e+00
6.889000000000000057e+01,1.928446684277271839e+00
6.890000000000000568e+01,2.120545249057420811e+00
6.890999999999999659e+01,2.193901389534178570e+00
6.892000000000000171e+01,2.120954709865347176e+00
6.893000000000000682e+01,1.984488685304101274e+00
6.893999999999999773e+01,1.892543031188459457e+00
6.895000000000000284e+01,1.936723335662582812e+00
6.896000000000000796e+01,2.038978242772591098e+00
6.896999999999999886e+01,2.057020374838324006e+00
6.898000000000000398e+01,1.994655541916948938e+00
6.899000000000000909e+01,1.994532178381687837e+00
6.900000000000000000e+01,2.038144682106743044e+00
6.901000000000000512e+01,2.051065022981962471e+00
6.902000000000001023e+01,2.016321513474476301e+00
6.903000000000000114e+01,1.930330609248062990e+00
6.904000000000000625e+01,1.890608845345858713e+00
6.904999999999999716e+01,1.989620426739733938e+00
6.906000000000000227e+01,2.084754217647730723e+00
6.907000000000000739e+01,2.048486039347106935e+00
6.907999999999999829e+01,1.970922707895974568e+00
6.909000000000000341e+01,1.957045811753009623e+00
6.910000000000000853e+01,1.981417066167544982e+00
6.910999999999999943e+01,1.935856738733525706e+00
6.912000000000000455e+01,1.849920417882888746e+00
6.913000000000000966e+01,1.864506848418637119e+00
6.914000000000000057e+01,1.971562399646533903e+00
6.915000000000000568e+01,2.080880328803173196e+00
6.915999999999999659e+01,2.144920010280103817e+00
6.917000000000000171e+01,2.100811592075785939e+00
6.918000000000000682e+01,1.960342850931948933e+00
6.918999999999999773e+01,1.887937388712877418e+00
6.920000000000000284e+01,1.957286779524145537e+00
6.921000000000000796e+01,1.976244946685505210e+00
6.921999999999999886e+01,1.928699892673819027e+00
6.923000000000000398e+01,1.968066878563834887e+00
6.924000000000000909e+01,2.054860657879262309e+00
6.925000000000000000e+01,2.133067907709456978e+00
6.926000000000000512e+01,2.179372281759131003e+00
6.927000000000001023e+01,2.135799505946192944e+00
6.928000000000000114e+01,1.977616282725239927e+00
6.929000000000000625e+01,1.889498461126656315e+00
6.929999999999999716e+01,1.950684025797104315e+00
6.931000000000000227e+01,2.025355452358919450e+00
6.932000000000000739e+01,2.053798416300878671e+00
6.932999999999999829e+01,2.081543009716590120e+00
6.934000000000000341e+01,2.097221109587636523e+00
6.935000000000000853e+01,2.059568302848924670e+00
6.935999999999999943e+01,1.999914513097997615e+00
6.937000000000000455e+01,1.960572368212915695e+00
6.938000000000000966e+01,1.933833738380835499e+00
6.939000000000000057e+01,1.933781363675842302e+00
6.940000000000000568e+01,2.003860846516044791e+00
6.940999999999999659e+01,2.075662228542975996e+00
6.942000000000000171e+01,2.080571669253428180e+00
6.943000000000000682e+01,2.033971091952882393e+00
6.943999999999999773e+01,2.001754965424090038e+00
6.945000000000000284e+01,2.013048729663541980e+00
6.946000000000000796e+01,2.059210618659490510e+00
6.946999999999999886e+01,2.074649094184363829e+00
6.948000000000000398e+01,2.017419089951316913e+00
6.949000000000000909e+01,1.947301714321640453e+00
6.950000000000000000e+01,2.006367746102393212e+00
6.951000000000000512e+01,2.179179064234969321e+00
6.952000000000001023e+01,2.386065644381981432e+00
6.953000000000000114e+01,2.555082763610603713e+00
6.954000000000000625e+01,2.597470233708175424e+00
6.954999999999999716e+01,2.523981539651190431e+00
6.956000000000000227e+01,2.416160673403157766e+00
6.957000000000000739e+01,2.299311972308237362e+00
6.957999999999999829e+01,2.157218300613083173e+00
6.959000000000000341e+01,2.039910809349271048e+00
6.960000000000000853e+01,2.051299277555568512e+00
6.960999999999999943e+01,2.172355669267810985e+00
6.962000000000000455e+01,2.242837590642710488e+00
6.963000000000000966e+01,2.200868111200669386e+00
6.964000000000000057e+01,2.114195980910947625e+00
6.965000000000000568e+01,2.050111893165834420e+00
6.965999999999999659e+01,2.030848087302445926e+00
6.967000000000000171e+01,2.055004432233663358e+00
6.968000000000000682e+01,2.095868814907078992e+00
6.968999999999999773e+01,2.143657299873279243e+00
6.970000000000000284e+01,2.175953853600760102e+00
6.971000000000000796e+01,2.193984223849387849e+00
6.971999999999999886e+01,2.201600956485984195e+00
6.973000000000000398e+01,2.229424518973450731e+00
6.974000000000000909e+01,2.270845427522534266e+00
6.975000000000000000e+01,2.318307456011821532e+00
6.976000000000000512e+01,2.369570380343238192e+00
6.977000000000001023e+01,2.420782739569993680e+00
6.978000000000000114e+01,2.413516193937800036e+00
6.979000000000000625e+01,2.296714237165781825e+00
6.979999999999999716e+01,2.110129752408605341e+00
6.981000000000000227e+01,1.975936129281511411e+00
6.982000000000000739e+01,1.991419708273472589e+00
6.982999999999999829e+01,2.103541209246921007e+00
6.984000000000000341e+01,2.171235280894264985e+00
6.985000000000000853e+01,2.165864430775850558e+00
6.985999999999999943e+01,2.092722933070692015e+00
6.987000000000000455e+01,1.989504006329215535e+00
6.988000000000000966e+01,1.938504437188628415e+00
6.989000000000000057e+01,1.930003341059284061e+00
6.990000000000000568e+01,1.887292546745205302e+00
6.990999999999999659e+01,1.926789494080762388e+00
6.992000000000000171e+01,2.057867627958610779e+00
6.993000000000000682e+01,2.161658980042874934e+00
6.993999999999999773e+01,2.166881279812070460e+00
6.995000000000000284e+01,2.070894925629979788e+00
6.996000000000000796e+01,1.918736749139912989e+00
6.996999999999999886e+01,1.845690444088607274e+00
6.998000000000000398e+01,1.940675503555398862e+00
6.999000000000000909e+01,2.012412108391321119e+00
7.000000000000000000e+01,1.932829737690310967e+00
7.001000000000000512e+01,1.869730602627020177e+00
7.002000000000001023e+01,1.952627771491536102e+00
7.003000000000000114e+01,2.079079741255731584e+00
7.004000000000000625e+01,2.100197944980423337e+00
7.004999999999999716e+01,1.990567040242553487e+00
7.006000000000000227e+01,1.885962214600282127e+00
7.007000000000000739e+01,1.933192456792650171e+00
7.007999999999999829e+01,2.064324637672087626e+00
7.009000000000000341e+01,2.113013582753313635e+00
7.010000000000000853e+01,2.045954433510189574e+00
7.010999999999999943e+01,1.951932800815642022e+00
7.012000000000000455e+01,1.923041521912617124e+00
7.013000000000000966e+01,1.983073696058721413e+00
7.014000000000000057e+01,2.056073847141682176e+00
7.015000000000000568e+01,2.023692407210147426e+00
7.015999999999999659e+01,1.924333612500700452e+00
7.017000000000000171e+01,1.960363025819453542e+00
7.018000000000000682e+01,2.122107593408024240e+00
7.018999999999999773e+01,2.237617473785004307e+00
7.020000000000000284e+01,2.214176916909893045e+00
7.021000000000000796e+01,2.070575768342138634e+00
7.021999999999999886e+01,1.932145524017753413e+00
7.023000000000000398e+01,1.945325723497225656e+00
7.024000000000000909e+01,2.081917578723999185e+00
7.025000000000000000e+01,2.170475609279178819e+00
7.026000000000000512e+01,2.111127495934035370e+00
7.027000000000001023e+01,1.948041956587197587e+00
7.028000000000000114e+01,1.853956763389142059e+00
7.029000000000000625e+01,1.951902926672102856e+00
7.029999999999999716e+01,2.121976813462880695e+00
7.031000000000000227e+01,2.210887003585424448e+00
7.032000000000000739e+01,2.158519325187800764e+00
7.032999999999999829e+01,1.990502004381555778e+00
7.034000000000000341e+01,1.859599042146103054e+00
7.035000000000000853e+01,1.929918216528014208e+00
7.035999999999999943e+01,2.123188990167105050e+00
7.037000000000000455e+01,2.236112591090595014e+00
7.038000000000000966e+01,2.177065190048803167e+00
7.039000000000000057e+01,2.039638386378578527e+00
7.040000000000000568e+01,1.930592184970878034e+00
7.040999999999999659e+01,1.862700035953802846e+00
7.042000000000000171e+01,1.885597153033531592e+00
7.043000000000000682e+01,2.005841195518564657e+00
7.043999999999999773e+01,2.084133897548016812e+00
7.045000000000000284e+01,2.022814591319836097e+00
7.046000000000000796e+01,1.883258695090262558e+00
7.046999999999999886e+01,1.842957531893014478e+00
7.048000000000000398e+01,1.904425750666063344e+00
7.049000000000000909e+01,1.931009511887500141e+00
7.050000000000000000e+01,1.997811500542531205e+00
7.051000000000000512e+01,2.112323659977324297e+00
7.052000000000001023e+01,2.207976730515971653e+00
7.053000000000000114e+01,2.264355494130725344e+00
7.054000000000000625e+01,2.275028754543555021e+00
7.054999999999999716e+01,2.217569691013115296e+00
7.056000000000000227e+01,2.093319593874761964e+00
7.057000000000000739e+01,1.964388628759594635e+00
7.057999999999999829e+01,1.923665833610401110e+00
7.059000000000000341e+01,2.014867880532120736e+00
7.060000000000000853e+01,2.189545815209172464e+00
7.060999999999999943e+01,2.358234508801022589e+00
7.062000000000000455e+01,2.471250126595848862e+00
7.063000000000000966e+01,2.546729941848033363e+00
7.064000000000000057e+01,2.598042489795670207e+00
7.065000000000000568e+01,2.611122374762132381e+00
7.065999999999999659e+01,2.565733109222181785e+00
7.067000000000000171e+01,2.454618286740323896e+00
7.068000000000000682e+01,2.313023918877624041e+00
7.068999999999999773e+01,2.164897536720850280e+00
7.070000000000000284e+01,2.047104090489782369e+00
7.071000000000000796e+01,2.020212890390515437e+00
7.071999999999999886e+01,2.074281640327562126e+00
7.073000000000000398e+01,2.093264993497000237e+00
7.074000000000000909e+01,2.058421037154449795e+00
7.075000000000000000e+01,2.062778134579674294e+00
7.076000000000000512e+01,2.113138894843403115e+00
7.077000000000001023e+01,2.158555867796800865e+00
7.078000000000000114e+01,2.158223661648625669e+00
7.079000000000000625e+01,2.109120412968401581e+00
7.079999999999999716e+01,2.084135916033309055e+00
7.081000000000000227e+01,2.143543042581604219e+00
7.082000000000000739e+01,2.256960879722996083e+00
7.082999999999999829e+01,2.331588439090399145e+00
7.084000000000000341e+01,2.304739404444675621e+00
7.085000000000000853e+01,2.224955359754437811e+00
7.085999999999999943e+01,2.187836172157322068e+00
7.087000000000000455e+01,2.181052658969975244e+00
7.088000000000000966e+01,2.160342800969327293e+00
7.089000000000000057e+01,2.101038740242549885e+00
7.090000000000000568e+01,2.025607255368127912e+00
7.090999999999999659e+01,1.976170914394804523e+00
7.092000000000000171e+01,1.989937917574314152e+00
7.093000000000000682e+01,2.052964166394533052e+00
7.093999999999999773e+01,2.120037294954973284e+00
7.095000000000000284e+01,2.133252640312440107e+00
7.096000000000000796e+01,2.086173505559881125e+00
7.096999999999999886e+01,2.032110836888578742e+00
7.098000000000000398e+01,2.028344758269657877e+00
7.099000000000000909e+01,2.070307705752940652e+00
7.100000000000000000e+01,2.107665183111397944e+00
7.101000000000000512e+01,2.125500485650380522e+00
7.102000000000001023e+01,2.138536660733221684e+00
7.103000000000000114e+01,2.158072417552293842e+00
7.104000000000000625e+01,2.178069887331441912e+00
7.104999999999999716e+01,2.170786533678518815e+00
7.106000000000000227e+01,2.065287899543306160e+00
7.107000000000000739e+01,1.890051936773168073e+00
7.107999999999999829e+01,1.824745403419337331e+00
7.109000000000000341e+01,1.926815114249418093e+00
7.110000000000000853e+01,2.021874163146657466e+00
7.110999999999999943e+01,2.020484575343250100e+00
7.112000000000000455e+01,1.949880563316635618e+00
7.113000000000000966e+01,1.875652935913251440e+00
7.114000000000000057e+01,1.889070879294897587e+00
7.115000000000000568e+01,1.994689556798250329e+00
7.115999999999999659e+01,1.992473554880967557e+00
7.117000000000000171e+01,1.897406984729423263e+00
7.118000000000000682e+01,1.916797283230544879e+00
7.118999999999999773e+01,2.039583481743270088e+00
7.120000000000000284e+01,2.082902730758207532e+00
7.121000000000000796e+01,1.998764856730275152e+00
7.121999999999999886e+01,1.903246385521327300e+00
7.123000000000000398e+01,1.886352532296123874e+00
7.124000000000000909e+01,1.972525509416797718e+00
7.125000000000000000e+01,2.047575928970644998e+00
7.126000000000000512e+01,1.994075498420258885e+00
7.127000000000001023e+01,1.924593462393811460e+00
7.128000000000000114e+01,1.973839585376938599e+00
7.129000000000000625e+01,2.051103254198578529e+00
7.129999999999999716e+01,2.021965334856412166e+00
7.131000000000000227e+01,1.922423797472608387e+00
7.132000000000000739e+01,1.865397998734050988e+00
7.132999999999999829e+01,1.876592977356571490e+00
7.134000000000000341e+01,1.906258024650388183e+00
7.135000000000000853e+01,1.920406382038968740e+00
7.135999999999999943e+01,1.920836056164346495e+00
7.137000000000000455e+01,1.936334774332424624e+00
7.138000000000000966e+01,2.002981000169746117e+00
7.139000000000000057e+01,2.074637083868163590e+00
7.140000000000000568e+01,2.065751171813536846e+00
7.140999999999999659e+01,2.005412090140328729e+00
7.142000000000000171e+01,1.992804315416844441e+00
7.143000000000000682e+01,2.024123094050606309e+00
7.143999999999999773e+01,2.039738236117811798e+00
7.145000000000000284e+01,2.037711227222591237e+00
7.146000000000000796e+01,1.996662006866460448e+00
7.146999999999999886e+01,1.925487075792513547e+00
7.148000000000000398e+01,1.940106165945822081e+00
7.149000000000000909e+01,2.008647246636651396e+00
7.150000000000000000e+01,2.002737603912454922e+00
7.151000000000000512e+01,1.951524015239372689e+00
7.152000000000001023e+01,1.938720160345220878e+00
7.153000000000000114e+01,1.969922926620481851e+00
7.154000000000000625e+01,2.025926197619497771e+00
7.154999999999999716e+01,2.056058635171672311e+00
7.156000000000000227e+01,1.998713539235674741e+00
7.157000000000000739e+01,1.894284684087637949e+00
7.157999999999999829e+01,1.865197659655405849e+00
7.159000000000000341e+01,1.944042333882933349e+00
7.160000000000000853e+01,2.001698758267336675e+00
7.160999999999999943e+01,1.971897610142068213e+00
7.162000000000000455e+01,1.897094805959891328e+00
7.163000000000000966e+01,1.855487963723021050e+00
7.164000000000000057e+01,1.881846082803798614e+00
7.165000000000000568e+01,1.971800829578129743e+00
7.165999999999999659e+01,2.050067874829757830e+00
7.167000000000000171e+01,2.042093177385400082e+00
7.168000000000000682e+01,1.954669112254296959e+00
7.168999999999999773e+01,1.913861588516787560e+00
7.170000000000000284e+01,1.994728159154774971e+00
7.171000000000000796e+01,2.068812406546566951e+00
7.171999999999999886e+01,2.031158413709034161e+00
7.173000000000000398e+01,1.953490412904296480e+00
7.174000000000000909e+01,1.931730174830066815e+00
7.175000000000000000e+01,1.965494007343700611e+00
7.176000000000000512e+01,2.019367540376194370e+00
7.177000000000001023e+01,2.068255216763395854e+00
7.178000000000000114e+01,2.060653085817455654e+00
7.179000000000000625e+01,1.983267549374265304e+00
7.179999999999999716e+01,1.947840103665853917e+00
7.181000000000000227e+01,2.020704295483137791e+00
7.182000000000000739e+01,2.078399769433445954e+00
7.182999999999999829e+01,1.984665668693091911e+00
7.184000000000000341e+01,1.877297844700195339e+00
7.185000000000000853e+01,1.922064496644428022e+00
7.185999999999999943e+01,2.027450880302898995e+00
7.187000000000000455e+01,2.113303770197033860e+00
7.188000000000000966e+01,2.153464179850921756e+00
7.189000000000000057e+01,2.084520429899644700e+00
7.190000000000000568e+01,1.962968816682781892e+00
7.190999999999999659e+01,1.939994642604973230e+00
7.192000000000000171e+01,2.006985953567188563e+00
7.193000000000000682e+01,1.975821857936843173e+00
7.193999999999999773e+01,1.896698630911088923e+00
7.195000000000000284e+01,1.952952589923523385e+00
7.196000000000000796e+01,2.073854010581265062e+00
7.196999999999999886e+01,2.151893391969267544e+00
7.198000000000000398e+01,2.183547606231886817e+00
7.199000000000000909e+01,2.157368674033252720e+00
7.200000000000000000e+01,2.042381737345885018e+00
7.201000000000000512e+01,1.916181961701185266e+00
7.202000000000001023e+01,1.941222985701539505e+00
7.203000000000000114e+01,2.085779199043129584e+00
7.204000000000000625e+01,2.213550639596031822e+00
7.204999999999999716e+01,2.335467865474496030e+00
7.206000000000000227e+01,2.471944519523041173e+00
7.207000000000000739e+01,2.563967695756129483e+00
7.207999999999999829e+01,2.531583696636553693e+00
7.209000000000000341e+01,2.403902512582405393e+00
7.210000000000000853e+01,2.222265452865612279e+00
7.210999999999999943e+01,2.009359101047893503e+00
7.212000000000000455e+01,1.917336811721144008e+00
7.213000000000000966e+01,2.048735785795718911e+00
7.214000000000000057e+01,2.246101836802819829e+00
7.215000000000000568e+01,2.383373362581700849e+00
7.215999999999999659e+01,2.425848231981753145e+00
7.217000000000000171e+01,2.379917795541685699e+00
7.218000000000000682e+01,2.287259812698155592e+00
7.218999999999999773e+01,2.188971051376423560e+00
7.220000000000000284e+01,2.118917528521580440e+00
7.221000000000000796e+01,2.084408158494876595e+00
7.221999999999999886e+01,2.090679347700167501e+00
7.223000000000000398e+01,2.149632340126096164e+00
7.224000000000000909e+01,2.218968934047749197e+00
7.225000000000000000e+01,2.300463266847788013e+00
7.226000000000000512e+01,2.383835007203518597e+00
7.227000000000001023e+01,2.433136977920684618e+00
7.228000000000000114e+01,2.405405844403185611e+00
7.229000000000000625e+01,2.278420336770413002e+00
7.229999999999999716e+01,2.086875844121063306e+00
7.231000000000000227e+01,1.930662904605825236e+00
7.232000000000000739e+01,1.933024390094703504e+00
7.232999999999999829e+01,2.099657626346734585e+00
7.234000000000000341e+01,2.322499149008240948e+00
7.235000000000000853e+01,2.532744640355399479e+00
7.235999999999999943e+01,2.697509439791452746e+00
7.237000000000000455e+01,2.836428898369215190e+00
7.238000000000000966e+01,2.950207623817178160e+00
7.239000000000000057e+01,3.052491478314722340e+00
7.240000000000000568e+01,3.138754588276217117e+00
7.240999999999999659e+01,3.167019530772741565e+00
7.242000000000000171e+01,3.136440026718349205e+00
7.243000000000000682e+01,3.079649606173403775e+00
7.243999999999999773e+01,3.000749199050297022e+00
7.245000000000000284e+01,2.918067292400228663e+00
7.246000000000000796e+01,2.819640245708838311e+00
7.246999999999999886e+01,2.709937970529213924e+00
7.248000000000000398e+01,2.604826515485436200e+00
7.249000000000000909e+01,2.473505747112790587e+00
7.250000000000000000e+01,2.318362019933254192e+00
7.251000000000000512e+01,2.203778287697063298e+00
7.252000000000001023e+01,2.183561990128973118e+00
7.253000000000000114e+01,2.217836255104511434e+00
7.254000000000000625e+01,2.245931029935914758e+00
7.254999999999999716e+01,2.265410272401227054e+00
7.256000000000000227e+01,2.288469660161785768e+00
7.257000000000000739e+01,2.268132034626732185e+00
7.257999999999999829e+01,2.200303803187414253e+00
7.259000000000000341e+01,2.123452641483911219e+00
7.260000000000000853e+01,2.029914718250252381e+00
7.260999999999999943e+01,1.948782492868046834e+00
7.262000000000000455e+01,1.981907272048821111e+00
7.263000000000000966e+01,2.114595294832795958e+00
7.264000000000000057e+01,2.242502409028805932e+00
7.265000000000000568e+01,2.348696608270211872e+00
7.265999999999999659e+01,2.439231084916105630e+00
7.267000000000000171e+01,2.501397759501875040e+00
7.268000000000000682e+01,2.471391382703274076e+00
7.268999999999999773e+01,2.358498175879091718e+00
7.270000000000000284e+01,2.225098476652213275e+00
7.271000000000000796e+01,2.109223654167570849e+00
7.271999999999999886e+01,2.038268088549688883e+00
7.273000000000000398e+01,2.026551917148928794e+00
7.274000000000000909e+01,2.063977103070671948e+00
7.275000000000000000e+01,2.154755737293672979e+00
7.276000000000000512e+01,2.234818714549347884e+00
7.277000000000001023e+01,2.304629542486166471e+00
7.278000000000000114e+01,2.336426403289615372e+00
7.279000000000000625e+01,2.277459086473572203e+00
7.279999999999999716e+01,2.198298235725800964e+00
7.281000000000000227e+01,2.222511877788036383e+00
7.282000000000000739e+01,2.254592832203042185e+00
7.282999999999999829e+01,2.151064497053045699e+00
7.284000000000000341e+01,2.045573660558193563e+00
7.285000000000000853e+01,2.054737072008597121e+00
7.285999999999999943e+01,2.133454517761026015e+00
7.287000000000000455e+01,2.170721757852063671e+00
7.288000000000000966e+01,2.119829510130930128e+00
7.289000000000000057e+01,2.001139793782217513e+00
7.290000000000000568e+01,1.861658711935514576e+00
7.290999999999999659e+01,1.827676668954223871e+00
7.292000000000000171e+01,1.988300058163972928e+00
7.293000000000000682e+01,2.155997689077795876e+00
7.293999999999999773e+01,2.168270993913341105e+00
7.295000000000000284e+01,2.038402682616955452e+00
7.296000000000000796e+01,1.946130750720516778e+00
7.296999999999999886e+01,1.999831564934050343e+00
7.298000000000000398e+01,2.077117684765488637e+00
7.299000000000000909e+01,2.094431032703526707e+00
7.300000000000000000e+01,2.077054941073191330e+00
7.301000000000000512e+01,2.033944067417080337e+00
7.302000000000001023e+01,2.019105757334171969e+00
7.303000000000000114e+01,2.031857764337847705e+00
7.304000000000000625e+01,2.009286846744385180e+00
7.304999999999999716e+01,1.997450961851128026e+00
7.306000000000000227e+01,2.043502082798057451e+00
7.307000000000000739e+01,2.119569796067116041e+00
7.307999999999999829e+01,2.095731338697783386e+00
7.309000000000000341e+01,1.999696624390810529e+00
7.310000000000000853e+01,1.952608441290777819e+00
7.310999999999999943e+01,1.951005291253716134e+00
7.312000000000000455e+01,1.981238149844688490e+00
7.313000000000000966e+01,1.966879511942711600e+00
7.314000000000000057e+01,1.886021224429884180e+00
7.315000000000000568e+01,1.898319574097047768e+00
7.315999999999999659e+01,2.039196991391464042e+00
7.317000000000000171e+01,2.118235407691977823e+00
7.318000000000000682e+01,2.034675172232658369e+00
7.318999999999999773e+01,1.942552345292141380e+00
7.320000000000000284e+01,1.962208077269075535e+00
7.321000000000000796e+01,2.037947752347935904e+00
7.321999999999999886e+01,2.090081533098650191e+00
7.323000000000000398e+01,2.023820437316513843e+00
7.324000000000000909e+01,1.880921032818761995e+00
7.325000000000000000e+01,1.868029901794936887e+00
7.326000000000000512e+01,2.008002724724246679e+00
7.327000000000001023e+01,2.100689694290901244e+00
7.328000000000000114e+01,2.039532626681907601e+00
7.329000000000000625e+01,1.903025745805873692e+00
7.329999999999999716e+01,1.849497454715739009e+00
7.331000000000000227e+01,1.923102615696832718e+00
7.332000000000000739e+01,2.004306330629127775e+00
7.332999999999999829e+01,2.028337892092932027e+00
7.334000000000000341e+01,2.020845884202948195e+00
7.335000000000000853e+01,2.014397743743772118e+00
7.335999999999999943e+01,2.061593991308666052e+00
7.337000000000000455e+01,2.133345540506741855e+00
7.338000000000000966e+01,2.110882861079696138e+00
7.339000000000000057e+01,1.978399146507095585e+00
7.340000000000000568e+01,1.900079419024373495e+00
7.340999999999999659e+01,1.941514388434965932e+00
7.342000000000000171e+01,2.005707997715519664e+00
7.343000000000000682e+01,2.054262519859621161e+00
7.343999999999999773e+01,2.085649562846069394e+00
7.345000000000000284e+01,2.088365798249913308e+00
7.346000000000000796e+01,2.088755431375343807e+00
7.346999999999999886e+01,2.099389204268708120e+00
7.348000000000000398e+01,2.070132909187233583e+00
7.349000000000000909e+01,1.979420085909000981e+00
7.350000000000000000e+01,1.934416374206959333e+00
7.351000000000000512e+01,1.976958111468221757e+00
7.352000000000001023e+01,2.025712629915704888e+00
7.353000000000000114e+01,2.033584597453471421e+00
7.354000000000000625e+01,2.030466185386991640e+00
7.354999999999999716e+01,2.042584435317179370e+00
7.356000000000000227e+01,2.071374230408401740e+00
7.357000000000000739e+01,2.080698151126203044e+00
7.357999999999999829e+01,2.004132040185975239e+00
7.359000000000000341e+01,1.876047662427583473e+00
7.360000000000000853e+01,1.878976803608814805e+00
7.360999999999999943e+01,2.009601297098506212e+00
7.362000000000000455e+01,2.116715992427893323e+00
7.363000000000000966e+01,2.142155555159336089e+00
7.364000000000000057e+01,2.083298822348824686e+00
7.365000000000000568e+01,1.958905554640141489e+00
7.365999999999999659e+01,1.869980330752171627e+00
7.367000000000000171e+01,1.923372194480309050e+00
7.368000000000000682e+01,1.996626837769141183e+00
7.368999999999999773e+01,1.982822047133831367e+00
7.370000000000000284e+01,1.994354065104789298e+00
7.371000000000000796e+01,2.073047805743996275e+00
7.371999999999999886e+01,2.161246741212118128e+00
7.373000000000000398e+01,2.207788013034766017e+00
7.374000000000000909e+01,2.174247501872773825e+00
7.375000000000000000e+01,2.029280162643885888e+00
7.376000000000000512e+01,1.862315731770528338e+00
7.377000000000001023e+01,1.873108238196607100e+00
7.378000000000000114e+01,2.017005465560271382e+00
7.379000000000000625e+01,2.054940784669962994e+00
7.379999999999999716e+01,1.971497964746604659e+00
7.381000000000000227e+01,1.911926719228538296e+00
7.382000000000000739e+01,1.938771288729023379e+00
7.382999999999999829e+01,2.002215908562311686e+00
7.384000000000000341e+01,1.997731383870214650e+00
7.385000000000000853e+01,1.908625798631046866e+00
7.385999999999999943e+01,1.897755657032800913e+00
7.387000000000000455e+01,2.014784515773336615e+00
7.388000000000000966e+01,2.156190800926486517e+00
7.389000000000000057e+01,2.216413021979432241e+00
7.390000000000000568e+01,2.158108930383264124e+00
7.390999999999999659e+01,2.038653298552748350e+00
7.392000000000000171e+01,1.952735628931883793e+00
7.393000000000000682e+01,1.935243494576328160e+00
7.393999999999999773e+01,1.965990463099961172e+00
7.395000000000000284e+01,1.986287419937005083e+00
7.396000000000000796e+01,1.975432989524069649e+00
7.396999999999999886e+01,1.972488779689253624e+00
7.398000000000000398e+01,2.000885462514034430e+00
7.399000000000000909e+01,2.021567416140258366e+00
7.400000000000000000e+01,1.982897244564124861e+00
7.401000000000000512e+01,1.887080535483316890e+00
7.402000000000001023e+01,1.864064301922012223e+00
7.403000000000000114e+01,1.956837763280339759e+00
7.404000000000000625e+01,2.045309285780514408e+00
7.404999999999999716e+01,2.083610492126587221e+00
7.406000000000000227e+01,2.089061333470129789e+00
7.407000000000000739e+01,2.067598433835738714e+00
7.407999999999999829e+01,2.030149003620178139e+00
7.409000000000000341e+01,2.024587518409614706e+00
7.410000000000000853e+01,2.075371200942134564e+00
7.410999999999999943e+01,2.119486889721188483e+00
7.412000000000000455e+01,2.108815025008120791e+00
7.413000000000000966e+01,2.114024767924917114e+00
7.414000000000000057e+01,2.146660017981421920e+00
7.415000000000000568e+01,2.178596582137225290e+00
7.415999999999999659e+01,2.198634913963661841e+00
7.417000000000000171e+01,2.194214590895795070e+00
7.418000000000000682e+01,2.123222397112463966e+00
7.418999999999999773e+01,2.015757069936752188e+00
7.420000000000000284e+01,1.982378234671678063e+00
7.421000000000000796e+01,2.072823160450500080e+00
7.421999999999999886e+01,2.186380499226975527e+00
7.423000000000000398e+01,2.229194085283888516e+00
7.424000000000000909e+01,2.203062886428134082e+00
7.425000000000000000e+01,2.140900295455086422e+00
7.426000000000000512e+01,2.055324593129504329e+00
7.427000000000001023e+01,1.970809116350788592e+00
7.428000000000000114e+01,1.945212897509135175e+00
7.429000000000000625e+01,2.004450551860203600e+00
7.429999999999999716e+01,2.097704229395748410e+00
7.431000000000000227e+01,2.145935239791072036e+00
7.432000000000000739e+01,2.116542779002689834e+00
7.432999999999999829e+01,2.016250922873036977e+00
7.434000000000000341e+01,1.931297692617343076e+00
7.435000000000000853e+01,1.968231023007328329e+00
7.435999999999999943e+01,2.045173198752898269e+00
7.437000000000000455e+01,2.076450072540585445e+00
7.438000000000000966e+01,2.071809861403955288e+00
7.439000000000000057e+01,2.050450221487953861e+00
7.440000000000000568e+01,2.024091103927883495e+00
7.440999999999999659e+01,2.025379634636430559e+00
7.442000000000000171e+01,2.091761874234253860e+00
7.443000000000000682e+01,2.215952162931321023e+00
7.443999999999999773e+01,2.314448331590057695e+00
7.445000000000000284e+01,2.363640646143148505e+00
7.446000000000000796e+01,2.368173124119096862e+00
7.446999999999999886e+01,2.358125364691199266e+00
7.448000000000000398e+01,2.293147433834117344e+00
7.449000000000000909e+01,2.130611939631429141e+00
7.450000000000000000e+01,1.984155668439348652e+00
7.451000000000000512e+01,1.991301693691842400e+00
7.452000000000001023e+01,2.115008105185415044e+00
7.453000000000000114e+01,2.265122712547821937e+00
7.454000000000000625e+01,2.392782108432065957e+00
7.454999999999999716e+01,2.519239725538333641e+00
7.456000000000000227e+01,2.645756676144427111e+00
7.457000000000000739e+01,2.719285366177577767e+00
7.457999999999999829e+01,2.737747578174504426e+00
7.459000000000000341e+01,2.724438645513733714e+00
7.460000000000000853e+01,2.719198250594971000e+00
7.460999999999999943e+01,2.776795727877835684e+00
7.462000000000000455e+01,2.870688507961774771e+00
7.463000000000000966e+01,2.913341271941892963e+00
7.464000000000000057e+01,2.901942580979161690e+00
7.465000000000000568e+01,2.857938994817769807e+00
7.465999999999999659e+01,2.813957562224418840e+00
7.467000000000000171e+01,2.775643104381397386e+00
7.468000000000000682e+01,2.745070261924091426e+00
7.468999999999999773e+01,2.757419895064950666e+00
7.470000000000000284e+01,2.813202121462303307e+00
7.471000000000000796e+01,2.890265652236831961e+00
7.471999999999999886e+01,2.967630163244740604e+00
7.473000000000000398e+01,3.006648141785134509e+00
7.474000000000000909e+01,2.980416168423463130e+00
7.475000000000000000e+01,2.906464798909492053e+00
7.476000000000000512e+01,2.807730131405081320e+00
7.477000000000001023e+01,2.687350427186599777e+00
7.478000000000000114e+01,2.522870533816588878e+00
7.479000000000000625e+01,2.316196187718130073e+00
7.479999999999999716e+01,2.091766923846919202e+00
7.481000000000000227e+01,1.889812919365300159e+00
7.482000000000000739e+01,1.848204673297846545e+00
7.482999999999999829e+01,1.995643825861719067e+00
7.484000000000000341e+01,2.174106209572108206e+00
7.485000000000000853e+01,2.305357079174504165e+00
7.485999999999999943e+01,2.371359818787735829e+00
7.487000000000000455e+01,2.388528643278325703e+00
7.488000000000000966e+01,2.371087010993058630e+00
7.489000000000000057e+01,2.329080241582286437e+00
7.490000000000000568e+01,2.269245592756323759e+00
7.490999999999999659e+01,2.166932192784306821e+00
7.492000000000000171e+01,2.030914104830875644e+00
7.493000000000000682e+01,1.975890531207637357e+00
7.493999999999999773e+01,2.077490171577232925e+00
7.495000000000000284e+01,2.257719911321154349e+00
7.496000000000000796e+01,2.427695779051608937e+00
7.496999999999999886e+01,2.533971280040284935e+00
7.498000000000000398e+01,2.537179839932715453e+00
7.499000000000000909e+01,2.454461799926819676e+00
7.500000000000000000e+01,2.312474052805781888e+00
7.501000000000000512e+01,2.123856027518108203e+00
7.502000000000001023e+01,2.005507338874878975e+00
7.503000000000000114e+01,2.010521213286743158e+00
7.504000000000000625e+01,2.054778658382455436e+00
7.504999999999999716e+01,2.121960497100735754e+00
7.506000000000000227e+01,2.195161084812683683e+00
7.507000000000000739e+01,2.193706419305008204e+00
7.507999999999999829e+01,2.134233099031358716e+00
7.509000000000000341e+01,2.108909896811383522e+00
7.510000000000000853e+01,2.136304877999392726e+00
7.510999999999999943e+01,2.137823270122205077e+00
7.512000000000000455e+01,2.143771118053651392e+00
7.513000000000000966e+01,2.175144792986435149e+00
7.514000000000000057e+01,2.174522967013455155e+00
7.515000000000000568e+01,2.109721473774203826e+00
7.515999999999999659e+01,2.047376286811978030e+00
7.517000000000000171e+01,2.062243138356872674e+00
7.518000000000000682e+01,2.118043726885731282e+00
7.518999999999999773e+01,2.144462111253076397e+00
7.520000000000000284e+01,2.135560160238994865e+00
7.521000000000000796e+01,2.128253841720953776e+00
7.521999999999999886e+01,2.088157613256240719e+00
7.523000000000000398e+01,2.014346631069240612e+00
7.524000000000000909e+01,2.000127026716053802e+00
7.525000000000000000e+01,2.082205177690229281e+00
7.526000000000000512e+01,2.075222360639939811e+00
7.527000000000001023e+01,1.932670251258605587e+00
7.528000000000000114e+01,1.904281239654479263e+00
7.529000000000000625e+01,2.036991662967720274e+00
7.529999999999999716e+01,2.168885991378984635e+00
7.531000000000000227e+01,2.237645995348683581e+00
7.532000000000000739e+01,2.233918339174464140e+00
7.532999999999999829e+01,2.135197351089589191e+00
7.534000000000000341e+01,1.974753189337846715e+00
7.535000000000000853e+01,1.906453275010955961e+00
7.535999999999999943e+01,1.997892686132066054e+00
7.537000000000000455e+01,2.084443164876414567e+00
7.538000000000000966e+01,2.062171310682019421e+00
7.539000000000000057e+01,2.044215919735486331e+00
7.540000000000000568e+01,2.043076115395606518e+00
7.540999999999999659e+01,2.018675366793779791e+00
7.542000000000000171e+01,2.015637981632614206e+00
7.543000000000000682e+01,2.014628762576370580e+00
7.543999999999999773e+01,1.897489297993535162e+00
7.545000000000000284e+01,1.825398957077603246e+00
7.546000000000000796e+01,1.972549603381370309e+00
7.546999999999999886e+01,2.111123050227058595e+00
7.548000000000000398e+01,2.116602313756649423e+00
7.549000000000000909e+01,2.089717189310553724e+00
7.550000000000000000e+01,2.048386299553869971e+00
7.551000000000000512e+01,1.970588885587249539e+00
7.552000000000001023e+01,1.920053767840890435e+00
7.553000000000000114e+01,1.937554816901963628e+00
7.554000000000000625e+01,1.862133348205761818e+00
7.554999999999999716e+01,1.812178108520240860e+00
7.556000000000000227e+01,1.975633891387774232e+00
7.557000000000000739e+01,2.152758346168933024e+00
7.557999999999999829e+01,2.183176564939262043e+00
7.559000000000000341e+01,2.073620436241888854e+00
7.560000000000000853e+01,1.896992414455049625e+00
7.560999999999999943e+01,1.793598944273774753e+00
7.562000000000000455e+01,1.882875642972738017e+00
7.563000000000000966e+01,2.018739083091225073e+00
7.564000000000000057e+01,2.068096745440116013e+00
7.565000000000000568e+01,2.057515208133344320e+00
7.565999999999999659e+01,2.039803615669901315e+00
7.567000000000000171e+01,2.049516400349116196e+00
7.568000000000000682e+01,2.061517456341322774e+00
7.568999999999999773e+01,2.008189922118921888e+00
7.570000000000000284e+01,1.934510503202295340e+00
7.571000000000000796e+01,1.959782655729966239e+00
7.571999999999999886e+01,2.078851205930813517e+00
7.573000000000000398e+01,2.207710847688166389e+00
7.574000000000000909e+01,2.246336548471755901e+00
7.575000000000000000e+01,2.114488117062852446e+00
7.576000000000000512e+01,1.949375246611078305e+00
7.577000000000001023e+01,1.928458511143032350e+00
7.578000000000000114e+01,2.046064119938571402e+00
7.579000000000000625e+01,2.186725739661926848e+00
7.579999999999999716e+01,2.269414159249033780e+00
7.581000000000000227e+01,2.236242777361169942e+00
7.582000000000000739e+01,2.086687625927753142e+00
7.582999999999999829e+01,1.938042342623092162e+00
7.584000000000000341e+01,1.925216855473689703e+00
7.585000000000000853e+01,2.048861274464428561e+00
7.585999999999999943e+01,2.175690748107368400e+00
7.587000000000000455e+01,2.172058175602118446e+00
7.588000000000000966e+01,2.064433171236114362e+00
7.589000000000000057e+01,1.991727181016516246e+00
7.590000000000000568e+01,2.011397709877388085e+00
7.590999999999999659e+01,2.093529146981479627e+00
7.592000000000000171e+01,2.245363137055786940e+00
7.593000000000000682e+01,2.411940205773145163e+00
7.593999999999999773e+01,2.496539762098934467e+00
7.595000000000000284e+01,2.474699888452940311e+00
7.596000000000000796e+01,2.396104395325880265e+00
7.596999999999999886e+01,2.306068822652306949e+00
7.598000000000000398e+01,2.209229347859564818e+00
7.599000000000000909e+01,2.114578603372548216e+00
7.600000000000000000e+01,2.035981513914358665e+00
7.601000000000000512e+01,2.044101918399374274e+00
7.602000000000001023e+01,2.113231755964310565e+00
7.603000000000000114e+01,2.183415680739698050e+00
7.604000000000000625e+01,2.239917147128437147e+00
7.604999999999999716e+01,2.309095355631724189e+00
7.606000000000000227e+01,2.372086060011314945e+00
7.607000000000000739e+01,2.382215660556365133e+00
7.607999999999999829e+01,2.267040181227496287e+00
7.609000000000000341e+01,2.013567741820472268e+00
7.610000000000000853e+01,1.879610950010666359e+00
7.610999999999999943e+01,1.995225756850587340e+00
7.612000000000000455e+01,2.183409912499253647e+00
7.613000000000000966e+01,2.344932782512112013e+00
7.614000000000000057e+01,2.440199477911591863e+00
7.615000000000000568e+01,2.438443799106306820e+00
7.615999999999999659e+01,2.324977868389288549e+00
7.617000000000000171e+01,2.134295130974158461e+00
7.618000000000000682e+01,2.010054226183960235e+00
7.618999999999999773e+01,2.058936493726797767e+00
7.620000000000000284e+01,2.170171894113459121e+00
7.621000000000000796e+01,2.217648656956281439e+00
7.621999999999999886e+01,2.238544832184516054e+00
7.623000000000000398e+01,2.255266603419648241e+00
7.624000000000000909e+01,2.237462527529789469e+00
7.625000000000000000e+01,2.184010257714007253e+00
7.626000000000000512e+01,2.128125465309787856e+00
7.627000000000001023e+01,2.061131835788288402e+00
7.628000000000000114e+01,1.972625488834615082e+00
7.629000000000000625e+01,1.933742635538659549e+00
7.629999999999999716e+01,2.019885101930306348e+00
7.631000000000000227e+01,2.119329558280164783e+00
7.632000000000000739e+01,2.114796515506870644e+00
7.632999999999999829e+01,2.031769567765990381e+00
7.634000000000000341e+01,1.993245623725284466e+00
7.635000000000000853e+01,2.000841041187429781e+00
7.635999999999999943e+01,1.952375671073577346e+00
7.637000000000000455e+01,1.906978763856587822e+00
7.638000000000000966e+01,1.957179731807990875e+00
7.639000000000000057e+01,2.007243911636052758e+00
7.640000000000000568e+01,2.033858137137396049e+00
7.640999999999999659e+01,2.050693901317306889e+00
7.642000000000000171e+01,2.040529696549403749e+00
7.643000000000000682e+01,2.030889246044698115e+00
7.643999999999999773e+01,2.072141466623356187e+00
7.645000000000000284e+01,2.131633691631843242e+00
7.646000000000000796e+01,2.129791486812735890e+00
7.646999999999999886e+01,2.018977696484040241e+00
7.648000000000000398e+01,1.901545313922338165e+00
7.649000000000000909e+01,1.946730630698556785e+00
7.650000000000000000e+01,2.060875426851414449e+00
7.651000000000000512e+01,2.069727078046764035e+00
7.652000000000001023e+01,2.036685444466082462e+00
7.653000000000000114e+01,2.015617375520462939e+00
7.654000000000000625e+01,1.983806472340485350e+00
7.654999999999999716e+01,2.000146254677392488e+00
7.656000000000000227e+01,2.104000502138722251e+00
7.657000000000000739e+01,2.214082484823001629e+00
7.657999999999999829e+01,2.240468437202363550e+00
7.659000000000000341e+01,2.165198154742424386e+00
7.660000000000000853e+01,2.075034426798745280e+00
7.660999999999999943e+01,2.007719545280165718e+00
7.662000000000000455e+01,1.965079221660033015e+00
7.663000000000000966e+01,1.977131663218208546e+00
7.664000000000000057e+01,2.088700882079575827e+00
7.665000000000000568e+01,2.160693458869165084e+00
7.665999999999999659e+01,2.149206277163735468e+00
7.667000000000000171e+01,2.090861686482393900e+00
7.668000000000000682e+01,2.054867559527864707e+00
7.668999999999999773e+01,2.035608076325106097e+00
7.670000000000000284e+01,2.019376733474960162e+00
7.671000000000000796e+01,2.068552579969868521e+00
7.671999999999999886e+01,2.170025300543751534e+00
7.673000000000000398e+01,2.190476740301070535e+00
7.674000000000000909e+01,2.117878024249743696e+00
7.675000000000000000e+01,2.050130871813065525e+00
7.676000000000000512e+01,2.044074188458188779e+00
7.677000000000001023e+01,2.072236075953702183e+00
7.678000000000000114e+01,2.108871279182539471e+00
7.679000000000000625e+01,2.143620970019886940e+00
7.679999999999999716e+01,2.131115475356508693e+00
7.681000000000000227e+01,2.123816707316335872e+00
7.682000000000000739e+01,2.118875308353230569e+00
7.682999999999999829e+01,2.111328832682394463e+00
7.684000000000000341e+01,2.141021743930687560e+00
7.685000000000000853e+01,2.212449997568532556e+00
7.685999999999999943e+01,2.265429478227914739e+00
7.687000000000000455e+01,2.248954886338096593e+00
7.688000000000000966e+01,2.235333631438717106e+00
7.689000000000000057e+01,2.220533948699952465e+00
7.690000000000000568e+01,2.162315725118790333e+00
7.690999999999999659e+01,2.143238734724622230e+00
7.692000000000000171e+01,2.164003892146453722e+00
7.693000000000000682e+01,2.124654081349714119e+00
7.693999999999999773e+01,2.100494425762896800e+00
7.695000000000000284e+01,2.113426373797062663e+00
7.696000000000000796e+01,2.135114239749480447e+00
7.696999999999999886e+01,2.093917949502558162e+00
7.698000000000000398e+01,2.025468147085013992e+00
7.699000000000000909e+01,2.028556353518432775e+00
7.700000000000000000e+01,2.128106334984226855e+00
7.701000000000000512e+01,2.244345035706407199e+00
7.702000000000001023e+01,2.290344010077962178e+00
7.703000000000000114e+01,2.236827248157533532e+00
7.704000000000000625e+01,2.117600128943139648e+00
7.704999999999999716e+01,2.024110802723012359e+00
7.706000000000000227e+01,2.024077451507229508e+00
7.707000000000000739e+01,2.043969948066752806e+00
7.707999999999999829e+01,2.058090730507281751e+00
7.709000000000000341e+01,2.076582687205111188e+00
7.710000000000000853e+01,2.062450945574220817e+00
7.710999999999999943e+01,2.022107074217386113e+00
7.712000000000000455e+01,1.996656275401452074e+00
7.713000000000000966e+01,1.962138141823862592e+00
7.714000000000000057e+01,1.955331167986640306e+00
7.715000000000000568e+01,1.973072780411304850e+00
7.716000000000001080e+01,1.999765577611536616e+00
7.717000000000000171e+01,2.004584750366020796e+00
7.718000000000000682e+01,1.990854338519019606e+00
7.718999999999999773e+01,2.000595196760204253e+00
7.720000000000000284e+01,2.041729655488208728e+00
7.721000000000000796e+01,2.068689284305402332e+00
7.721999999999999886e+01,2.073443150245502409e+00
7.723000000000000398e+01,2.009896056566109923e+00
7.724000000000000909e+01,1.936864431626539762e+00
7.725000000000000000e+01,1.964660467485412010e+00
7.726000000000000512e+01,2.048205015763803871e+00
7.727000000000001023e+01,2.084630046602993225e+00
7.728000000000000114e+01,2.103603522268394865e+00
7.729000000000000625e+01,2.135059847240821984e+00
7.729999999999999716e+01,2.153968690696314248e+00
7.731000000000000227e+01,2.162619823269915642e+00
7.732000000000000739e+01,2.188728873341784897e+00
7.732999999999999829e+01,2.212918621662351093e+00
7.734000000000000341e+01,2.178305838145782491e+00
7.735000000000000853e+01,2.118553765874258143e+00
7.735999999999999943e+01,2.042095901518827805e+00
7.737000000000000455e+01,1.967625660790182085e+00
7.738000000000000966e+01,1.947546735074668911e+00
7.739000000000000057e+01,2.019977276258325016e+00
7.740000000000000568e+01,2.076666297121422478e+00
7.741000000000001080e+01,2.078801083942376504e+00
7.742000000000000171e+01,2.039207181970484228e+00
7.743000000000000682e+01,2.004247325207145991e+00
7.743999999999999773e+01,2.034107301987779781e+00
7.745000000000000284e+01,2.080465178511766489e+00
7.746000000000000796e+01,2.031354648898119120e+00
7.746999999999999886e+01,1.923007652220864561e+00
7.748000000000000398e+01,1.974409696415615700e+00
7.749000000000000909e+01,2.143040282682526332e+00
7.750000000000000000e+01,2.259549096811131363e+00
7.751000000000000512e+01,2.258324909241360423e+00
7.752000000000001023e+01,2.224579788297107452e+00
7.753000000000000114e+01,2.183688924549465948e+00
7.754000000000000625e+01,2.130278330289260502e+00
7.754999999999999716e+01,2.093916186765841125e+00
7.756000000000000227e+01,2.125252662485098032e+00
7.757000000000000739e+01,2.166768810694856384e+00
7.757999999999999829e+01,2.185217614907037031e+00
7.759000000000000341e+01,2.227434236537636281e+00
7.760000000000000853e+01,2.273852347581082789e+00
7.760999999999999943e+01,2.290885003792203278e+00
7.762000000000000455e+01,2.209451053768785922e+00
7.763000000000000966e+01,2.078777468225014413e+00
7.764000000000000057e+01,2.031021115203876626e+00
7.765000000000000568e+01,2.122656945857243294e+00
7.766000000000001080e+01,2.244416282586855882e+00
7.767000000000000171e+01,2.360069225954188443e+00
7.768000000000000682e+01,2.449622179464621574e+00
7.768999999999999773e+01,2.456561095357696622e+00
7.770000000000000284e+01,2.391820376655403368e+00
7.771000000000000796e+01,2.318447272645207669e+00
7.771999999999999886e+01,2.333658693080245428e+00
7.773000000000000398e+01,2.412735040405389775e+00
7.774000000000000909e+01,2.432301138267216167e+00
7.775000000000000000e+01,2.339038411685665952e+00
7.776000000000000512e+01,2.233306862770988666e+00
7.777000000000001023e+01,2.155733230759315777e+00
7.778000000000000114e+01,2.049320274749653947e+00
7.779000000000000625e+01,1.966558440550394193e+00
7.779999999999999716e+01,2.021068938705456564e+00
7.781000000000000227e+01,2.148877950931601166e+00
7.782000000000000739e+01,2.223766102471210537e+00
7.782999999999999829e+01,2.240721621799549368e+00
7.784000000000000341e+01,2.233256670067280680e+00
7.785000000000000853e+01,2.199008905848267581e+00
7.785999999999999943e+01,2.095397986493257481e+00
7.787000000000000455e+01,1.940919818436608990e+00
7.788000000000000966e+01,1.932422342165397877e+00
7.789000000000000057e+01,2.061199945759751184e+00
7.790000000000000568e+01,2.156550011940367995e+00
7.791000000000001080e+01,2.178962551169707496e+00
7.792000000000000171e+01,2.143568374743385352e+00
7.793000000000000682e+01,2.043261068341487352e+00
7.793999999999999773e+01,1.901217254734449913e+00
7.795000000000000284e+01,1.856182302819418650e+00
7.796000000000000796e+01,1.933025471249666616e+00
7.796999999999999886e+01,1.998588786644216464e+00
7.798000000000000398e+01,1.979348353019245499e+00
7.799000000000000909e+01,1.908171973512868824e+00
7.800000000000000000e+01,1.885927795144873409e+00
7.801000000000000512e+01,1.961842925236371160e+00
7.802000000000001023e+01,2.052552860225118625e+00
7.803000000000000114e+01,2.067733615967007221e+00
7.804000000000000625e+01,2.045313470448967941e+00
7.804999999999999716e+01,2.048012796957088710e+00
7.806000000000000227e+01,2.089621415113274594e+00
7.807000000000000739e+01,2.155484505093925751e+00
7.807999999999999829e+01,2.207941348586958785e+00
7.809000000000000341e+01,2.213518535996480185e+00
7.810000000000000853e+01,2.182294864586360461e+00
7.810999999999999943e+01,2.104609659295519464e+00
7.812000000000000455e+01,1.997248115933521140e+00
7.813000000000000966e+01,1.974156546908071963e+00
7.814000000000000057e+01,2.044376692808837159e+00
7.815000000000000568e+01,2.062322431531985689e+00
7.816000000000001080e+01,2.024393945011692786e+00
7.817000000000000171e+01,1.999739269629917882e+00
7.818000000000000682e+01,1.961219985417240297e+00
7.818999999999999773e+01,1.919923213282239249e+00
7.820000000000000284e+01,1.958717094937397096e+00
7.821000000000000796e+01,2.007728499673200329e+00
7.821999999999999886e+01,1.974834489393983983e+00
7.823000000000000398e+01,1.945686925227180675e+00
7.824000000000000909e+01,1.951247686737898057e+00
7.825000000000000000e+01,1.939177471842121969e+00
7.826000000000000512e+01,1.899260800864378318e+00
7.827000000000001023e+01,1.878612250731906519e+00
7.828000000000000114e+01,1.904998448004617817e+00
7.829000000000000625e+01,1.975243894839318060e+00
7.829999999999999716e+01,2.091725672477154241e+00
7.831000000000000227e+01,2.215271244633487235e+00
7.832000000000000739e+01,2.296431699506866764e+00
7.832999999999999829e+01,2.310724412862770638e+00
7.834000000000000341e+01,2.266412528049560393e+00
7.835000000000000853e+01,2.144466404609780774e+00
7.835999999999999943e+01,1.960331731238363684e+00
7.837000000000000455e+01,1.852005294538868752e+00
7.838000000000000966e+01,1.946681012338693284e+00
7.839000000000000057e+01,2.064282243517101989e+00
7.840000000000000568e+01,2.037387317742995752e+00
7.841000000000001080e+01,2.011707353965779710e+00
7.842000000000000171e+01,2.090607516919424036e+00
7.843000000000000682e+01,2.232850288868467814e+00
7.843999999999999773e+01,2.369892782912340845e+00
7.845000000000000284e+01,2.421725715620990815e+00
7.846000000000000796e+01,2.323835757384760115e+00
7.846999999999999886e+01,2.143582536316248177e+00
7.848000000000000398e+01,2.016253820678340247e+00
7.849000000000000909e+01,2.019483225728799791e+00
7.850000000000000000e+01,2.043214919899519977e+00
7.851000000000000512e+01,1.943643367441672209e+00
7.852000000000001023e+01,1.913882575211968806e+00
7.853000000000000114e+01,2.042299932747390745e+00
7.854000000000000625e+01,2.191891677980461139e+00
7.854999999999999716e+01,2.301398381788776426e+00
7.856000000000000227e+01,2.320074722525117483e+00
7.857000000000000739e+01,2.180423246184098218e+00
7.857999999999999829e+01,1.928976575415056960e+00
7.859000000000000341e+01,1.805176385952352636e+00
7.860000000000000853e+01,1.954256140990735968e+00
7.860999999999999943e+01,2.036580497647956456e+00
7.862000000000000455e+01,1.925198753375868099e+00
7.863000000000000966e+01,1.922711615427545206e+00
7.864000000000000057e+01,2.022968622396303928e+00
7.865000000000000568e+01,2.100409065872645087e+00
7.866000000000001080e+01,2.132098008840119352e+00
7.867000000000000171e+01,2.069749249860958873e+00
7.868000000000000682e+01,1.836235211785244958e+00
7.868999999999999773e+01,1.764346128088250643e+00
7.870000000000000284e+01,2.013323116268225021e+00
7.871000000000000796e+01,2.191582691230244073e+00
7.871999999999999886e+01,2.184793317112628142e+00
7.873000000000000398e+01,2.072732469398787636e+00
7.874000000000000909e+01,1.945204933702359584e+00
7.875000000000000000e+01,1.925181935194697713e+00
7.876000000000000512e+01,2.028556698689983229e+00
7.877000000000001023e+01,2.080013685459786377e+00
7.878000000000000114e+01,2.041826363944790668e+00
7.879000000000000625e+01,2.018535701046678454e+00
7.879999999999999716e+01,2.031661011807826434e+00
7.881000000000000227e+01,2.054407761424200896e+00
7.882000000000000739e+01,2.063695801832236221e+00
7.882999999999999829e+01,2.058982323770653711e+00
7.884000000000000341e+01,2.033263982664326619e+00
7.885000000000000853e+01,1.955455962071249942e+00
7.885999999999999943e+01,1.866463384264476000e+00
7.887000000000000455e+01,1.876137490697310950e+00
7.888000000000000966e+01,1.971094947611606862e+00
7.889000000000000057e+01,2.018529231222574882e+00
7.890000000000000568e+01,1.991649674742020926e+00
7.891000000000001080e+01,1.976832953514281899e+00
7.892000000000000171e+01,2.051849823500736303e+00
7.893000000000000682e+01,2.149940897606258172e+00
7.893999999999999773e+01,2.154659445689735442e+00
7.895000000000000284e+01,2.023017210356846451e+00
7.896000000000000796e+01,1.883765155559471660e+00
7.896999999999999886e+01,1.910383135132846188e+00
7.898000000000000398e+01,1.944887615107875334e+00
7.899000000000000909e+01,1.889504043737402883e+00
7.900000000000000000e+01,1.944702086310394096e+00
7.901000000000000512e+01,2.056054658928112566e+00
7.902000000000001023e+01,2.193004125782713309e+00
7.903000000000000114e+01,2.338588425289922501e+00
7.904000000000000625e+01,2.413622148100236231e+00
7.904999999999999716e+01,2.398721994166893801e+00
7.906000000000000227e+01,2.310769045794063281e+00
7.907000000000000739e+01,2.135212437416942777e+00
7.907999999999999829e+01,1.926221848204406228e+00
7.909000000000000341e+01,1.889075251042160897e+00
7.910000000000000853e+01,2.036076062159762223e+00
7.910999999999999943e+01,2.038245280750086597e+00
7.912000000000000455e+01,1.906734173921472264e+00
7.913000000000000966e+01,1.917513219980503614e+00
7.914000000000000057e+01,2.023025300039522634e+00
7.915000000000000568e+01,2.045992909567381002e+00
7.916000000000001080e+01,1.986379918343919249e+00
7.917000000000000171e+01,1.901038986896375738e+00
7.918000000000000682e+01,1.813444326826715969e+00
7.918999999999999773e+01,1.832748327130596877e+00
7.920000000000000284e+01,1.990828558590617137e+00
7.921000000000000796e+01,2.095550290973708929e+00
7.921999999999999886e+01,2.043854305130382798e+00
7.923000000000000398e+01,1.925719233377493733e+00
7.924000000000000909e+01,1.892316831611450034e+00
7.925000000000000000e+01,1.922615127086022557e+00
7.926000000000000512e+01,1.869402196345131495e+00
7.927000000000001023e+01,1.888136379316918356e+00
7.928000000000000114e+01,2.051695138976548094e+00
7.929000000000000625e+01,2.184858872650587980e+00
7.929999999999999716e+01,2.192951439726834817e+00
7.931000000000000227e+01,2.138731754568580445e+00
7.932000000000000739e+01,2.068653369344414461e+00
7.932999999999999829e+01,1.959648239098027656e+00
7.934000000000000341e+01,1.908743336700877480e+00
7.935000000000000853e+01,2.007257231173921852e+00
7.935999999999999943e+01,2.096292181114073561e+00
7.937000000000000455e+01,2.079147669070188886e+00
7.938000000000000966e+01,2.066103304822874076e+00
7.939000000000000057e+01,2.077321565213244181e+00
7.940000000000000568e+01,2.038712475191142737e+00
7.941000000000001080e+01,1.948379862167539223e+00
7.942000000000000171e+01,1.895724188931501519e+00
7.943000000000000682e+01,1.922145251275252154e+00
7.943999999999999773e+01,1.969183987874164821e+00
7.945000000000000284e+01,2.060321486758801779e+00
7.946000000000000796e+01,2.175375593891777815e+00
7.946999999999999886e+01,2.205449575710131782e+00
7.948000000000000398e+01,2.092130968032354321e+00
7.949000000000000909e+01,2.005053499161556285e+00
7.950000000000000000e+01,2.040270342503660128e+00
7.951000000000000512e+01,2.095672741627376379e+00
7.952000000000001023e+01,2.113435477628782255e+00
7.953000000000000114e+01,2.113171309122854336e+00
7.954000000000000625e+01,2.069680281106239583e+00
7.954999999999999716e+01,1.990735859851828327e+00
7.956000000000000227e+01,1.976958670534110230e+00
7.957000000000000739e+01,2.040819221807753436e+00
7.957999999999999829e+01,2.061643540794577234e+00
7.959000000000000341e+01,2.016275013707207187e+00
7.960000000000000853e+01,2.001441494173636038e+00
7.960999999999999943e+01,2.042523654232674790e+00
7.962000000000000455e+01,2.055555948642605379e+00
7.963000000000000966e+01,2.035748242907260863e+00
7.964000000000000057e+01,2.036897571160612763e+00
7.965000000000000568e+01,2.030105206263950635e+00
7.966000000000001080e+01,1.962750330148998801e+00
7.967000000000000171e+01,1.933196617030974007e+00
7.968000000000000682e+01,1.994073184715145386e+00
7.968999999999999773e+01,2.025201632554149977e+00
7.970000000000000284e+01,1.964167457881327739e+00
7.971000000000000796e+01,1.940033248529519083e+00
7.971999999999999886e+01,1.963778331100534347e+00
7.973000000000000398e+01,1.946409796343000487e+00
7.974000000000000909e+01,1.895190952516395688e+00
7.975000000000000000e+01,1.896458319842543760e+00
7.976000000000000512e+01,1.941570679887806294e+00
7.977000000000001023e+01,1.973234527596757770e+00
7.978000000000000114e+01,2.013763080032007657e+00
7.979000000000000625e+01,2.049883592402262256e+00
7.979999999999999716e+01,2.008896285426403416e+00
7.981000000000000227e+01,1.921663973773769518e+00
7.982000000000000739e+01,1.924067280034666982e+00
7.982999999999999829e+01,1.968597436272841561e+00
7.984000000000000341e+01,1.959776651381477386e+00
7.985000000000000853e+01,1.966853120418504242e+00
7.985999999999999943e+01,1.977578369319404894e+00
7.987000000000000455e+01,1.966490097737589648e+00
7.988000000000000966e+01,2.009780452437528897e+00
7.989000000000000057e+01,2.084205960216023890e+00
7.990000000000000568e+01,2.062050685628265434e+00
7.991000000000001080e+01,1.947743553397109695e+00
7.992000000000000171e+01,1.873130881652427249e+00
7.993000000000000682e+01,1.897191587715906458e+00
7.993999999999999773e+01,1.955893231160636292e+00
7.995000000000000284e+01,1.980418040212721387e+00
7.996000000000000796e+01,1.939988251974737121e+00
7.996999999999999886e+01,1.882394745875583864e+00
7.998000000000000398e+01,1.941520010842021415e+00
7.999000000000000909e+01,2.093657459399698162e+00
8.000000000000000000e+01,2.132217622476654917e+00
8.001000000000000512e+01,2.012550071849144917e+00
8.002000000000001023e+01,1.926538747521056250e+00
8.003000000000000114e+01,1.948537835942632634e+00
8.004000000000000625e+01,2.015001237344532736e+00
8.004999999999999716e+01,2.071066947469348829e+00
8.006000000000000227e+01,2.004854819407130950e+00
8.007000000000000739e+01,1.851927122351201493e+00
8.007999999999999829e+01,1.876724798258924576e+00
8.009000000000000341e+01,2.049985753730986016e+00
8.010000000000000853e+01,2.087454262972005647e+00
8.010999999999999943e+01,1.996412399305314445e+00
8.012000000000000455e+01,1.946137632594364897e+00
8.013000000000000966e+01,1.937632500578992500e+00
8.014000000000000057e+01,1.931697762720658851e+00
8.015000000000000568e+01,1.950080293654597341e+00
8.016000000000001080e+01,1.918390569774571786e+00
8.017000000000000171e+01,1.843456002783901981e+00
8.018000000000000682e+01,1.939542759518336323e+00
8.018999999999999773e+01,2.114551226619965529e+00
8.020000000000000284e+01,2.167177947931364645e+00
8.021000000000000796e+01,2.083944800540552311e+00
8.021999999999999886e+01,2.001565160493157691e+00
8.023000000000000398e+01,1.981576840725587818e+00
8.024000000000000909e+01,2.019832019748177387e+00
8.025000000000000000e+01,2.076274799249849146e+00
8.026000000000000512e+01,2.094303469342492452e+00
8.027000000000001023e+01,2.035732587178386233e+00
8.028000000000000114e+01,2.001334303633452993e+00
8.029000000000000625e+01,2.029023633031414420e+00
8.029999999999999716e+01,2.044974753193788963e+00
8.031000000000000227e+01,2.004541084263427919e+00
8.032000000000000739e+01,1.937337961043451351e+00
8.032999999999999829e+01,1.885271268014235835e+00
8.034000000000000341e+01,1.891072930693049825e+00
8.035000000000000853e+01,1.967651923384824864e+00
8.035999999999999943e+01,2.074155608241579962e+00
8.037000000000000455e+01,2.126874219788279063e+00
8.038000000000000966e+01,2.068925432706553380e+00
8.039000000000000057e+01,1.939637016067696562e+00
8.040000000000000568e+01,1.892324583680082828e+00
8.041000000000001080e+01,1.957868628585687443e+00
8.042000000000000171e+01,2.012180631454343782e+00
8.043000000000000682e+01,2.028274870179089362e+00
8.043999999999999773e+01,2.032184064891760844e+00
8.045000000000000284e+01,2.021880702835851640e+00
8.046000000000000796e+01,2.032870804306067924e+00
8.046999999999999886e+01,2.112964630205627081e+00
8.048000000000000398e+01,2.130288455045467266e+00
8.049000000000000909e+01,2.024281244491484610e+00
8.050000000000000000e+01,1.930429959490890246e+00
8.051000000000000512e+01,1.957743281178613071e+00
8.052000000000001023e+01,2.022507338058381787e+00
8.053000000000000114e+01,2.038841699985558087e+00
8.054000000000000625e+01,1.990799793776361293e+00
8.054999999999999716e+01,1.919728877211571483e+00
8.056000000000000227e+01,1.915117693824585965e+00
8.057000000000000739e+01,2.032141899179287670e+00
8.057999999999999829e+01,2.172252331107046519e+00
8.059000000000000341e+01,2.271145080284392659e+00
8.060000000000000853e+01,2.268473981160022301e+00
8.060999999999999943e+01,2.152190076573163857e+00
8.062000000000000455e+01,2.055076133893827262e+00
8.063000000000000966e+01,2.078095143346426088e+00
8.064000000000000057e+01,2.136002502643666201e+00
8.065000000000000568e+01,2.163096159212531067e+00
8.066000000000001080e+01,2.136767102985255740e+00
8.067000000000000171e+01,2.049861922520636703e+00
8.068000000000000682e+01,1.955428221259987609e+00
8.068999999999999773e+01,1.949514945415909750e+00
8.070000000000000284e+01,2.059703139532490734e+00
8.071000000000000796e+01,2.146269737102025399e+00
8.071999999999999886e+01,2.087599759915680586e+00
8.073000000000000398e+01,1.950658845134127128e+00
8.074000000000000909e+01,1.899281088438464993e+00
8.075000000000000000e+01,1.981159694471901433e+00
8.076000000000000512e+01,2.093878033816678474e+00
8.077000000000001023e+01,2.138105344414420905e+00
8.078000000000000114e+01,2.088834308819154995e+00
8.079000000000000625e+01,2.000347522432039504e+00
8.079999999999999716e+01,1.939939749167484129e+00
8.081000000000000227e+01,1.997146166909172349e+00
8.082000000000000739e+01,2.144667152963368739e+00
8.082999999999999829e+01,2.272458784422723976e+00
8.084000000000000341e+01,2.274432259817821045e+00
8.085000000000000853e+01,2.153687053775455329e+00
8.085999999999999943e+01,2.013118227278268613e+00
8.087000000000000455e+01,1.952416071742905546e+00
8.088000000000000966e+01,2.019517029415697440e+00
8.089000000000000057e+01,2.177001383784585631e+00
8.090000000000000568e+01,2.355096913717139806e+00
8.091000000000001080e+01,2.388992518447891289e+00
8.092000000000000171e+01,2.265356644879563675e+00
8.093000000000000682e+01,2.121581997236968498e+00
8.093999999999999773e+01,2.071683473047946755e+00
8.095000000000000284e+01,2.103674865586410814e+00
8.096000000000000796e+01,2.115688403451699617e+00
8.096999999999999886e+01,2.101271896947179751e+00
8.098000000000000398e+01,2.081063937244601814e+00
8.099000000000000909e+01,1.936977055362298250e+00
8.100000000000000000e+01,1.770888407014965082e+00
8.101000000000000512e+01,1.888685143505925979e+00
8.102000000000001023e+01,2.113953565005627144e+00
8.103000000000000114e+01,2.202548931352037886e+00
8.104000000000000625e+01,2.207528288742863776e+00
8.104999999999999716e+01,2.166744654314392893e+00
8.106000000000000227e+01,2.058995586930676414e+00
8.107000000000000739e+01,1.932896481811687606e+00
8.107999999999999829e+01,1.940867379936095150e+00
8.109000000000000341e+01,1.933930743356647719e+00
8.110000000000000853e+01,1.809697370860664067e+00
8.110999999999999943e+01,1.883112334328465254e+00
8.112000000000000455e+01,2.090328699917789468e+00
8.113000000000000966e+01,2.201086134525408244e+00
8.114000000000000057e+01,2.189181984669159142e+00
8.115000000000000568e+01,2.131558170071838010e+00
8.116000000000001080e+01,2.020765633145021667e+00
8.117000000000000171e+01,1.928009563513626068e+00
8.118000000000000682e+01,2.016132518090018699e+00
8.118999999999999773e+01,2.211158808520998331e+00
8.120000000000000284e+01,2.363309932636850519e+00
8.121000000000000796e+01,2.458570564718450147e+00
8.121999999999999886e+01,2.501271153473769715e+00
8.123000000000000398e+01,2.423581141591761412e+00
8.124000000000000909e+01,2.204609301734967719e+00
8.125000000000000000e+01,1.970547470578635663e+00
8.126000000000000512e+01,1.906197510464221700e+00
8.127000000000001023e+01,2.032575583096480898e+00
8.128000000000000114e+01,2.182729904637769280e+00
8.129000000000000625e+01,2.215323293607505128e+00
8.129999999999999716e+01,2.067677443630896672e+00
8.131000000000000227e+01,1.848289273733957128e+00
8.132000000000000739e+01,1.807980295080673372e+00
8.132999999999999829e+01,2.009274635907197570e+00
8.134000000000000341e+01,2.204417452412314571e+00
8.135000000000000853e+01,2.291718893097414611e+00
8.135999999999999943e+01,2.236315074574541928e+00
8.137000000000000455e+01,2.043485447236192520e+00
8.138000000000000966e+01,1.852895896469388015e+00
8.139000000000000057e+01,1.863540381317945416e+00
8.140000000000000568e+01,1.991458513915836503e+00
8.141000000000001080e+01,1.979490206384623363e+00
8.142000000000000171e+01,1.886940375758647148e+00
8.143000000000000682e+01,1.885859615126971978e+00
8.143999999999999773e+01,2.034326323477762433e+00
8.145000000000000284e+01,2.189515744287508614e+00
8.146000000000000796e+01,2.186237432103603773e+00
8.146999999999999886e+01,2.021504868706463398e+00
8.148000000000000398e+01,1.903015127212604130e+00
8.149000000000000909e+01,1.978728768932215720e+00
8.150000000000000000e+01,2.081084017573533451e+00
8.151000000000000512e+01,2.050653438297167952e+00
8.152000000000001023e+01,1.996784952116777978e+00
8.153000000000000114e+01,2.026474855654516904e+00
8.154000000000000625e+01,2.115601334041930848e+00
8.154999999999999716e+01,2.229080709216246348e+00
8.156000000000000227e+01,2.299710431619598872e+00
8.157000000000000739e+01,2.222421400859881047e+00
8.157999999999999829e+01,2.032411594731737381e+00
8.159000000000000341e+01,1.901569202658689006e+00
8.160000000000000853e+01,1.956184672084922971e+00
8.160999999999999943e+01,2.130161188032491548e+00
8.162000000000000455e+01,2.288233495471998502e+00
8.163000000000000966e+01,2.368411255588859454e+00
8.164000000000000057e+01,2.373007677716192809e+00
8.165000000000000568e+01,2.322271901177810793e+00
8.166000000000001080e+01,2.252661274581689188e+00
8.167000000000000171e+01,2.184459529334429551e+00
8.168000000000000682e+01,2.106921228427869330e+00
8.168999999999999773e+01,2.007006404000745370e+00
8.170000000000000284e+01,1.957359690246022188e+00
8.171000000000000796e+01,2.080929950382760296e+00
8.171999999999999886e+01,2.282331905617586809e+00
8.173000000000000398e+01,2.423973221840538983e+00
8.174000000000000909e+01,2.462568090530697251e+00
8.175000000000000000e+01,2.427722654196728502e+00
8.176000000000000512e+01,2.335029514267433104e+00
8.177000000000001023e+01,2.165456828408269363e+00
8.178000000000000114e+01,1.971138894776317763e+00
8.179000000000000625e+01,1.916508358265102796e+00
8.179999999999999716e+01,2.035725538990951211e+00
8.181000000000000227e+01,2.198023689044319440e+00
8.182000000000000739e+01,2.326384694176781842e+00
8.182999999999999829e+01,2.396516037501104979e+00
8.184000000000000341e+01,2.376757052308879903e+00
8.185000000000000853e+01,2.270901894072044236e+00
8.185999999999999943e+01,2.157461064237313320e+00
8.187000000000000455e+01,2.091445627813451669e+00
8.188000000000000966e+01,2.110064194805456594e+00
8.189000000000000057e+01,2.203570577880363590e+00
8.190000000000000568e+01,2.334058425404128112e+00
8.191000000000001080e+01,2.428911821577721231e+00
8.192000000000000171e+01,2.445020799707029013e+00
8.193000000000000682e+01,2.400300424634381979e+00
8.193999999999999773e+01,2.309330908769897217e+00
8.195000000000000284e+01,2.218651706555131220e+00
8.196000000000000796e+01,2.118634000907188231e+00
8.196999999999999886e+01,1.997127704304359819e+00
8.198000000000000398e+01,1.918905453846019737e+00
8.199000000000000909e+01,1.951154709703974977e+00
8.200000000000000000e+01,2.000177203549725391e+00
8.201000000000000512e+01,2.042653451885561910e+00
8.202000000000001023e+01,2.101601553434904179e+00
8.203000000000000114e+01,2.143724596584178244e+00
8.204000000000000625e+01,2.126085596912786091e+00
8.204999999999999716e+01,2.044260526865398830e+00
8.206000000000000227e+01,1.970126612403375388e+00
8.207000000000000739e+01,1.937942267070925428e+00
8.207999999999999829e+01,1.961158994013488588e+00
8.209000000000000341e+01,2.048488878197779250e+00
8.210000000000000853e+01,2.169126292035574277e+00
8.210999999999999943e+01,2.229490038730830737e+00
8.212000000000000455e+01,2.196655012991343803e+00
8.213000000000000966e+01,2.115712829048403520e+00
8.214000000000000057e+01,2.072803748669902468e+00
8.215000000000000568e+01,2.063167183191899845e+00
8.216000000000001080e+01,2.061011310230975280e+00
8.217000000000000171e+01,2.109678447631297526e+00
8.218000000000000682e+01,2.197610217031219282e+00
8.218999999999999773e+01,2.251012425065662459e+00
8.220000000000000284e+01,2.262480892493901941e+00
8.221000000000000796e+01,2.258746263350533301e+00
8.221999999999999886e+01,2.198325612278582142e+00
8.223000000000000398e+01,2.045709021757493140e+00
8.224000000000000909e+01,1.893090414111274100e+00
8.225000000000000000e+01,1.885078354472301321e+00
8.226000000000000512e+01,1.948426563897135422e+00
8.227000000000001023e+01,1.951967003819480961e+00
8.228000000000000114e+01,1.957542821345168216e+00
8.229000000000000625e+01,1.982509330116758450e+00
8.229999999999999716e+01,2.000551767613124809e+00
8.231000000000000227e+01,1.979174271786089401e+00
8.232000000000000739e+01,1.937062203699200680e+00
8.232999999999999829e+01,1.925055619378307936e+00
8.234000000000000341e+01,1.955653992300273369e+00
8.235000000000000853e+01,1.971592934152483600e+00
8.235999999999999943e+01,2.009219933257680335e+00
8.237000000000000455e+01,2.086009185550246059e+00
8.238000000000000966e+01,2.100488629271770158e+00
8.239000000000000057e+01,2.007662974729573779e+00
8.240000000000000568e+01,1.962727980363045965e+00
8.241000000000001080e+01,2.015177557164627320e+00
8.242000000000000171e+01,2.047494854816490406e+00
8.243000000000000682e+01,2.047105537118199869e+00
8.243999999999999773e+01,2.062597930572024119e+00
8.245000000000000284e+01,2.042099131702474146e+00
8.246000000000000796e+01,2.014100284742544655e+00
8.246999999999999886e+01,2.029000755889461161e+00
8.248000000000000398e+01,2.039198458757753851e+00
8.249000000000000909e+01,1.972388365053900250e+00
8.250000000000000000e+01,1.905911389860504679e+00
8.251000000000000512e+01,1.888803406392524309e+00
8.252000000000001023e+01,1.889435432133101944e+00
8.253000000000000114e+01,1.950644839456942226e+00
8.254000000000000625e+01,2.049691286511214905e+00
8.254999999999999716e+01,2.053661155156809137e+00
8.256000000000000227e+01,1.949974614834767639e+00
8.257000000000000739e+01,1.880432661437255959e+00
8.257999999999999829e+01,1.895348386365947491e+00
8.259000000000000341e+01,1.922727823016038950e+00
8.260000000000000853e+01,1.962404927684396228e+00
8.260999999999999943e+01,2.010586247192595266e+00
8.262000000000000455e+01,2.038331472307681302e+00
8.263000000000000966e+01,2.080822170201000798e+00
8.264000000000000057e+01,2.143198959032968531e+00
8.265000000000000568e+01,2.151914452992961913e+00
8.266000000000001080e+01,2.032975357081340029e+00
8.267000000000000171e+01,1.878151941404103020e+00
8.268000000000000682e+01,1.877063578837967484e+00
8.268999999999999773e+01,1.982741960215700594e+00
8.270000000000000284e+01,2.057502988211681760e+00
8.271000000000000796e+01,2.122223730359267257e+00
8.271999999999999886e+01,2.168654634767833489e+00
8.273000000000000398e+01,2.128672578392460046e+00
8.274000000000000909e+01,2.042822694557704377e+00
8.275000000000000000e+01,1.968777980880524359e+00
8.276000000000000512e+01,1.883914164870575503e+00
8.277000000000001023e+01,1.855972002428916134e+00
8.278000000000000114e+01,2.000897951420811616e+00
8.279000000000000625e+01,2.153421263106688244e+00
8.279999999999999716e+01,2.144675641046914993e+00
8.281000000000000227e+01,1.982779605225957198e+00
8.282000000000000739e+01,1.847320804976764208e+00
8.282999999999999829e+01,1.876707133918342540e+00
8.284000000000000341e+01,1.917187633618576692e+00
8.285000000000000853e+01,1.918951667551842766e+00
8.285999999999999943e+01,1.935679415734951503e+00
8.287000000000000455e+01,1.947905401655840585e+00
8.288000000000000966e+01,2.003262583013021292e+00
8.289000000000000057e+01,2.080248935800713905e+00
8.290000000000000568e+01,2.044805010483885077e+00
8.291000000000001080e+01,1.888109075344959420e+00
8.292000000000000171e+01,1.828316698742315616e+00
8.293000000000000682e+01,1.941821825039568239e+00
8.293999999999999773e+01,2.018517191950566669e+00
8.295000000000000284e+01,2.011207043046537635e+00
8.296000000000000796e+01,2.026901346513934499e+00
8.296999999999999886e+01,2.056188241698701624e+00
8.298000000000000398e+01,2.035973212495684859e+00
8.299000000000000909e+01,2.025615590505760011e+00
8.300000000000000000e+01,2.042459288333552614e+00
8.301000000000000512e+01,2.002108636038514966e+00
8.302000000000001023e+01,1.981496684125411356e+00
8.303000000000000114e+01,2.056630115650357471e+00
8.304000000000000625e+01,2.107644457919789271e+00
8.304999999999999716e+01,2.061091856880717721e+00
8.306000000000000227e+01,2.002261122656082915e+00
8.307000000000000739e+01,1.966319318676395200e+00
8.307999999999999829e+01,1.942156489009059239e+00
8.309000000000000341e+01,1.984708602818056278e+00
8.310000000000000853e+01,2.015777721798710953e+00
8.310999999999999943e+01,1.923756754841943417e+00
8.312000000000000455e+01,1.848794407877739188e+00
8.313000000000000966e+01,1.904106978559764851e+00
8.314000000000000057e+01,1.972867064401452097e+00
8.315000000000000568e+01,1.924691837515814408e+00
8.316000000000001080e+01,1.851237227856009193e+00
8.317000000000000171e+01,1.888067430681435788e+00
8.318000000000000682e+01,1.954681683036908479e+00
8.318999999999999773e+01,1.956214736218905070e+00
8.320000000000000284e+01,1.947400503902574131e+00
8.321000000000000796e+01,1.955800903594228535e+00
8.321999999999999886e+01,1.929724888423218321e+00
8.323000000000000398e+01,1.889338961780018256e+00
8.324000000000000909e+01,1.910814386721013003e+00
8.325000000000000000e+01,1.943100042509391168e+00
8.326000000000000512e+01,1.902307732098042603e+00
8.327000000000001023e+01,1.849081436200147754e+00
8.328000000000000114e+01,1.883662349918369783e+00
8.329000000000000625e+01,1.943333148690672196e+00
8.329999999999999716e+01,1.908330672734680489e+00
8.331000000000000227e+01,1.856371524264472495e+00
8.332000000000000739e+01,1.863398694241252151e+00
8.332999999999999829e+01,1.866266475935308922e+00
8.334000000000000341e+01,1.805108704233625794e+00
8.335000000000000853e+01,1.784593194344301414e+00
8.335999999999999943e+01,1.857585011298271471e+00
8.337000000000000455e+01,1.935464973720785187e+00
8.338000000000000966e+01,1.933962114546198041e+00
8.339000000000000057e+01,1.912385466531263845e+00
8.340000000000000568e+01,1.920582761976166619e+00
8.341000000000001080e+01,1.918464641972846385e+00
8.342000000000000171e+01,1.864936450096891907e+00
8.343000000000000682e+01,1.833540452485299843e+00
8.343999999999999773e+01,1.875701190541819940e+00
8.345000000000000284e+01,1.933892205268948894e+00
8.346000000000000796e+01,1.958945303805085913e+00
8.346999999999999886e+01,1.959228159071831010e+00
8.348000000000000398e+01,1.937376115265179832e+00
8.349000000000000909e+01,1.890349000290686643e+00
8.350000000000000000e+01,1.820262208034875373e+00
8.351000000000000512e+01,1.832246177155242739e+00
8.352000000000001023e+01,1.971519813976009283e+00
8.353000000000000114e+01,2.075590447005382089e+00
8.354000000000000625e+01,2.056449481436390947e+00
8.354999999999999716e+01,1.935270310034233221e+00
8.356000000000000227e+01,1.823494640244384790e+00
8.357000000000000739e+01,1.814098190203606409e+00
8.357999999999999829e+01,1.925884217210370064e+00
8.359000000000000341e+01,2.087158251834296596e+00
8.360000000000000853e+01,2.182859707906121827e+00
8.360999999999999943e+01,2.143255902896339382e+00
8.362000000000000455e+01,1.990723368275963967e+00
8.363000000000000966e+01,1.837783848280313936e+00
8.364000000000000057e+01,1.817137546307378004e+00
8.365000000000000568e+01,1.917337203675973489e+00
8.366000000000001080e+01,2.066170442678918917e+00
8.367000000000000171e+01,2.213333088918159053e+00
8.368000000000000682e+01,2.265564414665802051e+00
8.368999999999999773e+01,2.199710306404004445e+00
8.370000000000000284e+01,2.087787180749035354e+00
8.371000000000000796e+01,1.955043141467727397e+00
8.371999999999999886e+01,1.808546231369272173e+00
8.373000000000000398e+01,1.865137572003738420e+00
8.374000000000000909e+01,2.047261962939769919e+00
8.375000000000000000e+01,2.096638568399427971e+00
8.376000000000000512e+01,2.080727192137402870e+00
8.377000000000001023e+01,2.110886584968505009e+00
8.378000000000000114e+01,2.145416920833804308e+00
8.379000000000000625e+01,2.134559450027102123e+00
8.379999999999999716e+01,2.102342873201229700e+00
8.381000000000000227e+01,2.019467354130786596e+00
8.382000000000000739e+01,1.853582797206535071e+00
8.382999999999999829e+01,1.827861385827710627e+00
8.384000000000000341e+01,1.987322677196635246e+00
8.385000000000000853e+01,2.065922309817094238e+00
8.385999999999999943e+01,2.009265247422550082e+00
8.387000000000000455e+01,1.950168181003884227e+00
8.388000000000000966e+01,1.949428007801262686e+00
8.389000000000000057e+01,1.980486577207732690e+00
8.390000000000000568e+01,1.999022262007105200e+00
8.391000000000001080e+01,1.948001197355894609e+00
8.392000000000000171e+01,1.873428212502415979e+00
8.393000000000000682e+01,1.924440506251102301e+00
8.393999999999999773e+01,2.065892243317642762e+00
8.395000000000000284e+01,2.114713739398313752e+00
8.396000000000000796e+01,2.034505310437896508e+00
8.396999999999999886e+01,1.939125226487449893e+00
8.398000000000000398e+01,1.918853790808460191e+00
8.399000000000000909e+01,1.967849538785930275e+00
8.400000000000000000e+01,1.995604383764477907e+00
8.401000000000000512e+01,1.913635783867975615e+00
8.402000000000001023e+01,1.835883688935658675e+00
8.403000000000000114e+01,1.928002609671469969e+00
8.404000000000000625e+01,2.098247793326613930e+00
8.404999999999999716e+01,2.185726320105058296e+00
8.406000000000000227e+01,2.144036845975367811e+00
8.407000000000000739e+01,2.039028411204709901e+00
8.407999999999999829e+01,1.941031522593076986e+00
8.409000000000000341e+01,1.904310232551408300e+00
8.410000000000000853e+01,1.935012796185078932e+00
8.410999999999999943e+01,1.931409573083866515e+00
8.412000000000000455e+01,1.871643650912214296e+00
8.413000000000000966e+01,1.895266492422637006e+00
8.414000000000000057e+01,2.013544342993221381e+00
8.415000000000000568e+01,2.114603287262175169e+00
8.416000000000001080e+01,2.114100809824355220e+00
8.417000000000000171e+01,1.983309420438474913e+00
8.418000000000000682e+01,1.835608619504712991e+00
8.418999999999999773e+01,1.872736402540410738e+00
8.420000000000000284e+01,2.001696894037655827e+00
8.421000000000000796e+01,2.013726132571159511e+00
8.421999999999999886e+01,1.959860860188804788e+00
8.423000000000000398e+01,1.945665886733896288e+00
8.424000000000000909e+01,1.996848538823112307e+00
8.425000000000000000e+01,2.091168427673868901e+00
8.426000000000000512e+01,2.141240545478251711e+00
8.427000000000001023e+01,2.044761093746649827e+00
8.428000000000000114e+01,1.899599257764646554e+00
8.429000000000000625e+01,1.910017262670679949e+00
8.429999999999999716e+01,2.040061342337529116e+00
8.431000000000000227e+01,2.082422579041056654e+00
8.432000000000000739e+01,2.016628971452110619e+00
8.432999999999999829e+01,1.946922697438191463e+00
8.434000000000000341e+01,1.924430577651477403e+00
8.435000000000000853e+01,1.960691789063238266e+00
8.435999999999999943e+01,1.993433890175443590e+00
8.437000000000000455e+01,1.932917577265001130e+00
8.438000000000000966e+01,1.855563513464306036e+00
8.439000000000000057e+01,1.914190116916290041e+00
8.440000000000000568e+01,2.061678151045890139e+00
8.441000000000001080e+01,2.133639485972267824e+00
8.442000000000000171e+01,2.061564928834404675e+00
8.443000000000000682e+01,1.933655861961998346e+00
8.443999999999999773e+01,1.890416843503041067e+00
8.445000000000000284e+01,1.976253108637656464e+00
8.446000000000000796e+01,2.059647367706423982e+00
8.446999999999999886e+01,2.021733016350081069e+00
8.448000000000000398e+01,1.938632266521940650e+00
8.449000000000000909e+01,1.917984262969850251e+00
8.450000000000000000e+01,2.033422638041585184e+00
8.451000000000000512e+01,2.164731776571868771e+00
8.452000000000001023e+01,2.095527007342067094e+00
8.453000000000000114e+01,1.933792722243002027e+00
8.454000000000000625e+01,1.896971257162321400e+00
8.454999999999999716e+01,2.003285753206467401e+00
8.456000000000000227e+01,2.119140404314920456e+00
8.457000000000000739e+01,2.101209132690032622e+00
8.457999999999999829e+01,1.938452418631934959e+00
8.459000000000000341e+01,1.851293679781790047e+00
8.460000000000000853e+01,1.984822185083590762e+00
8.460999999999999943e+01,2.136413120536382326e+00
8.462000000000000455e+01,2.078328618505745240e+00
8.463000000000000966e+01,1.923156222515478131e+00
8.464000000000000057e+01,1.865882186554124189e+00
8.465000000000000568e+01,1.950185526174370132e+00
8.466000000000001080e+01,2.047056472010482686e+00
8.467000000000000171e+01,2.009347011966823970e+00
8.468000000000000682e+01,1.859503141406326998e+00
8.468999999999999773e+01,1.842230595256739711e+00
8.470000000000000284e+01,2.014981463661638994e+00
8.471000000000000796e+01,2.168706476220330082e+00
8.471999999999999886e+01,2.150335300575237696e+00
8.473000000000000398e+01,1.999248341877517099e+00
8.474000000000000909e+01,1.876664368873667277e+00
8.475000000000000000e+01,1.901292716574698893e+00
8.476000000000000512e+01,1.954898371399392376e+00
8.477000000000001023e+01,1.914084496410750180e+00
8.478000000000000114e+01,1.917872743171454619e+00
8.479000000000000625e+01,2.004299363618119223e+00
8.479999999999999716e+01,2.102240794105185717e+00
8.481000000000000227e+01,2.208975065590373710e+00
8.482000000000000739e+01,2.269521469583400286e+00
8.482999999999999829e+01,2.199576105025693007e+00
8.484000000000000341e+01,2.087047441961968897e+00
8.485000000000000853e+01,2.030407559309214349e+00
8.485999999999999943e+01,2.023778679006180248e+00
8.487000000000000455e+01,2.047514904609976316e+00
8.488000000000000966e+01,2.105559273945996956e+00
8.489000000000000057e+01,2.096807173967123905e+00
8.490000000000000568e+01,1.919602279744427875e+00
8.491000000000001080e+01,1.821571402443505239e+00
8.492000000000000171e+01,1.984636448949781418e+00
8.493000000000000682e+01,2.147137012046507198e+00
8.493999999999999773e+01,2.145475499696979149e+00
8.495000000000000284e+01,2.052195914258675202e+00
8.496000000000000796e+01,1.944860505151976060e+00
8.496999999999999886e+01,1.878501498987956708e+00
8.498000000000000398e+01,1.906065935428259195e+00
8.499000000000000909e+01,1.889310167018640518e+00
8.500000000000000000e+01,1.834560421027336519e+00
8.501000000000000512e+01,1.931005079382236866e+00
8.502000000000001023e+01,2.083818794617228409e+00
8.503000000000000114e+01,2.135912677264685922e+00
8.504000000000000625e+01,2.018339372974724544e+00
8.504999999999999716e+01,1.822646616873385694e+00
8.506000000000000227e+01,1.812135858952081735e+00
8.507000000000000739e+01,1.962841436795137673e+00
8.507999999999999829e+01,2.016705635733683000e+00
8.509000000000000341e+01,1.985518099136846848e+00
8.510000000000000853e+01,1.945034595193617211e+00
8.510999999999999943e+01,1.927646866441050433e+00
8.512000000000000455e+01,1.956582541984876356e+00
8.513000000000000966e+01,1.981585115608208714e+00
8.514000000000000057e+01,1.920873572206146962e+00
8.515000000000000568e+01,1.899294164288407138e+00
8.516000000000001080e+01,2.015259731647511821e+00
8.517000000000000171e+01,2.134252554080702247e+00
8.518000000000000682e+01,2.143657647480119444e+00
8.518999999999999773e+01,2.019075690873746609e+00
8.520000000000000284e+01,1.835230606859331148e+00
8.521000000000000796e+01,1.778446515676354256e+00
8.521999999999999886e+01,1.906222593939767229e+00
8.523000000000000398e+01,2.050768071829471850e+00
8.524000000000000909e+01,2.111901160034937774e+00
8.525000000000000000e+01,2.049866505281107809e+00
8.526000000000000512e+01,1.897593238407382144e+00
8.527000000000001023e+01,1.825137494947216110e+00
8.528000000000000114e+01,1.918801320004277056e+00
8.529000000000000625e+01,2.006683257598154135e+00
8.529999999999999716e+01,2.004728859843688760e+00
8.531000000000000227e+01,1.958802241156399226e+00
8.532000000000000739e+01,1.923452982156976132e+00
8.532999999999999829e+01,1.895976342005034621e+00
8.534000000000000341e+01,1.873243560340881242e+00
8.535000000000000853e+01,1.904336969405570290e+00
8.535999999999999943e+01,1.956886953265136064e+00
8.537000000000000455e+01,1.962332615060027763e+00
8.538000000000000966e+01,1.984142064621049473e+00
8.539000000000000057e+01,2.051595078453162913e+00
8.540000000000000568e+01,2.098305917164954959e+00
8.541000000000001080e+01,2.076956124736285769e+00
8.542000000000000171e+01,2.066055315363117817e+00
8.543000000000000682e+01,2.070643850545041964e+00
8.543999999999999773e+01,1.965635377199952627e+00
8.545000000000000284e+01,1.882134113101401773e+00
8.546000000000000796e+01,1.945593638584378393e+00
8.546999999999999886e+01,2.049770571893351434e+00
8.548000000000000398e+01,2.080133321688780068e+00
8.549000000000000909e+01,2.036066822208936866e+00
8.550000000000000000e+01,1.995977716423924297e+00
8.551000000000000512e+01,1.968852992864471352e+00
8.552000000000001023e+01,1.920404130291831768e+00
8.553000000000000114e+01,1.923105861942896899e+00
8.554000000000000625e+01,2.012735622091302634e+00
8.554999999999999716e+01,2.090090781933400699e+00
8.556000000000000227e+01,2.108357419697823421e+00
8.557000000000000739e+01,2.048884706416011170e+00
8.557999999999999829e+01,1.991122892165494429e+00
8.559000000000000341e+01,1.988596310225716701e+00
8.560000000000000853e+01,1.954327790520310248e+00
8.560999999999999943e+01,1.911435609796991786e+00
8.562000000000000455e+01,1.980127147962978063e+00
8.563000000000000966e+01,2.144681119910369915e+00
8.564000000000000057e+01,2.344577035202724868e+00
8.565000000000000568e+01,2.563639799912208694e+00
8.566000000000001080e+01,2.731732972779526314e+00
8.567000000000000171e+01,2.769740011412277880e+00
8.568000000000000682e+01,2.692955380787810160e+00
8.568999999999999773e+01,2.575744890558882449e+00
8.570000000000000284e+01,2.446387286207152290e+00
8.571000000000000796e+01,2.295918405801914197e+00
8.571999999999999886e+01,2.136440618996933161e+00
8.573000000000000398e+01,2.019141065230460885e+00
8.574000000000000909e+01,1.992067771086114325e+00
8.575000000000000000e+01,2.057832637169504597e+00
8.576000000000000512e+01,2.140193817064238058e+00
8.577000000000001023e+01,2.117095408265768697e+00
8.578000000000000114e+01,1.949800174889725346e+00
8.579000000000000625e+01,1.861689238541170299e+00
8.579999999999999716e+01,1.973850001238693919e+00
8.581000000000000227e+01,2.127946400814592298e+00
8.582000000000000739e+01,2.135502319604972499e+00
8.582999999999999829e+01,1.949091381378339038e+00
8.584000000000000341e+01,1.737896022378784711e+00
8.585000000000000853e+01,1.815649846115710231e+00
8.585999999999999943e+01,1.982915980494383223e+00
8.587000000000000455e+01,2.099249760890780081e+00
8.588000000000000966e+01,2.172462220615124728e+00
8.589000000000000057e+01,2.153836740168575847e+00
8.590000000000000568e+01,2.029040153397660529e+00
8.591000000000001080e+01,1.911862775855003527e+00
8.592000000000000171e+01,1.937330608130683363e+00
8.593000000000000682e+01,2.007980546306165071e+00
8.593999999999999773e+01,2.040379176491712965e+00
8.595000000000000284e+01,2.142298072610111959e+00
8.596000000000000796e+01,2.282109400761497486e+00
8.596999999999999886e+01,2.374634294687078651e+00
8.598000000000000398e+01,2.417744555783551075e+00
8.599000000000000909e+01,2.377994429955629041e+00
8.600000000000000000e+01,2.187113345661125141e+00
8.601000000000000512e+01,1.923269442288572995e+00
8.602000000000001023e+01,1.777733100913632791e+00
8.603000000000000114e+01,1.908322261368870176e+00
8.604000000000000625e+01,2.108369107206800042e+00
8.604999999999999716e+01,2.184914985943389620e+00
8.606000000000000227e+01,2.136496226333199022e+00
8.607000000000000739e+01,1.983373215694918645e+00
8.607999999999999829e+01,1.864415812643735793e+00
8.609000000000000341e+01,1.982386554227252295e+00
8.610000000000000853e+01,2.260958754163596041e+00
8.610999999999999943e+01,2.469981209283359735e+00
8.612000000000000455e+01,2.498273036154375681e+00
8.613000000000000966e+01,2.402204417375007672e+00
8.614000000000000057e+01,2.333734101038291264e+00
8.615000000000000568e+01,2.254387315356658483e+00
8.616000000000001080e+01,2.094232103859550609e+00
8.617000000000000171e+01,1.908505533499968765e+00
8.618000000000000682e+01,1.921164335396636114e+00
8.618999999999999773e+01,2.089160092501289867e+00
8.620000000000000284e+01,2.151623625869542256e+00
8.621000000000000796e+01,2.103545881707599374e+00
8.621999999999999886e+01,2.007842263441280029e+00
8.623000000000000398e+01,1.916452763945930782e+00
8.624000000000000909e+01,1.866523070481851176e+00
8.625000000000000000e+01,1.890540069800426437e+00
8.626000000000000512e+01,1.986204581024070048e+00
8.627000000000001023e+01,2.089728343506877195e+00
8.628000000000000114e+01,2.160131708877956580e+00
8.629000000000000625e+01,2.252848292275580366e+00
8.629999999999999716e+01,2.383707468394769435e+00
8.631000000000000227e+01,2.512997074264312847e+00
8.632000000000000739e+01,2.599301173241761020e+00
8.632999999999999829e+01,2.648970436966219477e+00
8.634000000000000341e+01,2.618332292629221847e+00
8.635000000000000853e+01,2.541464464111981236e+00
8.635999999999999943e+01,2.459067207568959468e+00
8.637000000000000455e+01,2.406447043996811974e+00
8.638000000000000966e+01,2.410375653312984312e+00
8.639000000000000057e+01,2.425126382868324271e+00
8.640000000000000568e+01,2.372570643373975496e+00
8.641000000000001080e+01,2.201726807939621278e+00
8.642000000000000171e+01,1.975954696773182695e+00
8.643000000000000682e+01,1.822829899496932970e+00
8.643999999999999773e+01,1.887117417226600757e+00
8.645000000000000284e+01,2.048559647093537883e+00
8.646000000000000796e+01,2.096542551774230212e+00
8.646999999999999886e+01,1.994694004728545300e+00
8.648000000000000398e+01,1.837530275478475472e+00
8.649000000000000909e+01,1.826739331623425944e+00
8.650000000000000000e+01,1.977968109500251925e+00
8.651000000000000512e+01,2.057751291215729417e+00
8.652000000000001023e+01,1.998296426184064556e+00
8.653000000000000114e+01,1.889723045660395284e+00
8.654000000000000625e+01,1.876406963454357424e+00
8.654999999999999716e+01,2.006537292152827501e+00
8.656000000000000227e+01,2.121877391321185247e+00
8.657000000000000739e+01,2.145244085180053162e+00
8.657999999999999829e+01,2.063307937390828961e+00
8.659000000000000341e+01,2.060911840424039632e+00
8.660000000000000853e+01,2.166852555782234457e+00
8.660999999999999943e+01,2.241320928671304724e+00
8.662000000000000455e+01,2.251413168589896596e+00
8.663000000000000966e+01,2.339484951265982993e+00
8.664000000000000057e+01,2.464637779167559994e+00
8.665000000000000568e+01,2.480692154460121035e+00
8.666000000000001080e+01,2.307889900428528929e+00
8.667000000000000171e+01,2.044241733675350225e+00
8.668000000000000682e+01,1.838981677804322201e+00
8.668999999999999773e+01,1.896673188612102878e+00
8.670000000000000284e+01,2.161583492118682504e+00
8.671000000000000796e+01,2.400482061274359147e+00
8.671999999999999886e+01,2.565697540514080721e+00
8.673000000000000398e+01,2.616963567273338676e+00
8.674000000000000909e+01,2.486586235963675229e+00
8.675000000000000000e+01,2.191835934068970815e+00
8.676000000000000512e+01,1.948233639124425931e+00
8.677000000000001023e+01,1.898218881164393412e+00
8.678000000000000114e+01,2.025078563340444671e+00
8.679000000000000625e+01,2.200796883159596984e+00
8.679999999999999716e+01,2.389390955206996292e+00
8.681000000000000227e+01,2.524211379757249407e+00
8.682000000000000739e+01,2.483086569513837993e+00
8.682999999999999829e+01,2.332227390159244518e+00
8.684000000000000341e+01,2.112361777261650531e+00
8.685000000000000853e+01,1.970538190882125784e+00
8.685999999999999943e+01,2.016931074729376938e+00
8.687000000000000455e+01,2.178431158100708309e+00
8.688000000000000966e+01,2.335743643937835401e+00
8.689000000000000057e+01,2.471571358374263117e+00
8.690000000000000568e+01,2.567849605476146380e+00
8.691000000000001080e+01,2.617091357281209785e+00
8.692000000000000171e+01,2.616480009486217728e+00
8.693000000000000682e+01,2.509103885394146083e+00
8.693999999999999773e+01,2.294578363991956138e+00
8.695000000000000284e+01,2.025088572112341723e+00
8.696000000000000796e+01,1.816854035744203566e+00
8.696999999999999886e+01,1.915389557244165042e+00
8.698000000000000398e+01,2.266742588495658683e+00
8.699000000000000909e+01,2.558741847568840377e+00
8.700000000000000000e+01,2.698474406715764662e+00
8.701000000000000512e+01,2.756701548318206907e+00
8.702000000000001023e+01,2.740226910768521762e+00
8.703000000000000114e+01,2.677481604586668507e+00
8.704000000000000625e+01,2.588428189693504855e+00
8.704999999999999716e+01,2.435538165519070208e+00
8.706000000000000227e+01,2.145094371746846917e+00
8.707000000000000739e+01,1.824950851858756051e+00
8.707999999999999829e+01,1.821985190307539915e+00
8.709000000000000341e+01,2.073438311115139321e+00
8.710000000000000853e+01,2.170622828084142419e+00
8.710999999999999943e+01,2.128255478743094731e+00
8.712000000000000455e+01,2.043388598504944031e+00
8.713000000000000966e+01,1.936513404575346264e+00
8.714000000000000057e+01,1.893520044784316791e+00
8.715000000000000568e+01,2.019397644571271133e+00
8.716000000000001080e+01,2.189289773533873884e+00
8.717000000000000171e+01,2.076025225304355626e+00
8.718000000000000682e+01,1.886666845206117049e+00
8.718999999999999773e+01,1.903103692865945940e+00
8.720000000000000284e+01,2.084593849458451054e+00
8.721000000000000796e+01,2.276816112688945459e+00
8.721999999999999886e+01,2.396256537205479820e+00
8.723000000000000398e+01,2.333324860215567398e+00
8.724000000000000909e+01,2.096897127948817552e+00
8.725000000000000000e+01,1.834268162946737224e+00
8.726000000000000512e+01,1.824041705170142968e+00
8.727000000000001023e+01,2.013851774212788825e+00
8.728000000000000114e+01,1.946864700101165413e+00
8.729000000000000625e+01,1.793364497139386060e+00
8.729999999999999716e+01,1.921264218190720907e+00
8.731000000000000227e+01,2.129639528770068679e+00
8.732000000000000739e+01,2.271384429417442341e+00
8.732999999999999829e+01,2.276877632394854523e+00
8.734000000000000341e+01,2.064859972516296160e+00
8.735000000000000853e+01,1.781795107076007190e+00
8.735999999999999943e+01,1.840101835687362186e+00
8.737000000000000455e+01,2.115959920910601699e+00
8.738000000000000966e+01,2.135755273457144554e+00
8.739000000000000057e+01,1.931561365450240819e+00
8.740000000000000568e+01,1.826933214816568229e+00
8.741000000000001080e+01,1.935003994879597622e+00
8.742000000000000171e+01,2.077771796059423526e+00
8.743000000000000682e+01,2.153700824255773139e+00
8.743999999999999773e+01,2.114158916827209467e+00
8.745000000000000284e+01,2.013590203616415497e+00
8.746000000000000796e+01,1.970376074812765443e+00
8.746999999999999886e+01,1.995168538106058431e+00
8.748000000000000398e+01,2.102096536597649834e+00
8.749000000000000909e+01,2.243546802776972715e+00
8.750000000000000000e+01,2.368948537645891861e+00
8.751000000000000512e+01,2.500758640301113278e+00
8.752000000000001023e+01,2.558350371806290102e+00
8.753000000000000114e+01,2.540138153319648318e+00
8.754000000000000625e+01,2.445788881216781174e+00
8.754999999999999716e+01,2.250829221778646083e+00
8.756000000000000227e+01,2.043791534948204980e+00
8.757000000000000739e+01,1.940273759699227440e+00
8.757999999999999829e+01,2.013713731757947212e+00
8.759000000000000341e+01,2.137328280232702493e+00
8.760000000000000853e+01,2.230859537211189902e+00
8.760999999999999943e+01,2.255826416038933413e+00
8.762000000000000455e+01,2.203877398639142005e+00
8.763000000000000966e+01,2.088089753058871789e+00
8.764000000000000057e+01,1.904584000778865249e+00
8.765000000000000568e+01,1.813653383367396010e+00
8.766000000000001080e+01,1.946668341063776619e+00
8.767000000000000171e+01,2.100639666887208712e+00
8.768000000000000682e+01,2.088712170453363104e+00
8.768999999999999773e+01,1.950940099157326024e+00
8.770000000000000284e+01,1.868292614073074231e+00
8.771000000000000796e+01,1.921367483018279199e+00
8.771999999999999886e+01,1.955834014557472411e+00
8.773000000000000398e+01,1.972807242611401168e+00
8.774000000000000909e+01,2.011494510283336368e+00
8.775000000000000000e+01,2.039419810926626830e+00
8.776000000000000512e+01,1.996296805813203790e+00
8.777000000000001023e+01,1.953679262852528797e+00
8.778000000000000114e+01,1.948787559843298656e+00
8.779000000000000625e+01,1.879132576217015904e+00
8.779999999999999716e+01,1.822889685910806801e+00
8.781000000000000227e+01,1.928094660591123333e+00
8.782000000000000739e+01,2.056376424052755780e+00
8.782999999999999829e+01,2.042832587560713620e+00
8.784000000000000341e+01,1.857915043509793973e+00
8.785000000000000853e+01,1.700455176886471520e+00
8.785999999999999943e+01,1.853953275247248289e+00
8.787000000000000455e+01,2.035960828233195574e+00
8.788000000000000966e+01,2.058372239562125561e+00
8.789000000000000057e+01,1.978660292142134791e+00
8.790000000000000568e+01,1.867927185973799808e+00
8.791000000000001080e+01,1.789039042894257525e+00
8.792000000000000171e+01,1.862104970107754331e+00
8.793000000000000682e+01,2.016675266918301013e+00
8.793999999999999773e+01,2.087422027621630427e+00
8.795000000000000284e+01,1.995737439970498572e+00
8.796000000000000796e+01,1.844711257649825464e+00
8.796999999999999886e+01,1.827896882348673424e+00
8.798000000000000398e+01,1.956954935352370084e+00
8.799000000000000909e+01,2.007342439395929379e+00
8.800000000000000000e+01,1.947168948114159415e+00
8.801000000000000512e+01,1.931010824024557593e+00
8.802000000000001023e+01,1.958698500229170136e+00
8.803000000000000114e+01,1.940321497999751399e+00
8.804000000000000625e+01,1.924884211120502453e+00
8.804999999999999716e+01,1.995712820500233464e+00
8.806000000000000227e+01,2.041466683449915109e+00
8.807000000000000739e+01,1.947832526296857436e+00
8.807999999999999829e+01,1.844758757957527529e+00
8.809000000000000341e+01,1.891969725505406430e+00
8.810000000000000853e+01,2.047104175585600316e+00
8.810999999999999943e+01,2.134134765234847908e+00
8.812000000000000455e+01,2.123390587837291843e+00
8.813000000000000966e+01,2.048012318698547496e+00
8.814000000000000057e+01,1.923318460827795340e+00
8.815000000000000568e+01,1.791097848304218365e+00
8.816000000000001080e+01,1.851928837185705889e+00
8.817000000000000171e+01,2.020535372543623254e+00
8.818000000000000682e+01,2.053671034050974509e+00
8.818999999999999773e+01,1.863721263091668190e+00
8.820000000000000284e+01,1.754831704409286042e+00
8.821000000000000796e+01,1.939782828772334877e+00
8.821999999999999886e+01,2.116242991837185006e+00
8.823000000000000398e+01,2.097410759245789791e+00
8.824000000000000909e+01,1.907774333012162149e+00
8.825000000000000000e+01,1.772643967213946237e+00
8.826000000000000512e+01,1.872922324203542210e+00
8.827000000000001023e+01,1.984134303342392158e+00
8.828000000000000114e+01,1.954253060711431678e+00
8.829000000000000625e+01,1.836740468003032811e+00
8.829999999999999716e+01,1.800216047256551155e+00
8.831000000000000227e+01,1.891955130176188327e+00
8.832000000000000739e+01,2.017802068910625302e+00
8.832999999999999829e+01,2.057126022877548088e+00
8.834000000000000341e+01,1.952143537678517893e+00
8.835000000000000853e+01,1.780376212209092923e+00
8.835999999999999943e+01,1.807752934584812010e+00
8.837000000000000455e+01,1.992010919297380944e+00
8.838000000000000966e+01,2.070156230167182088e+00
8.839000000000000057e+01,2.002818600098371427e+00
8.840000000000000568e+01,1.868681793457622975e+00
8.841000000000001080e+01,1.824868740813980317e+00
8.842000000000000171e+01,1.935731834939953488e+00
8.843000000000000682e+01,2.004924172780606195e+00
8.843999999999999773e+01,1.956228302141649111e+00
8.845000000000000284e+01,1.916000457985331362e+00
8.846000000000000796e+01,1.927156097725349682e+00
8.846999999999999886e+01,1.981249051331003042e+00
8.848000000000000398e+01,2.061067678122190827e+00
8.849000000000000909e+01,2.055404501405988071e+00
8.850000000000000000e+01,1.865091045713317852e+00
8.851000000000000512e+01,1.777757642537362015e+00
8.852000000000001023e+01,1.967328755571879473e+00
8.853000000000000114e+01,2.125789967353312715e+00
8.854000000000000625e+01,2.115881892568675315e+00
8.854999999999999716e+01,2.009309409249855349e+00
8.856000000000000227e+01,1.904197917890890102e+00
8.857000000000000739e+01,1.864249359071902479e+00
8.857999999999999829e+01,1.923981796301618363e+00
8.859000000000000341e+01,1.980381122940733762e+00
8.860000000000000853e+01,1.973901467804307641e+00
8.860999999999999943e+01,1.972004792717299448e+00
8.862000000000000455e+01,2.051228252657417261e+00
8.863000000000000966e+01,2.158149821977148886e+00
8.864000000000000057e+01,2.148181490028252316e+00
8.865000000000000568e+01,1.967945259426694404e+00
8.866000000000001080e+01,1.856391627889977247e+00
8.867000000000000171e+01,1.948053515640676636e+00
8.868000000000000682e+01,2.091940269701790367e+00
8.868999999999999773e+01,2.174163460299156192e+00
8.870000000000000284e+01,2.154920739725709300e+00
8.871000000000000796e+01,2.007910141440596430e+00
8.871999999999999886e+01,1.854528768986881682e+00
8.873000000000000398e+01,1.918295726315418337e+00
8.874000000000000909e+01,2.063359686191430509e+00
8.875000000000000000e+01,1.987924693996227843e+00
8.876000000000000512e+01,1.855998193695240994e+00
8.877000000000001023e+01,1.932463483121997116e+00
8.878000000000000114e+01,2.123460754923434557e+00
8.879000000000000625e+01,2.206977068050323343e+00
8.879999999999999716e+01,2.125973176923923180e+00
8.881000000000000227e+01,1.936049071692140355e+00
8.882000000000000739e+01,1.806330609495393702e+00
8.882999999999999829e+01,1.940495819578079928e+00
8.884000000000000341e+01,2.166497953680086574e+00
8.885000000000000853e+01,2.116692845502152309e+00
8.885999999999999943e+01,1.921769586605011515e+00
8.887000000000000455e+01,1.863209360029086881e+00
8.888000000000000966e+01,1.998195090024995180e+00
8.889000000000000057e+01,2.150857567878450283e+00
8.890000000000000568e+01,2.216198144616134069e+00
8.891000000000001080e+01,2.094264646504830463e+00
8.892000000000000171e+01,1.811575648793060767e+00
8.893000000000000682e+01,1.796259452111526711e+00
8.893999999999999773e+01,2.072052478124046360e+00
8.895000000000000284e+01,2.143105775294351201e+00
8.896000000000000796e+01,1.997038396451104925e+00
8.896999999999999886e+01,1.897599891020232965e+00
8.898000000000000398e+01,1.933413699392864116e+00
8.899000000000000909e+01,2.025727039460152756e+00
8.900000000000000000e+01,2.107151925823099514e+00
8.901000000000000512e+01,2.022234342948413310e+00
8.902000000000001023e+01,1.788228290375699414e+00
8.903000000000000114e+01,1.828624298783104729e+00
8.904000000000000625e+01,2.103131579335919987e+00
8.905000000000001137e+01,2.212927747058181627e+00
8.906000000000000227e+01,2.092342562798930938e+00
8.907000000000000739e+01,1.913363907807398512e+00
8.907999999999999829e+01,1.850032340176787304e+00
8.909000000000000341e+01,1.938855832185569783e+00
8.910000000000000853e+01,1.972947613597481720e+00
8.910999999999999943e+01,1.848179996347758758e+00
8.912000000000000455e+01,1.812328596723011609e+00
8.913000000000000966e+01,1.973824880667987669e+00
8.914000000000000057e+01,2.164219689178757289e+00
8.915000000000000568e+01,2.231302061234426315e+00
8.916000000000001080e+01,2.154663409586054179e+00
8.917000000000000171e+01,2.036249283405398902e+00
8.918000000000000682e+01,1.961721668017407438e+00
8.918999999999999773e+01,1.967862587496647331e+00
8.920000000000000284e+01,2.019546485018108406e+00
8.921000000000000796e+01,1.994743021638627267e+00
8.921999999999999886e+01,1.876773126928504620e+00
8.923000000000000398e+01,1.871195761919099532e+00
8.924000000000000909e+01,2.025042156128112669e+00
8.925000000000000000e+01,2.153140491815617619e+00
8.926000000000000512e+01,2.135765566413129424e+00
8.927000000000001023e+01,2.027059860839093286e+00
8.928000000000000114e+01,1.942856354968374832e+00
8.929000000000000625e+01,1.921184692844756237e+00
8.930000000000001137e+01,1.939057107373581168e+00
8.931000000000000227e+01,1.940929710465838287e+00
8.932000000000000739e+01,1.910075802210216667e+00
8.932999999999999829e+01,1.940842444585339388e+00
8.934000000000000341e+01,2.072039192757945347e+00
8.935000000000000853e+01,2.182956889734885220e+00
8.935999999999999943e+01,2.179823632866658922e+00
8.937000000000000455e+01,2.080920152342468299e+00
8.938000000000000966e+01,1.955506863494986147e+00
8.939000000000000057e+01,1.856061002068898791e+00
8.940000000000000568e+01,1.849638161864368691e+00
8.941000000000001080e+01,1.939523385454272608e+00
8.942000000000000171e+01,2.036762060973495547e+00
8.943000000000000682e+01,2.094506112337942039e+00
8.943999999999999773e+01,2.125485731779915177e+00
8.945000000000000284e+01,2.138203230775784558e+00
8.946000000000000796e+01,2.084500066041016009e+00
8.946999999999999886e+01,1.914177689349659151e+00
8.948000000000000398e+01,1.810275021256162464e+00
8.949000000000000909e+01,1.957442739877976567e+00
8.950000000000000000e+01,2.116474475826487289e+00
8.951000000000000512e+01,2.180245123931939588e+00
8.952000000000001023e+01,2.192949272378410530e+00
8.953000000000000114e+01,2.141009584173783953e+00
8.954000000000000625e+01,2.020832981437109765e+00
8.955000000000001137e+01,1.922411166676109229e+00
8.956000000000000227e+01,1.909503935916602613e+00
8.957000000000000739e+01,1.883917519724523704e+00
8.957999999999999829e+01,1.897311559110943957e+00
8.959000000000000341e+01,2.040267522047292559e+00
8.960000000000000853e+01,2.193987424961456600e+00
8.960999999999999943e+01,2.257521569597952027e+00
8.962000000000000455e+01,2.247948405121656279e+00
8.963000000000000966e+01,2.165372443766891752e+00
8.964000000000000057e+01,2.014837588342047514e+00
8.965000000000000568e+01,1.918311244809089766e+00
8.966000000000001080e+01,2.015680081635973231e+00
8.967000000000000171e+01,2.180606209355270941e+00
8.968000000000000682e+01,2.298461835875322823e+00
8.968999999999999773e+01,2.342915092790389675e+00
8.970000000000000284e+01,2.318725089855449006e+00
8.971000000000000796e+01,2.244151831386033802e+00
8.971999999999999886e+01,2.150676771933895282e+00
8.973000000000000398e+01,2.026975915504670045e+00
8.974000000000000909e+01,1.948126295428763255e+00
8.975000000000000000e+01,1.967753220076388754e+00
8.976000000000000512e+01,2.032454622145595913e+00
8.977000000000001023e+01,2.084948401429877141e+00
8.978000000000000114e+01,2.112057638022457162e+00
8.979000000000000625e+01,2.075238425470432357e+00
8.980000000000001137e+01,2.049661077690933642e+00
8.981000000000000227e+01,2.050544932066840076e+00
8.982000000000000739e+01,2.043627268647833173e+00
8.982999999999999829e+01,2.039571538350395397e+00
8.984000000000000341e+01,2.039014115727500354e+00
8.985000000000000853e+01,2.004668569854129778e+00
8.985999999999999943e+01,1.999629407461292363e+00
8.987000000000000455e+01,2.050580749233006372e+00
8.988000000000000966e+01,2.039924213896437521e+00
8.989000000000000057e+01,1.967076927269495012e+00
8.990000000000000568e+01,1.951974276894037352e+00
8.991000000000001080e+01,2.005617895936311790e+00
8.992000000000000171e+01,2.045987982223013368e+00
8.993000000000000682e+01,2.029428618575149557e+00
8.993999999999999773e+01,1.950625330016569015e+00
8.995000000000000284e+01,1.855399117107691564e+00
8.996000000000000796e+01,1.857279314332930253e+00
8.996999999999999886e+01,1.981432171323560310e+00
8.998000000000000398e+01,2.086993812893560118e+00
8.999000000000000909e+01,2.057459865557770051e+00
9.000000000000000000e+01,1.906901068751077233e+00
9.001000000000000512e+01,1.795580477354329130e+00
9.002000000000001023e+01,1.891496613458507170e+00
9.003000000000000114e+01,2.068323613675818518e+00
9.004000000000000625e+01,2.158364612539781735e+00
9.005000000000001137e+01,2.117665643931780028e+00
9.006000000000000227e+01,1.981105331071520981e+00
9.007000000000000739e+01,1.831936049328415139e+00
9.007999999999999829e+01,1.845418234364503585e+00
9.009000000000000341e+01,2.012244700886053117e+00
9.010000000000000853e+01,2.103505314261174597e+00
9.010999999999999943e+01,2.071589961698260929e+00
9.012000000000000455e+01,1.998090076590392394e+00
9.013000000000000966e+01,1.944581385137942098e+00
9.014000000000000057e+01,1.955533252984720471e+00
9.015000000000000568e+01,2.012061931524226299e+00
9.016000000000001080e+01,2.023537919789249351e+00
9.017000000000000171e+01,1.934737602021525449e+00
9.018000000000000682e+01,1.882034377056912122e+00
9.018999999999999773e+01,1.947677933267202954e+00
9.020000000000000284e+01,2.077337407857471341e+00
9.021000000000000796e+01,2.174184388012204039e+00
9.021999999999999886e+01,2.146646101483893343e+00
9.023000000000000398e+01,2.000285767048298080e+00
9.024000000000000909e+01,1.889371310568677131e+00
9.025000000000000000e+01,1.927028732271525824e+00
9.026000000000000512e+01,2.019224472068423815e+00
9.027000000000001023e+01,2.009580181057725401e+00
9.028000000000000114e+01,1.918065512176265308e+00
9.029000000000000625e+01,1.891282878180839067e+00
9.030000000000001137e+01,1.985356931335018338e+00
9.031000000000000227e+01,2.106179940579627097e+00
9.032000000000000739e+01,2.123641003606778099e+00
9.032999999999999829e+01,2.000374194319652243e+00
9.034000000000000341e+01,1.868487838146129842e+00
9.035000000000000853e+01,1.892309426415247797e+00
9.035999999999999943e+01,1.995768882536252731e+00
9.037000000000000455e+01,2.002533067417364254e+00
9.038000000000000966e+01,1.934847589553244429e+00
9.039000000000000057e+01,1.883912972353023463e+00
9.040000000000000568e+01,1.916413725608330454e+00
9.041000000000001080e+01,2.022812566823728009e+00
9.042000000000000171e+01,2.065430464334250704e+00
9.043000000000000682e+01,1.988720579015562873e+00
9.043999999999999773e+01,1.935441562667289173e+00
9.045000000000000284e+01,1.992150030620184697e+00
9.046000000000000796e+01,2.091084776951904534e+00
9.046999999999999886e+01,2.116931834849671734e+00
9.048000000000000398e+01,2.033598144889988024e+00
9.049000000000000909e+01,1.924395744149316023e+00
9.050000000000000000e+01,1.895018362444016891e+00
9.051000000000000512e+01,1.970874597659627359e+00
9.052000000000001023e+01,2.041600218382628729e+00
9.053000000000000114e+01,1.993145393040859137e+00
9.054000000000000625e+01,1.864033957442836176e+00
9.055000000000001137e+01,1.830340964547316984e+00
9.056000000000000227e+01,1.941651248242073136e+00
9.057000000000000739e+01,2.025985082003319171e+00
9.057999999999999829e+01,1.987732514826882069e+00
9.059000000000000341e+01,1.895959109527417752e+00
9.060000000000000853e+01,1.873296092186176764e+00
9.060999999999999943e+01,1.948645621964138597e+00
9.062000000000000455e+01,2.008180616403813179e+00
9.063000000000000966e+01,1.984901630264080064e+00
9.064000000000000057e+01,1.944300963251317738e+00
9.065000000000000568e+01,1.950763578223921657e+00
9.066000000000001080e+01,2.010472666503079431e+00
9.067000000000000171e+01,2.109671937689839627e+00
9.068000000000000682e+01,2.162918997726220649e+00
9.068999999999999773e+01,2.098957628939658981e+00
9.070000000000000284e+01,2.000420777070664347e+00
9.071000000000000796e+01,1.987887398445898457e+00
9.071999999999999886e+01,2.003819143057575580e+00
9.073000000000000398e+01,1.978824794138177579e+00
9.074000000000000909e+01,1.964519347550693462e+00
9.075000000000000000e+01,1.968573709402063887e+00
9.076000000000000512e+01,1.972679903994817963e+00
9.077000000000001023e+01,2.035934389051130555e+00
9.078000000000000114e+01,2.116500675224083583e+00
9.079000000000000625e+01,2.106117606783628471e+00
9.080000000000001137e+01,2.046946379757906609e+00
9.081000000000000227e+01,2.050140970947119889e+00
9.082000000000000739e+01,2.065924074457965887e+00
9.082999999999999829e+01,2.022939293080491474e+00
9.084000000000000341e+01,1.993318792225919900e+00
9.085000000000000853e+01,1.984958421420710550e+00
9.085999999999999943e+01,1.939622168986784079e+00
9.087000000000000455e+01,1.975688046876074688e+00
9.088000000000000966e+01,2.067601882383550027e+00
9.089000000000000057e+01,2.076001730743257223e+00
9.090000000000000568e+01,1.973726579848383844e+00
9.091000000000001080e+01,1.880612524418572518e+00
9.092000000000000171e+01,1.892168546615232261e+00
9.093000000000000682e+01,1.956648497086025174e+00
9.093999999999999773e+01,2.058575938968490338e+00
9.095000000000000284e+01,2.152997786511634981e+00
9.096000000000000796e+01,2.129229681762867088e+00
9.096999999999999886e+01,1.996036111216678011e+00
9.098000000000000398e+01,1.897331085543321194e+00
9.099000000000000909e+01,1.901726333229889709e+00
9.100000000000000000e+01,1.902546828254168654e+00
9.101000000000000512e+01,1.916897454899453734e+00
9.102000000000001023e+01,1.961424280108717388e+00
9.103000000000000114e+01,1.978574879376567619e+00
9.104000000000000625e+01,1.995445332801677685e+00
9.105000000000001137e+01,2.018402427317207426e+00
9.106000000000000227e+01,1.982284455571398762e+00
9.107000000000000739e+01,1.865465078552799305e+00
9.107999999999999829e+01,1.819353279107715826e+00
9.109000000000000341e+01,1.909510917303172128e+00
9.110000000000000853e+01,1.974588424659679875e+00
9.110999999999999943e+01,1.981910317799470134e+00
9.112000000000000455e+01,2.021920304388873824e+00
9.113000000000000966e+01,2.075274922076590478e+00
9.114000000000000057e+01,2.052858725411956353e+00
9.115000000000000568e+01,1.990583085354640680e+00
9.116000000000001080e+01,1.993722737819881408e+00
9.117000000000000171e+01,1.995675863510905979e+00
9.118000000000000682e+01,1.980960331253506901e+00
9.118999999999999773e+01,1.997719595238532042e+00
9.120000000000000284e+01,1.991350207773610270e+00
9.121000000000000796e+01,1.998224051601821927e+00
9.121999999999999886e+01,2.053596839036329502e+00
9.123000000000000398e+01,2.076746571250329687e+00
9.124000000000000909e+01,2.035882651259646181e+00
9.125000000000000000e+01,1.988650860985910596e+00
9.126000000000000512e+01,1.940077436727720706e+00
9.127000000000001023e+01,1.924714314723096509e+00
9.128000000000000114e+01,2.003535185416019715e+00
9.129000000000000625e+01,2.024706053159321950e+00
9.130000000000001137e+01,1.911482721998814860e+00
9.131000000000000227e+01,1.901082292406091945e+00
9.132000000000000739e+01,2.015319761849219571e+00
9.132999999999999829e+01,2.119459306285450317e+00
9.134000000000000341e+01,2.174464465609865726e+00
9.135000000000000853e+01,2.105538900186838092e+00
9.135999999999999943e+01,1.905635816755131939e+00
9.137000000000000455e+01,1.815682772953467916e+00
9.138000000000000966e+01,1.946639158293082650e+00
9.139000000000000057e+01,1.955933332810707581e+00
9.140000000000000568e+01,1.875618678756426627e+00
9.141000000000001080e+01,1.976402314332787791e+00
9.142000000000000171e+01,2.183042944263808405e+00
9.143000000000000682e+01,2.336493587857669585e+00
9.143999999999999773e+01,2.411865841977948843e+00
9.145000000000000284e+01,2.425183363665518232e+00
9.146000000000000796e+01,2.377376760317976512e+00
9.146999999999999886e+01,2.249339256759638417e+00
9.148000000000000398e+01,2.093993558753224793e+00
9.149000000000000909e+01,1.962304332717022648e+00
9.150000000000000000e+01,1.909306219284901296e+00
9.151000000000000512e+01,1.991382588153266298e+00
9.152000000000001023e+01,2.135388344587466403e+00
9.153000000000000114e+01,2.250066864384255183e+00
9.154000000000000625e+01,2.252570894533621804e+00
9.155000000000001137e+01,2.104399257864342676e+00
9.156000000000000227e+01,1.942099023994399376e+00
9.157000000000000739e+01,1.953608304369123250e+00
9.157999999999999829e+01,2.056418817386186593e+00
9.159000000000000341e+01,2.152937610800646606e+00
9.160000000000000853e+01,2.245139215950762157e+00
9.160999999999999943e+01,2.337802148193895757e+00
9.162000000000000455e+01,2.442639257872516456e+00
9.163000000000000966e+01,2.525986188046165370e+00
9.164000000000000057e+01,2.474675852652220787e+00
9.165000000000000568e+01,2.310201094277291922e+00
9.166000000000001080e+01,2.088785979582397978e+00
9.167000000000000171e+01,1.904165180597523044e+00
9.168000000000000682e+01,1.921355691302367497e+00
9.168999999999999773e+01,2.039844491940500326e+00
9.170000000000000284e+01,2.128622603751074038e+00
9.171000000000000796e+01,2.299995240190726431e+00
9.171999999999999886e+01,2.481063226219760054e+00
9.173000000000000398e+01,2.598388075576857137e+00
9.174000000000000909e+01,2.719952389969353845e+00
9.175000000000000000e+01,2.829482519825842424e+00
9.176000000000000512e+01,2.790475424385599812e+00
9.177000000000001023e+01,2.676940772038112204e+00
9.178000000000000114e+01,2.602004693097227150e+00
9.179000000000000625e+01,2.521408433197604992e+00
9.180000000000001137e+01,2.367491637408673633e+00
9.181000000000000227e+01,2.150250565259778757e+00
9.182000000000000739e+01,1.957610871904832850e+00
9.182999999999999829e+01,1.925662304273518810e+00
9.184000000000000341e+01,1.956809157020685364e+00
9.185000000000000853e+01,1.839951518654771467e+00
9.185999999999999943e+01,1.838482161702963191e+00
9.187000000000000455e+01,2.069998921376530188e+00
9.188000000000000966e+01,2.294837414219141891e+00
9.189000000000000057e+01,2.395472123444561507e+00
9.190000000000000568e+01,2.368524423285518932e+00
9.191000000000001080e+01,2.214361033029617953e+00
9.192000000000000171e+01,1.961631749666588043e+00
9.193000000000000682e+01,1.791626270124436537e+00
9.193999999999999773e+01,1.932862832303420264e+00
9.195000000000000284e+01,2.040324495858441889e+00
9.196000000000000796e+01,1.984346094107577896e+00
9.196999999999999886e+01,1.972053663696807346e+00
9.198000000000000398e+01,2.024210060789146226e+00
9.199000000000000909e+01,2.095586299940901842e+00
9.200000000000000000e+01,2.141758352055619596e+00
9.201000000000000512e+01,2.132528699126931659e+00
9.202000000000001023e+01,1.984438438374947600e+00
9.203000000000000114e+01,1.776001678152360874e+00
9.204000000000000625e+01,1.848136683392221036e+00
9.205000000000001137e+01,2.047122804670009621e+00
9.206000000000000227e+01,2.029686255877986678e+00
9.207000000000000739e+01,1.922648088028592106e+00
9.207999999999999829e+01,1.910434388431070607e+00
9.209000000000000341e+01,1.992410554981075332e+00
9.210000000000000853e+01,2.051107399260213349e+00
9.210999999999999943e+01,1.956865583145658949e+00
9.212000000000000455e+01,1.848861044345951221e+00
9.213000000000000966e+01,1.926626872022707548e+00
9.214000000000000057e+01,2.124548252240932467e+00
9.215000000000000568e+01,2.296099656896450458e+00
9.216000000000001080e+01,2.316409865632591547e+00
9.217000000000000171e+01,2.168800520495142603e+00
9.218000000000000682e+01,1.973206724420935032e+00
9.218999999999999773e+01,1.896076071285116349e+00
9.220000000000000284e+01,1.991261601899660061e+00
9.221000000000000796e+01,2.133721430013767684e+00
9.221999999999999886e+01,2.149938725219861624e+00
9.223000000000000398e+01,2.003687797961548611e+00
9.224000000000000909e+01,1.860880474640968840e+00
9.225000000000000000e+01,1.898994099648547706e+00
9.226000000000000512e+01,2.006369801058618396e+00
9.227000000000001023e+01,1.945894382051605032e+00
9.228000000000000114e+01,1.806934548897662474e+00
9.229000000000000625e+01,1.864157314096640983e+00
9.230000000000001137e+01,2.035077548031031913e+00
9.231000000000000227e+01,2.117422599411841411e+00
9.232000000000000739e+01,2.054620114473719283e+00
9.232999999999999829e+01,1.896880178740872447e+00
9.234000000000000341e+01,1.798849028378979087e+00
9.235000000000000853e+01,1.893750172462038694e+00
9.235999999999999943e+01,2.006373941442620712e+00
9.237000000000000455e+01,1.953775708851966497e+00
9.238000000000000966e+01,1.868470583043789102e+00
9.239000000000000057e+01,1.914017696522160250e+00
9.240000000000000568e+01,2.057455532180465507e+00
9.241000000000001080e+01,2.127066860209146260e+00
9.242000000000000171e+01,1.996508240528949374e+00
9.243000000000000682e+01,1.825693959704090874e+00
9.243999999999999773e+01,1.873391997981201929e+00
9.245000000000000284e+01,2.052257366413870798e+00
9.246000000000000796e+01,2.136758356389416580e+00
9.246999999999999886e+01,2.109497851859536866e+00
9.248000000000000398e+01,2.031598054660418651e+00
9.249000000000000909e+01,1.944961579929022744e+00
9.250000000000000000e+01,1.955217717391083854e+00
9.251000000000000512e+01,2.070495447761234953e+00
9.252000000000001023e+01,2.096060044106562437e+00
9.253000000000000114e+01,1.967798547234955064e+00
9.254000000000000625e+01,1.880622792933235310e+00
9.255000000000001137e+01,1.939513240429154406e+00
9.256000000000000227e+01,2.064102943702179171e+00
9.257000000000000739e+01,2.124557926840311417e+00
9.257999999999999829e+01,2.096059497294864293e+00
9.259000000000000341e+01,2.031792840744351292e+00
9.260000000000000853e+01,1.986013328177834492e+00
9.260999999999999943e+01,1.993754133538034434e+00
9.262000000000000455e+01,1.983789915288410644e+00
9.263000000000000966e+01,1.913753894966644609e+00
9.264000000000000057e+01,1.933638648998307286e+00
9.265000000000000568e+01,2.087201248370649687e+00
9.266000000000001080e+01,2.253919552734746201e+00
9.267000000000000171e+01,2.371532960702845028e+00
9.268000000000000682e+01,2.400288047401811564e+00
9.268999999999999773e+01,2.293796031058559226e+00
9.270000000000000284e+01,2.075655525972457394e+00
9.271000000000000796e+01,1.891195751502209088e+00
9.271999999999999886e+01,1.879691074644979754e+00
9.273000000000000398e+01,1.971307917221457817e+00
9.274000000000000909e+01,1.946686654343733336e+00
9.275000000000000000e+01,1.909122244619238851e+00
9.276000000000000512e+01,1.966080158716830395e+00
9.277000000000001023e+01,2.060379671128599544e+00
9.278000000000000114e+01,2.153190592794793634e+00
9.279000000000000625e+01,2.190528264140866543e+00
9.280000000000001137e+01,2.057357459849891601e+00
9.281000000000000227e+01,1.845024423822079429e+00
9.282000000000000739e+01,1.851953772911192120e+00
9.282999999999999829e+01,2.019756048388021696e+00
9.284000000000000341e+01,2.078298669705583634e+00
9.285000000000000853e+01,2.054738002763369931e+00
9.285999999999999943e+01,2.046725004342302867e+00
9.287000000000000455e+01,2.010159286026856229e+00
9.288000000000000966e+01,1.991644704685049838e+00
9.289000000000000057e+01,2.008000707071589286e+00
9.290000000000000568e+01,1.882936418071518903e+00
9.291000000000001080e+01,1.771824072305148823e+00
9.292000000000000171e+01,1.962483052512810078e+00
9.293000000000000682e+01,2.189909768460791994e+00
9.293999999999999773e+01,2.259311276119340572e+00
9.295000000000000284e+01,2.197044961055644396e+00
9.296000000000000796e+01,2.058122141516387504e+00
9.296999999999999886e+01,1.903593091603350107e+00
9.298000000000000398e+01,1.879636143353282440e+00
9.299000000000000909e+01,1.967823069206172448e+00
9.300000000000000000e+01,1.937931539348075161e+00
9.301000000000000512e+01,1.885018250574780341e+00
9.302000000000001023e+01,1.963631016764606718e+00
9.303000000000000114e+01,2.099183200223362356e+00
9.304000000000000625e+01,2.184367590516761215e+00
9.305000000000001137e+01,2.202366909236513681e+00
9.306000000000000227e+01,2.106299987584865363e+00
9.307000000000000739e+01,1.896995671739922562e+00
9.307999999999999829e+01,1.777011000894479720e+00
9.309000000000000341e+01,1.896747927111033238e+00
9.310000000000000853e+01,1.913934846148113822e+00
9.310999999999999943e+01,1.878446612869260735e+00
9.312000000000000455e+01,1.980468570919518445e+00
9.313000000000000966e+01,2.109289193946623620e+00
9.314000000000000057e+01,2.136460239648750647e+00
9.315000000000000568e+01,2.078251138168821122e+00
9.316000000000001080e+01,1.971643808424838884e+00
9.317000000000000171e+01,1.889444491801756776e+00
9.318000000000000682e+01,1.924410295675014648e+00
9.318999999999999773e+01,1.983648918155630270e+00
9.320000000000000284e+01,1.930726580331870279e+00
9.321000000000000796e+01,1.926294479408587224e+00
9.321999999999999886e+01,2.011901976364654399e+00
9.323000000000000398e+01,2.067636101469501053e+00
9.324000000000000909e+01,2.015711880056274996e+00
9.325000000000000000e+01,1.888912393548203728e+00
9.326000000000000512e+01,1.819271348424967405e+00
9.327000000000001023e+01,1.903827789717337904e+00
9.328000000000000114e+01,2.007416413652134857e+00
9.329000000000000625e+01,2.053884529373548151e+00
9.330000000000001137e+01,2.051718740422282750e+00
9.331000000000000227e+01,2.016351921168524353e+00
9.332000000000000739e+01,1.958898247485048927e+00
9.332999999999999829e+01,1.963731892723647787e+00
9.334000000000000341e+01,1.989703273857688748e+00
9.335000000000000853e+01,1.952921024772890757e+00
9.335999999999999943e+01,1.946911713894598162e+00
9.337000000000000455e+01,2.022385666385123404e+00
9.338000000000000966e+01,2.077793385782138902e+00
9.339000000000000057e+01,2.074077576755507746e+00
9.340000000000000568e+01,2.053520721224892487e+00
9.341000000000001080e+01,2.009675122998740182e+00
9.342000000000000171e+01,1.926460496091212615e+00
9.343000000000000682e+01,1.923671761112066392e+00
9.343999999999999773e+01,1.999973512449602309e+00
9.345000000000000284e+01,2.027741536784211984e+00
9.346000000000000796e+01,2.018346143777126844e+00
9.346999999999999886e+01,2.012042096130196800e+00
9.348000000000000398e+01,1.981708607868473138e+00
9.349000000000000909e+01,1.945589966899501144e+00
9.350000000000000000e+01,1.945204955088280396e+00
9.351000000000000512e+01,1.966493937900648747e+00
9.352000000000001023e+01,1.934779796979490651e+00
9.353000000000000114e+01,1.942538578896182866e+00
9.354000000000000625e+01,2.040483369523014900e+00
9.355000000000001137e+01,2.150774207860973952e+00
9.356000000000000227e+01,2.178087720042514164e+00
9.357000000000000739e+01,2.136571311002748441e+00
9.357999999999999829e+01,2.050543553499901250e+00
9.359000000000000341e+01,1.939006307081026614e+00
9.360000000000000853e+01,1.913134523863912806e+00
9.360999999999999943e+01,2.013823678527987937e+00
9.362000000000000455e+01,2.047301182947931508e+00
9.363000000000000966e+01,1.992724273074426788e+00
9.364000000000000057e+01,1.995225558201377813e+00
9.365000000000000568e+01,2.039935242231968093e+00
9.366000000000001080e+01,2.089920847735626364e+00
9.367000000000000171e+01,2.119374813288107173e+00
9.368000000000000682e+01,2.053114958739524099e+00
9.368999999999999773e+01,1.937392208020874973e+00
9.370000000000000284e+01,1.933814004499915695e+00
9.371000000000000796e+01,2.057441508524604501e+00
9.371999999999999886e+01,2.202200256152923252e+00
9.373000000000000398e+01,2.247440927744265071e+00
9.374000000000000909e+01,2.194449445692472800e+00
9.375000000000000000e+01,2.127041876738678727e+00
9.376000000000000512e+01,2.058714781726696863e+00
9.377000000000001023e+01,2.007186978958363177e+00
9.378000000000000114e+01,2.047113561407865490e+00
9.379000000000000625e+01,2.053543347241542971e+00
9.380000000000001137e+01,1.904406852959733110e+00
9.381000000000000227e+01,1.870225876117642017e+00
9.382000000000000739e+01,1.995021347379520860e+00
9.382999999999999829e+01,2.140521402042034449e+00
9.384000000000000341e+01,2.149698922198176376e+00
9.385000000000000853e+01,2.024976517987306934e+00
9.385999999999999943e+01,1.905604115890810357e+00
9.387000000000000455e+01,1.953732029859776675e+00
9.388000000000000966e+01,2.081089039829867371e+00
9.389000000000000057e+01,2.086682590261394132e+00
9.390000000000000568e+01,1.979387225380623061e+00
9.391000000000001080e+01,1.898083519289918364e+00
9.392000000000000171e+01,1.895754673210645169e+00
9.393000000000000682e+01,1.978031876032334990e+00
9.393999999999999773e+01,2.048486861368654210e+00
9.395000000000000284e+01,1.949415727237265417e+00
9.396000000000000796e+01,1.815835446426795174e+00
9.396999999999999886e+01,1.886751152060069714e+00
9.398000000000000398e+01,2.067661385527136630e+00
9.399000000000000909e+01,2.174775963105166188e+00
9.400000000000000000e+01,2.138321693384790834e+00
9.401000000000000512e+01,1.992545392832996587e+00
9.402000000000001023e+01,1.853729115863479882e+00
9.403000000000000114e+01,1.842770669725345867e+00
9.404000000000000625e+01,1.962253530128052370e+00
9.405000000000001137e+01,2.072926205464150406e+00
9.406000000000000227e+01,2.087287486116849777e+00
9.407000000000000739e+01,2.030048698282876263e+00
9.407999999999999829e+01,1.926906010006715908e+00
9.409000000000000341e+01,1.853797707140668383e+00
9.410000000000000853e+01,1.905858568231127759e+00
9.410999999999999943e+01,2.014816135531975139e+00
9.412000000000000455e+01,2.026444894044740153e+00
9.413000000000000966e+01,1.941410978772912577e+00
9.414000000000000057e+01,1.869162706374166483e+00
9.415000000000000568e+01,1.882144798175740874e+00
9.416000000000001080e+01,1.971609865059515965e+00
9.417000000000000171e+01,2.084794121777975739e+00
9.418000000000000682e+01,2.108485409245224318e+00
9.418999999999999773e+01,1.980773514185809825e+00
9.420000000000000284e+01,1.847158941401632726e+00
9.421000000000000796e+01,1.884846965246780970e+00
9.421999999999999886e+01,2.048625196882045696e+00
9.423000000000000398e+01,2.174769935073593174e+00
9.424000000000000909e+01,2.166326005314066716e+00
9.425000000000000000e+01,2.028813655612559774e+00
9.426000000000000512e+01,1.905783946962509301e+00
9.427000000000001023e+01,1.914467053072473890e+00
9.428000000000000114e+01,2.027669490967400900e+00
9.429000000000000625e+01,2.132411012656800331e+00
9.430000000000001137e+01,2.136218181296095864e+00
9.431000000000000227e+01,2.027000421114904416e+00
9.432000000000000739e+01,1.895045731189620275e+00
9.432999999999999829e+01,1.878751204417445031e+00
9.434000000000000341e+01,1.989973545376922059e+00
9.435000000000000853e+01,2.105892059009672579e+00
9.435999999999999943e+01,2.139722305744368835e+00
9.437000000000000455e+01,2.106639898155353574e+00
9.438000000000000966e+01,2.046901010137031740e+00
9.439000000000000057e+01,1.988653854746974758e+00
9.440000000000000568e+01,1.945176570622831447e+00
9.441000000000001080e+01,1.922931118059094446e+00
9.442000000000000171e+01,1.929428169199361109e+00
9.443000000000000682e+01,1.961624918505064930e+00
9.443999999999999773e+01,1.983228395571220659e+00
9.445000000000000284e+01,1.975329479175563341e+00
9.446000000000000796e+01,1.959013503705372417e+00
9.446999999999999886e+01,1.949365496411588738e+00
9.448000000000000398e+01,1.940366930660281319e+00
9.449000000000000909e+01,1.954312438199174329e+00
9.450000000000000000e+01,2.011176135200494652e+00
9.451000000000000512e+01,2.079514224909269071e+00
9.452000000000001023e+01,2.094621781826016882e+00
9.453000000000000114e+01,2.041032888441536741e+00
9.454000000000000625e+01,1.963733523495487354e+00
9.455000000000001137e+01,1.929655582740090525e+00
9.456000000000000227e+01,1.952736850294990667e+00
9.457000000000000739e+01,1.958136614871394343e+00
9.457999999999999829e+01,1.955116397813695617e+00
9.459000000000000341e+01,1.984273391269458786e+00
9.460000000000000853e+01,2.008295831619435479e+00
9.460999999999999943e+01,2.018553017510315239e+00
9.462000000000000455e+01,2.048488184247104105e+00
9.463000000000000966e+01,2.031633981798887323e+00
9.464000000000000057e+01,1.931855612228822183e+00
9.465000000000000568e+01,1.899075925022484013e+00
9.466000000000001080e+01,1.991469108974577740e+00
9.467000000000000171e+01,2.065533754868217997e+00
9.468000000000000682e+01,2.041663596800413316e+00
9.468999999999999773e+01,1.999522903919831673e+00
9.470000000000000284e+01,1.973929445851599018e+00
9.471000000000000796e+01,1.957634191875488927e+00
9.471999999999999886e+01,1.995707507752575438e+00
9.473000000000000398e+01,2.046699239995950048e+00
9.474000000000000909e+01,1.980235919101559938e+00
9.475000000000000000e+01,1.862284342762941636e+00
9.476000000000000512e+01,1.883203041124350330e+00
9.477000000000001023e+01,1.956446241581914158e+00
9.478000000000000114e+01,1.945716379460274759e+00
9.479000000000000625e+01,1.928107764752789777e+00
9.480000000000001137e+01,1.961810634337575854e+00
9.481000000000000227e+01,1.990142628858544871e+00
9.482000000000000739e+01,2.016641999091560056e+00
9.482999999999999829e+01,2.030250835192538350e+00
9.484000000000000341e+01,1.982751693430117257e+00
9.485000000000000853e+01,1.917046679191719782e+00
9.485999999999999943e+01,1.944141195078176176e+00
9.487000000000000455e+01,2.012857921861351151e+00
9.488000000000000966e+01,2.017217870657505685e+00
9.489000000000000057e+01,1.996722998715645403e+00
9.490000000000000568e+01,2.012757374846754210e+00
9.491000000000001080e+01,2.030317336895885560e+00
9.492000000000000171e+01,2.029139367441281205e+00
9.493000000000000682e+01,2.026929099031340886e+00
9.493999999999999773e+01,1.983098878018944466e+00
9.495000000000000284e+01,1.922946059045858247e+00
9.496000000000000796e+01,1.938992974922807200e+00
9.496999999999999886e+01,1.993536067744950291e+00
9.498000000000000398e+01,1.968766203412685600e+00
9.499000000000000909e+01,1.902112016417539575e+00
9.500000000000000000e+01,1.918460763789554768e+00
9.501000000000000512e+01,1.991422873851758313e+00
9.502000000000001023e+01,2.003251821239656394e+00
9.503000000000000114e+01,1.961461777986000188e+00
9.504000000000000625e+01,1.946179562630334425e+00
9.505000000000001137e+01,1.969093870210356423e+00
9.506000000000000227e+01,1.998567790819214540e+00
9.507000000000000739e+01,2.053209476234707509e+00
9.507999999999999829e+01,2.092954819388129550e+00
9.509000000000000341e+01,2.083040682511986486e+00
9.510000000000000853e+01,2.075708407845378467e+00
9.510999999999999943e+01,2.086413536238682198e+00
9.512000000000000455e+01,2.055952278750652784e+00
9.513000000000000966e+01,2.019581954613379082e+00
9.514000000000000057e+01,2.008284651736401916e+00
9.515000000000000568e+01,1.958246673123690273e+00
9.516000000000001080e+01,1.888078276608255335e+00
9.517000000000000171e+01,1.921323875352617172e+00
9.518000000000000682e+01,2.017127892127814626e+00
9.518999999999999773e+01,2.057416737489027980e+00
9.520000000000000284e+01,2.000867259290331379e+00
9.521000000000000796e+01,1.922740549320163028e+00
9.521999999999999886e+01,1.924414433067887620e+00
9.523000000000000398e+01,2.009869225322880926e+00
9.524000000000000909e+01,2.106645894995169410e+00
9.525000000000000000e+01,2.175304819306941084e+00
9.526000000000000512e+01,2.191968454084136653e+00
9.527000000000001023e+01,2.167030034978749686e+00
9.528000000000000114e+01,2.116478640974202463e+00
9.529000000000000625e+01,2.044646034843195626e+00
9.530000000000001137e+01,1.978332890643027531e+00
9.531000000000000227e+01,2.009413532849822381e+00
9.532000000000000739e+01,2.131710835502788282e+00
9.532999999999999829e+01,2.148729913623394161e+00
9.534000000000000341e+01,1.933298245641370983e+00
9.535000000000000853e+01,1.780053331167354758e+00
9.535999999999999943e+01,1.929825787914546842e+00
9.537000000000000455e+01,2.102891377912801119e+00
9.538000000000000966e+01,2.104658648261043208e+00
9.539000000000000057e+01,1.995857460967591201e+00
9.540000000000000568e+01,1.916806632005430000e+00
9.541000000000001080e+01,1.936826731357246700e+00
9.542000000000000171e+01,1.966633406128351913e+00
9.543000000000000682e+01,1.988899298833402662e+00
9.543999999999999773e+01,2.044847122525299099e+00
9.545000000000000284e+01,2.101479647200990897e+00
9.546000000000000796e+01,2.131274834834775422e+00
9.546999999999999886e+01,2.130693165662291833e+00
9.548000000000000398e+01,2.057548001870187271e+00
9.549000000000000909e+01,1.951547603467565173e+00
9.550000000000000000e+01,1.962523393108983827e+00
9.551000000000000512e+01,2.131226469524063027e+00
9.552000000000001023e+01,2.242073646805563314e+00
9.553000000000000114e+01,2.145382769414353241e+00
9.554000000000000625e+01,1.963289800360608961e+00
9.555000000000001137e+01,1.937096829226666150e+00
9.556000000000000227e+01,2.098686960768566756e+00
9.557000000000000739e+01,2.262431988038535735e+00
9.557999999999999829e+01,2.324174270531364606e+00
9.559000000000000341e+01,2.269981490188851758e+00
9.560000000000000853e+01,2.159632709096618086e+00
9.560999999999999943e+01,2.075176211722753905e+00
9.562000000000000455e+01,2.079911741709247863e+00
9.563000000000000966e+01,2.149887131223405135e+00
9.564000000000000057e+01,2.234181673767824172e+00
9.565000000000000568e+01,2.284887148832519088e+00
9.566000000000001080e+01,2.297245358880936283e+00
9.567000000000000171e+01,2.310256626372923172e+00
9.568000000000000682e+01,2.338030863803983728e+00
9.568999999999999773e+01,2.352793853188162476e+00
9.570000000000000284e+01,2.325683849301105166e+00
9.571000000000000796e+01,2.259034154456280863e+00
9.571999999999999886e+01,2.150516632276998852e+00
9.573000000000000398e+01,2.011057973629800877e+00
9.574000000000000909e+01,1.946138674324107587e+00
9.575000000000000000e+01,2.010553438036402962e+00
9.576000000000000512e+01,2.100987576831428782e+00
9.577000000000001023e+01,2.150175703355424961e+00
9.578000000000000114e+01,2.195692970339887751e+00
9.579000000000000625e+01,2.247924416700881167e+00
9.580000000000001137e+01,2.264484900744537565e+00
9.581000000000000227e+01,2.192229895540155571e+00
9.582000000000000739e+01,2.071506527843926193e+00
9.582999999999999829e+01,1.999738867877504322e+00
9.584000000000000341e+01,2.037400833905788300e+00
9.585000000000000853e+01,2.160518024386743452e+00
9.585999999999999943e+01,2.292182209380397406e+00
9.587000000000000455e+01,2.327005638261324449e+00
9.588000000000000966e+01,2.243591016317367792e+00
9.589000000000000057e+01,2.102811078199846140e+00
9.590000000000000568e+01,1.966567153035970072e+00
9.591000000000001080e+01,1.903246054507929497e+00
9.592000000000000171e+01,1.927495722537406975e+00
9.593000000000000682e+01,1.977244937482455001e+00
9.593999999999999773e+01,1.990759508956318591e+00
9.595000000000000284e+01,1.963001874680715186e+00
9.596000000000000796e+01,1.950842669463634937e+00
9.596999999999999886e+01,2.021489879395887090e+00
9.598000000000000398e+01,2.125501723758416173e+00
9.599000000000000909e+01,2.178806259170374293e+00
9.600000000000000000e+01,2.128301288281336578e+00
9.601000000000000512e+01,1.997593216773625002e+00
9.602000000000001023e+01,1.895561330318805693e+00
9.603000000000000114e+01,1.929448072118034263e+00
9.604000000000000625e+01,2.092646927816538494e+00
9.605000000000001137e+01,2.255389245363203177e+00
9.606000000000000227e+01,2.327612319223284931e+00
9.607000000000000739e+01,2.302717240066613158e+00
9.607999999999999829e+01,2.188459957458668725e+00
9.609000000000000341e+01,2.038631017619421559e+00
9.610000000000000853e+01,1.930017210415492235e+00
9.610999999999999943e+01,1.925879495529249752e+00
9.612000000000000455e+01,2.077634455239900202e+00
9.613000000000000966e+01,2.348747874953802217e+00
9.614000000000000057e+01,2.604876871370314984e+00
9.615000000000000568e+01,2.774657091173609480e+00
9.616000000000001080e+01,2.871334697749463150e+00
9.617000000000000171e+01,2.858392655479649491e+00
9.618000000000000682e+01,2.722236436700530948e+00
9.618999999999999773e+01,2.501920838036248096e+00
9.620000000000000284e+01,2.277385833713733376e+00
9.621000000000000796e+01,2.106306875077797791e+00
9.621999999999999886e+01,2.088078302219531057e+00
9.623000000000000398e+01,2.193528436674573534e+00
9.624000000000000909e+01,2.277388283977943129e+00
9.625000000000000000e+01,2.265117177653289016e+00
9.626000000000000512e+01,2.202339995777219617e+00
9.627000000000001023e+01,2.122886752796766530e+00
9.628000000000000114e+01,2.032075250919610721e+00
9.629000000000000625e+01,1.958009772907172819e+00
9.630000000000001137e+01,1.993272396362323118e+00
9.631000000000000227e+01,2.138865637318061452e+00
9.632000000000000739e+01,2.267928559192286642e+00
9.632999999999999829e+01,2.283310845263955446e+00
9.634000000000000341e+01,2.237728018437450395e+00
9.635000000000000853e+01,2.222322050108850089e+00
9.635999999999999943e+01,2.256275223039069466e+00
9.637000000000000455e+01,2.326436948060273124e+00
9.638000000000000966e+01,2.424701080648911322e+00
9.639000000000000057e+01,2.523906106197296939e+00
9.640000000000000568e+01,2.528327786205736505e+00
9.641000000000001080e+01,2.397967933334389290e+00
9.642000000000000171e+01,2.194340546337327780e+00
9.643000000000000682e+01,2.026710817284992139e+00
9.643999999999999773e+01,1.989275469611988756e+00
9.645000000000000284e+01,2.072895987501544468e+00
9.646000000000000796e+01,2.202779128941437570e+00
9.646999999999999886e+01,2.285072214132410906e+00
9.648000000000000398e+01,2.228094331598193811e+00
9.649000000000000909e+01,2.055164311314304548e+00
9.650000000000000000e+01,1.904176351943275503e+00
9.651000000000000512e+01,1.934052310383563400e+00
9.652000000000001023e+01,2.108101539323948170e+00
9.653000000000000114e+01,2.145085210941514386e+00
9.654000000000000625e+01,1.978877199373421991e+00
9.655000000000001137e+01,1.878252366669612927e+00
9.656000000000000227e+01,1.974659609780885727e+00
9.657000000000000739e+01,2.122195614098756344e+00
9.657999999999999829e+01,2.185973390986267972e+00
9.659000000000000341e+01,2.122738334745948308e+00
9.660000000000000853e+01,1.967740873692468639e+00
9.660999999999999943e+01,1.849080306125182815e+00
9.662000000000000455e+01,1.888548240024596980e+00
9.663000000000000966e+01,1.998660905731634241e+00
9.664000000000000057e+01,2.044537522375168948e+00
9.665000000000000568e+01,2.007805141964726481e+00
9.666000000000001080e+01,1.955327734882312596e+00
9.667000000000000171e+01,1.978781727225113807e+00
9.668000000000000682e+01,2.068014296493136062e+00
9.668999999999999773e+01,2.111630277297614544e+00
9.670000000000000284e+01,2.126380889422212039e+00
9.671000000000000796e+01,2.154383853100464208e+00
9.671999999999999886e+01,2.096693733405048388e+00
9.673000000000000398e+01,1.976755842890062009e+00
9.674000000000000909e+01,1.979502424373357883e+00
9.675000000000000000e+01,2.116450872782073667e+00
9.676000000000000512e+01,2.173562619019751452e+00
9.677000000000001023e+01,2.152931645408186156e+00
9.678000000000000114e+01,2.131520254395908864e+00
9.679000000000000625e+01,2.071243739037006204e+00
9.680000000000001137e+01,1.983433357337724745e+00
9.681000000000000227e+01,1.994354518258978359e+00
9.682000000000000739e+01,2.065008637221645849e+00
9.682999999999999829e+01,2.032254494889850882e+00
9.684000000000000341e+01,1.953201004018787268e+00
9.685000000000000853e+01,1.961909287021191828e+00
9.685999999999999943e+01,1.991338592630595095e+00
9.687000000000000455e+01,1.969844339789314391e+00
9.688000000000000966e+01,1.988444597568663097e+00
9.689000000000000057e+01,2.023065727577826323e+00
9.690000000000000568e+01,1.945748510213999971e+00
9.691000000000001080e+01,1.858147305409342698e+00
9.692000000000000171e+01,1.917274568886783381e+00
9.693000000000000682e+01,2.026348329137910298e+00
9.693999999999999773e+01,2.022274109536094322e+00
9.695000000000000284e+01,1.904431634635384452e+00
9.696000000000000796e+01,1.823308650695213640e+00
9.696999999999999886e+01,1.874340706195114503e+00
9.698000000000000398e+01,1.939349082707906735e+00
9.699000000000000909e+01,1.918660675210705380e+00
9.700000000000000000e+01,1.865115417501018280e+00
9.701000000000000512e+01,1.842789746281436214e+00
9.702000000000001023e+01,1.834526149391171534e+00
9.703000000000000114e+01,1.840248361526236831e+00
9.704000000000000625e+01,1.882734246488335872e+00
9.705000000000001137e+01,1.903305659241310233e+00
9.706000000000000227e+01,1.852061166511516532e+00
9.707000000000000739e+01,1.825350317747254092e+00
9.707999999999999829e+01,1.910955336919207159e+00
9.709000000000000341e+01,1.975821617074780656e+00
9.710000000000000853e+01,1.887262769727628298e+00
9.710999999999999943e+01,1.791305307227106569e+00
9.712000000000000455e+01,1.869500374565354228e+00
9.713000000000000966e+01,2.018701124411436343e+00
9.714000000000000057e+01,2.052325639780392841e+00
9.715000000000000568e+01,1.962026254156655991e+00
9.716000000000001080e+01,1.875831656012873383e+00
9.717000000000000171e+01,1.889986166748318208e+00
9.718000000000000682e+01,1.956966510112015278e+00
9.718999999999999773e+01,2.062246081072769854e+00
9.720000000000000284e+01,2.147786251003577451e+00
9.721000000000000796e+01,2.096767950107974787e+00
9.721999999999999886e+01,1.938395299545477179e+00
9.723000000000000398e+01,1.898172005904628090e+00
9.724000000000000909e+01,2.038525023098808564e+00
9.725000000000000000e+01,2.144838520844867702e+00
9.726000000000000512e+01,2.121458647346207815e+00
9.727000000000001023e+01,2.067807500349100991e+00
9.728000000000000114e+01,2.013415996385247819e+00
9.729000000000000625e+01,1.952426359430746716e+00
9.730000000000001137e+01,1.968352450350291383e+00
9.731000000000000227e+01,2.052776591643620474e+00
9.732000000000000739e+01,2.073786128919759442e+00
9.732999999999999829e+01,2.040227267487619844e+00
9.734000000000000341e+01,2.030984897383533383e+00
9.735000000000000853e+01,2.016029455141962856e+00
9.735999999999999943e+01,1.984714310423542516e+00
9.737000000000000455e+01,1.963499112121012136e+00
9.738000000000000966e+01,1.921648106834339842e+00
9.739000000000000057e+01,1.890329317870302228e+00
9.740000000000000568e+01,1.980012901094333921e+00
9.741000000000001080e+01,1.970972172406297851e+00
9.742000000000000171e+01,1.928221108301638287e+00
9.743000000000000682e+01,2.041503640163298439e+00
9.743999999999999773e+01,2.162901962179515802e+00
9.745000000000000284e+01,2.166471683452151353e+00
9.746000000000000796e+01,2.098645889067519477e+00
9.746999999999999886e+01,2.051842103184355004e+00
9.748000000000000398e+01,2.016324771657580950e+00
9.749000000000000909e+01,1.963073393890304441e+00
9.750000000000000000e+01,1.937917274962996261e+00
9.751000000000000512e+01,1.943909349583977209e+00
9.752000000000001023e+01,1.953584412330318543e+00
9.753000000000000114e+01,1.942239699779610973e+00
9.754000000000000625e+01,1.892317114280796186e+00
9.755000000000001137e+01,1.883524975172880644e+00
9.756000000000000227e+01,2.013366275097504765e+00
9.757000000000000739e+01,2.101245440899276673e+00
9.757999999999999829e+01,2.033859263026820852e+00
9.759000000000000341e+01,1.970835609582899828e+00
9.760000000000000853e+01,2.007923500161298502e+00
9.760999999999999943e+01,2.088675871551159524e+00
9.762000000000000455e+01,2.180145161543147303e+00
9.763000000000000966e+01,2.231488179421975637e+00
9.764000000000000057e+01,2.169402425945910373e+00
9.765000000000000568e+01,2.051547001655093183e+00
9.766000000000001080e+01,1.987589825794045417e+00
9.767000000000000171e+01,1.999863128441543347e+00
9.768000000000000682e+01,2.027275562546938303e+00
9.768999999999999773e+01,2.064376411146958024e+00
9.770000000000000284e+01,2.098329265630158869e+00
9.771000000000000796e+01,2.049858255587443612e+00
9.771999999999999886e+01,1.947087308186256749e+00
9.773000000000000398e+01,1.935425486062431588e+00
9.774000000000000909e+01,2.016002620732422201e+00
9.775000000000000000e+01,2.078489004060400713e+00
9.776000000000000512e+01,2.087550076764626450e+00
9.777000000000001023e+01,2.047948075538049473e+00
9.778000000000000114e+01,1.957474121540307532e+00
9.779000000000000625e+01,1.906679080836624962e+00
9.780000000000001137e+01,1.997928912098726473e+00
9.781000000000000227e+01,2.144687728435074270e+00
9.782000000000000739e+01,2.211392360143265012e+00
9.782999999999999829e+01,2.174462324920806378e+00
9.784000000000000341e+01,2.111144492496902281e+00
9.785000000000000853e+01,2.085818782756545531e+00
9.785999999999999943e+01,2.080865863937413351e+00
9.787000000000000455e+01,2.092799579630118423e+00
9.788000000000000966e+01,2.148971428241892578e+00
9.789000000000000057e+01,2.234186229748988950e+00
9.790000000000000568e+01,2.293567932327271741e+00
9.791000000000001080e+01,2.346729103752710710e+00
9.792000000000000171e+01,2.373991218370447687e+00
9.793000000000000682e+01,2.328081350296849372e+00
9.793999999999999773e+01,2.228048661160702881e+00
9.795000000000000284e+01,2.146330040441124520e+00
9.796000000000000796e+01,2.089892296004748573e+00
9.796999999999999886e+01,2.107143087120568303e+00
9.798000000000000398e+01,2.206730215341240697e+00
9.799000000000000909e+01,2.352122786335780980e+00
9.800000000000000000e+01,2.440555026648651982e+00
9.801000000000000512e+01,2.458291259676118834e+00
9.802000000000001023e+01,2.486013649540163239e+00
9.803000000000000114e+01,2.515330775663510821e+00
9.804000000000000625e+01,2.470465848296631961e+00
9.805000000000001137e+01,2.345774415688771874e+00
9.806000000000000227e+01,2.199550857379751978e+00
9.807000000000000739e+01,2.073001099107281586e+00
9.807999999999999829e+01,2.010844972468041281e+00
9.809000000000000341e+01,2.027802734981881905e+00
9.810000000000000853e+01,2.104260339810642311e+00
9.810999999999999943e+01,2.202855027231705343e+00
9.812000000000000455e+01,2.241898531356848689e+00
9.813000000000000966e+01,2.205331825644386345e+00
9.814000000000000057e+01,2.125422732846338203e+00
9.815000000000000568e+01,2.028576974433063285e+00
9.816000000000001080e+01,1.926890975042439003e+00
9.817000000000000171e+01,1.912219541919807808e+00
9.818000000000000682e+01,2.005557309702217683e+00
9.818999999999999773e+01,2.104947422264983103e+00
9.820000000000000284e+01,2.115214457897827138e+00
9.821000000000000796e+01,2.051480059396141975e+00
9.821999999999999886e+01,2.013057525482071952e+00
9.823000000000000398e+01,2.068597345159274070e+00
9.824000000000000909e+01,2.129201738633519803e+00
9.825000000000000000e+01,2.147567168705089902e+00
9.826000000000000512e+01,2.174849276639648554e+00
9.827000000000001023e+01,2.263750678166656982e+00
9.828000000000000114e+01,2.404218460227771637e+00
9.829000000000000625e+01,2.517939116122547283e+00
9.830000000000001137e+01,2.524872606291255206e+00
9.831000000000000227e+01,2.421026979320965999e+00
9.832000000000000739e+01,2.337084637021090039e+00
9.832999999999999829e+01,2.294908405601408408e+00
9.834000000000000341e+01,2.232235467530251150e+00
9.835000000000000853e+01,2.135220097343597079e+00
9.835999999999999943e+01,2.068184761403101035e+00
9.837000000000000455e+01,2.076660277585143266e+00
9.838000000000000966e+01,2.096087621164726134e+00
9.839000000000000057e+01,2.058201813525582846e+00
9.840000000000000568e+01,2.056521123645463245e+00
9.841000000000001080e+01,2.079358079552436678e+00
9.842000000000000171e+01,2.014979622055766306e+00
9.843000000000000682e+01,1.854261213907037797e+00
9.843999999999999773e+01,1.766519285968879416e+00
9.845000000000000284e+01,1.841986380079939645e+00
9.846000000000000796e+01,1.941338342716179000e+00
9.846999999999999886e+01,1.957043419676732343e+00
9.848000000000000398e+01,1.922062490711475391e+00
9.849000000000000909e+01,1.894581098712852629e+00
9.850000000000000000e+01,1.883811319984037391e+00
9.851000000000000512e+01,1.843168263208760704e+00
9.852000000000001023e+01,1.870922934276021632e+00
9.853000000000000114e+01,1.982149989279317737e+00
9.854000000000000625e+01,2.023826891559651120e+00
9.855000000000001137e+01,1.952471387370375400e+00
9.856000000000000227e+01,1.862366652864038130e+00
9.857000000000000739e+01,1.856486495964891237e+00
9.857999999999999829e+01,1.898801179718402787e+00
9.859000000000000341e+01,1.950889016346137206e+00
9.860000000000000853e+01,2.015586874634779591e+00
9.860999999999999943e+01,2.012611703657712248e+00
9.862000000000000455e+01,1.880777080065577422e+00
9.863000000000000966e+01,1.803243976726388142e+00
9.864000000000000057e+01,1.943166174494605825e+00
9.865000000000000568e+01,2.063154739349426503e+00
9.866000000000001080e+01,1.963714163161227377e+00
9.867000000000000171e+01,1.782937527368808173e+00
9.868000000000000682e+01,1.763586835344378212e+00
9.868999999999999773e+01,1.920740809297287965e+00
9.870000000000000284e+01,1.986224699826280471e+00
9.871000000000000796e+01,1.938570129193163627e+00
9.871999999999999886e+01,1.821732117409142759e+00
9.873000000000000398e+01,1.750519672125966153e+00
9.874000000000000909e+01,1.842777214016930509e+00
9.875000000000000000e+01,1.959965780441076388e+00
9.876000000000000512e+01,1.961745530031864471e+00
9.877000000000001023e+01,1.891079912166590882e+00
9.878000000000000114e+01,1.799828860753155402e+00
9.879000000000000625e+01,1.831524092142934546e+00
9.880000000000001137e+01,1.968368433220772928e+00
9.881000000000000227e+01,2.018997922732957306e+00
9.882000000000000739e+01,1.940121615904529140e+00
9.882999999999999829e+01,1.834978597422868507e+00
9.884000000000000341e+01,1.876776916551351926e+00
9.885000000000000853e+01,1.958721041419629660e+00
9.885999999999999943e+01,1.914459723472917263e+00
9.887000000000000455e+01,1.853818982560055506e+00
9.888000000000000966e+01,1.889941830057211059e+00
9.889000000000000057e+01,1.961293897915352691e+00
9.890000000000000568e+01,1.979658985002214822e+00
9.891000000000001080e+01,1.939980161754237820e+00
9.892000000000000171e+01,1.849406601507630032e+00
9.893000000000000682e+01,1.781764456963938592e+00
9.893999999999999773e+01,1.877150878645613474e+00
9.895000000000000284e+01,2.031511366766132198e+00
9.896000000000000796e+01,2.080921348369515034e+00
9.896999999999999886e+01,1.974131850231892749e+00
9.898000000000000398e+01,1.790930102628239595e+00
9.899000000000000909e+01,1.794113620287187905e+00
9.900000000000000000e+01,1.983327067833240864e+00
9.901000000000000512e+01,2.102032324489802040e+00
9.902000000000001023e+01,2.104344642899541373e+00
9.903000000000000114e+01,2.033262182429998344e+00
9.904000000000000625e+01,1.920168306060695107e+00
9.905000000000001137e+01,1.861374798583026458e+00
9.906000000000000227e+01,1.953056480186889488e+00
9.907000000000000739e+01,2.055165882477616002e+00
9.907999999999999829e+01,2.049904167760044249e+00
9.909000000000000341e+01,1.976190979662644231e+00
9.910000000000000853e+01,1.918445370136975914e+00
9.910999999999999943e+01,1.922222970833508571e+00
9.912000000000000455e+01,1.991282944887541317e+00
9.913000000000000966e+01,2.028471540298260489e+00
9.914000000000000057e+01,1.939222513302689688e+00
9.915000000000000568e+01,1.845417496286409387e+00
9.916000000000001080e+01,1.860772453471945198e+00
9.917000000000000171e+01,1.953638916611767362e+00
9.918000000000000682e+01,2.045640010021313238e+00
9.918999999999999773e+01,2.052665873443605182e+00
9.920000000000000284e+01,1.927156622617891557e+00
9.921000000000000796e+01,1.775907644698901500e+00
9.921999999999999886e+01,1.800379495134289742e+00
9.923000000000000398e+01,1.936990032834448705e+00
9.924000000000000909e+01,2.004845979470741835e+00
9.925000000000000000e+01,1.997104429217460675e+00
9.926000000000000512e+01,1.960806873355966040e+00
9.927000000000001023e+01,1.895765641238388532e+00
9.928000000000000114e+01,1.841497583815954187e+00
9.929000000000000625e+01,1.946483552768941028e+00
9.930000000000001137e+01,2.068344184051581269e+00
9.931000000000000227e+01,2.057883535698752819e+00
9.932000000000000739e+01,1.892266176413878842e+00
9.932999999999999829e+01,1.769857086801078561e+00
9.934000000000000341e+01,1.844341821843228812e+00
9.935000000000000853e+01,1.889357799279955730e+00
9.935999999999999943e+01,1.884770983010933376e+00
9.937000000000000455e+01,1.876219542431001530e+00
9.938000000000000966e+01,1.851922200876699787e+00
9.939000000000000057e+01,1.840080386559239667e+00
9.940000000000000568e+01,1.864720553568281369e+00
9.941000000000001080e+01,1.944116264964623975e+00
9.942000000000000171e+01,1.952484867777468436e+00
9.943000000000000682e+01,1.837231695921883734e+00
9.943999999999999773e+01,1.800213474008012904e+00
9.945000000000000284e+01,1.921410007000067921e+00
9.946000000000000796e+01,2.039441079364637588e+00
9.946999999999999886e+01,2.048641696954350166e+00
9.948000000000000398e+01,1.912506637635539741e+00
9.949000000000000909e+01,1.725040029013820142e+00
9.950000000000000000e+01,1.804987918214412845e+00
9.951000000000000512e+01,2.004583245589965923e+00
9.952000000000001023e+01,2.074847289151661389e+00
9.953000000000000114e+01,2.042665920825038395e+00
9.954000000000000625e+01,1.950973066959152291e+00
9.955000000000001137e+01,1.844859788412116952e+00
9.956000000000000227e+01,1.791347272473989616e+00
9.957000000000000739e+01,1.867405743939971385e+00
9.957999999999999829e+01,1.982266689045648844e+00
9.959000000000000341e+01,2.015678923266302380e+00
9.960000000000000853e+01,1.953057998217154534e+00
9.960999999999999943e+01,1.916383345001725136e+00
9.962000000000000455e+01,1.971675550692861822e+00
9.963000000000000966e+01,1.949453839232927921e+00
9.964000000000000057e+01,1.780670453228222039e+00
9.965000000000000568e+01,1.833352367686038376e+00
9.966000000000001080e+01,2.045291784611672714e+00
9.967000000000000171e+01,2.127469310542457137e+00
9.968000000000000682e+01,2.129832144771038660e+00
9.968999999999999773e+01,2.099816780412043560e+00
9.970000000000000284e+01,2.000085913379722413e+00
9.971000000000000796e+01,1.894246093674208931e+00
9.971999999999999886e+01,1.947481872701257055e+00
9.973000000000000398e+01,2.002970138294626778e+00
9.974000000000000909e+01,1.850611407076050430e+00
9.975000000000000000e+01,1.832745602641021598e+00
9.976000000000000512e+01,2.031660443627330448e+00
9.977000000000001023e+01,2.143680003172114379e+00
9.978000000000000114e+01,2.086330034989670512e+00
9.979000000000000625e+01,1.988029923844206071e+00
9.980000000000001137e+01,1.920557244759967253e+00
9.981000000000000227e+01,1.859159370683427293e+00
9.982000000000000739e+01,1.871383629029601758e+00
9.982999999999999829e+01,1.954818164663915558e+00
9.984000000000000341e+01,2.001738204186551240e+00
9.985000000000000853e+01,1.988512322717664649e+00
9.985999999999999943e+01,2.009272417020648849e+00
9.987000000000000455e+01,2.066778341864458302e+00
9.988000000000000966e+01,2.064098934159891208e+00
9.989000000000000057e+01,1.936397628097080270e+00
9.990000000000000568e+01,1.844114992753976168e+00
9.991000000000001080e+01,1.903553489161783352e+00
9.992000000000000171e+01,1.966192465146786583e+00
9.993000000000000682e+01,2.023184474559846180e+00
9.993999999999999773e+01,2.126939732150396001e+00
9.995000000000000284e+01,2.149233204005559283e+00
9.996000000000000796e+01,2.016759093223581711e+00
9.996999999999999886e+01,1.872231487423497320e+00
9.998000000000000398e+01,1.888993524181593830e+00
9.999000000000000909e+01,1.966797141166317653e+00
1.000000000000000000e+02,1.873721422036904505e+00
1.000100000000000051e+02,1.800091458454265325e+00
1.000200000000000102e+02,1.896470124547180447e+00
1.000300000000000011e+02,2.014251067568291198e+00
1.000400000000000063e+02,2.088136200562596745e+00
1.000500000000000114e+02,2.095567035553861590e+00
1.000600000000000023e+02,1.980008292305868389e+00
1.000700000000000074e+02,1.797998739543496205e+00
1.000799999999999983e+02,1.843268964557261524e+00
1.000900000000000034e+02,2.047545868643728451e+00
1.001000000000000085e+02,2.047694227906109887e+00
1.001099999999999994e+02,1.907832564718402901e+00
1.001200000000000045e+02,1.924858821862009739e+00
1.001300000000000097e+02,2.103199080686371847e+00
1.001400000000000006e+02,2.232562173579941689e+00
1.001500000000000057e+02,2.228725122710291107e+00
1.001600000000000108e+02,2.135690276444596414e+00
1.001700000000000017e+02,1.981833965800364750e+00
1.001800000000000068e+02,1.887212027966122196e+00
1.001899999999999977e+02,1.991490473238574532e+00
1.002000000000000028e+02,2.132673378039872780e+00
1.002100000000000080e+02,2.089628552374799053e+00
1.002199999999999989e+02,1.957240144335895993e+00
1.002300000000000040e+02,1.930870530356709081e+00
1.002400000000000091e+02,2.009154751655531257e+00
1.002500000000000000e+02,2.131786156278344890e+00
1.002600000000000051e+02,2.210824458884060650e+00
1.002700000000000102e+02,2.121001442762357136e+00
1.002800000000000011e+02,1.927623841650647263e+00
1.002900000000000063e+02,1.875479982004605972e+00
1.003000000000000114e+02,1.980998691922839505e+00
1.003100000000000023e+02,2.011982827685167674e+00
1.003200000000000074e+02,1.959112114836718765e+00
1.003299999999999983e+02,1.960771051423393141e+00
1.003400000000000034e+02,2.021223884407662208e+00
1.003500000000000085e+02,2.070972509547145179e+00
1.003599999999999994e+02,2.088952481029667130e+00
1.003700000000000045e+02,2.061143838770112868e+00
1.003800000000000097e+02,1.983970172180015368e+00
1.003900000000000006e+02,1.931840483942709685e+00
1.004000000000000057e+02,2.001743912792044000e+00
1.004100000000000108e+02,2.148274612427377495e+00
1.004200000000000017e+02,2.267881925608120852e+00
1.004300000000000068e+02,2.288461988104675715e+00
1.004399999999999977e+02,2.225334998893425009e+00
1.004500000000000028e+02,2.153791229088835468e+00
1.004600000000000080e+02,2.106884584522844328e+00
1.004699999999999989e+02,2.081984645308413207e+00
1.004800000000000040e+02,2.074915849137019652e+00
1.004900000000000091e+02,2.120707944366691855e+00
1.005000000000000000e+02,2.233051758692573330e+00
1.005100000000000051e+02,2.378316181713440614e+00
1.005200000000000102e+02,2.517393491252410964e+00
1.005300000000000011e+02,2.626535543715333265e+00
1.005400000000000063e+02,2.772682237779872771e+00
1.005500000000000114e+02,2.990175189014851131e+00
1.005600000000000023e+02,3.191621491467934391e+00
1.005700000000000074e+02,3.250700121327710690e+00
1.005799999999999983e+02,3.238867734656665665e+00
1.005900000000000034e+02,3.237976413286544730e+00
1.006000000000000085e+02,3.215658700919611146e+00
1.006099999999999994e+02,3.169909215892467103e+00
1.006200000000000045e+02,3.158973798815051914e+00
1.006300000000000097e+02,3.206124067296834745e+00
1.006400000000000006e+02,3.298172958123935850e+00
1.006500000000000057e+02,3.435414326584203870e+00
1.006600000000000108e+02,3.567986740684443880e+00
1.006700000000000017e+02,3.639006809130755471e+00
1.006800000000000068e+02,3.671839353266970196e+00
1.006899999999999977e+02,3.719107357162468208e+00
1.007000000000000028e+02,3.773159071308815449e+00
1.007100000000000080e+02,3.810975790752285430e+00
1.007199999999999989e+02,3.883827095958314768e+00
1.007300000000000040e+02,4.037325979469580162e+00
1.007400000000000091e+02,4.196386758974916198e+00
1.007500000000000000e+02,4.249483767471057050e+00
1.007600000000000051e+02,4.243562612004210699e+00
1.007700000000000102e+02,4.272834535445996451e+00
1.007800000000000011e+02,4.264331259623248549e+00
1.007900000000000063e+02,4.166377087218582354e+00
1.008000000000000114e+02,4.056462758919400891e+00
1.008100000000000023e+02,4.012934408135772735e+00
1.008200000000000074e+02,4.001657667742207991e+00
1.008299999999999983e+02,4.004077175430065694e+00
1.008400000000000034e+02,4.054916798012013324e+00
1.008500000000000085e+02,4.156101071942307712e+00
1.008599999999999994e+02,4.187813780434845867e+00
1.008700000000000045e+02,4.121909928625322017e+00
1.008800000000000097e+02,4.105110707715443397e+00
1.008900000000000006e+02,4.198226563788572285e+00
1.009000000000000057e+02,4.340701697882497712e+00
1.009100000000000108e+02,4.489123771884666603e+00
1.009200000000000017e+02,4.715020765309522410e+00
1.009300000000000068e+02,4.998581358245557382e+00
1.009400000000000119e+02,5.241330933570213624e+00
1.009500000000000028e+02,5.451379158680854431e+00
1.009600000000000080e+02,5.709613625018771899e+00
1.009699999999999989e+02,5.990870700407412208e+00
1.009800000000000040e+02,6.069825496865623116e+00
1.009900000000000091e+02,5.973560846270840052e+00
1.010000000000000000e+02,5.892799424730151614e+00
1.010100000000000051e+02,5.885908496307091120e+00
1.010200000000000102e+02,5.916100592696173166e+00
1.010300000000000011e+02,5.913327468118098729e+00
1.010400000000000063e+02,5.825867887800066924e+00
1.010500000000000114e+02,5.709341731758575733e+00
1.010600000000000023e+02,5.632426575402471158e+00
1.010700000000000074e+02,5.640528051716434454e+00
1.010799999999999983e+02,5.746490577152285617e+00
1.010900000000000034e+02,5.891977728861507835e+00
1.011000000000000085e+02,5.961742443891719034e+00
1.011099999999999994e+02,5.947753515008840530e+00
1.011200000000000045e+02,5.934818480804614715e+00
1.011300000000000097e+02,6.014719306709165991e+00
1.011400000000000006e+02,6.185514540804184058e+00
1.011500000000000057e+02,6.338622507453807842e+00
1.011600000000000108e+02,6.358766621366128469e+00
1.011700000000000017e+02,6.309345095586387231e+00
1.011800000000000068e+02,6.302194783946303502e+00
1.011900000000000119e+02,6.330329238238719292e+00
1.012000000000000028e+02,6.355187311732048094e+00
1.012100000000000080e+02,6.358883002579934995e+00
1.012199999999999989e+02,6.296183371249600924e+00
1.012300000000000040e+02,6.152486101869714119e+00
1.012400000000000091e+02,5.987345017250969015e+00
1.012500000000000000e+02,5.839621836977118896e+00
1.012600000000000051e+02,5.754685778546035912e+00
1.012700000000000102e+02,5.713591618946876949e+00
1.012800000000000011e+02,5.692861605106872780e+00
1.012900000000000063e+02,5.718883373220687183e+00
1.013000000000000114e+02,5.785865616569400238e+00
1.013100000000000023e+02,5.754397203400196226e+00
1.013200000000000074e+02,5.559493679868699800e+00
1.013299999999999983e+02,5.332380438284576307e+00
1.013400000000000034e+02,5.169470240750014156e+00
1.013500000000000085e+02,5.086058122908153400e+00
1.013599999999999994e+02,5.047625754599878611e+00
1.013700000000000045e+02,4.967329541111600300e+00
1.013800000000000097e+02,4.885782020291122407e+00
1.013900000000000006e+02,4.857747036693038645e+00
1.014000000000000057e+02,4.862815056898627475e+00
1.014100000000000108e+02,4.882324573131121781e+00
1.014200000000000017e+02,4.891932177964040562e+00
1.014300000000000068e+02,4.840745706903017975e+00
1.014400000000000119e+02,4.670844774395741084e+00
1.014500000000000028e+02,4.476043165207412855e+00
1.014600000000000080e+02,4.370511232258761147e+00
1.014699999999999989e+02,4.375408788856191222e+00
1.014800000000000040e+02,4.413791548374256024e+00
1.014900000000000091e+02,4.412179953809681088e+00
1.015000000000000000e+02,4.418377402870877546e+00
1.015100000000000051e+02,4.420079733364547181e+00
1.015200000000000102e+02,4.361002540127671523e+00
1.015300000000000011e+02,4.283180294710929203e+00
1.015400000000000063e+02,4.212403611395753700e+00
1.015500000000000114e+02,4.093418152412480637e+00
1.015600000000000023e+02,3.872525232261243566e+00
1.015700000000000074e+02,3.599305318391314401e+00
1.015799999999999983e+02,3.349589362847332996e+00
1.015900000000000034e+02,3.168220074505557982e+00
1.016000000000000085e+02,3.084870300174709090e+00
1.016099999999999994e+02,3.083558673545875539e+00
1.016200000000000045e+02,3.069552973968684650e+00
1.016300000000000097e+02,2.953331661581543699e+00
1.016400000000000006e+02,2.828821560544249714e+00
1.016500000000000057e+02,2.797953346108544181e+00
1.016600000000000108e+02,2.836846058301365936e+00
1.016700000000000017e+02,2.894452599370043178e+00
1.016800000000000068e+02,2.972739733680027641e+00
1.016900000000000119e+02,3.103375282253180156e+00
1.017000000000000028e+02,3.279103001279465524e+00
1.017100000000000080e+02,3.470522891236996088e+00
1.017199999999999989e+02,3.664694569319522977e+00
1.017300000000000040e+02,3.859903969232913568e+00
1.017400000000000091e+02,3.994659081886713370e+00
1.017500000000000000e+02,3.997291620785253574e+00
1.017600000000000051e+02,3.945293342262398362e+00
1.017700000000000102e+02,3.884749163137820371e+00
1.017800000000000011e+02,3.811619240690235166e+00
1.017900000000000063e+02,3.712788673948464346e+00
1.018000000000000114e+02,3.624421837438352334e+00
1.018100000000000023e+02,3.572932256522645122e+00
1.018200000000000074e+02,3.495262689126526823e+00
1.018299999999999983e+02,3.386103710166008085e+00
1.018400000000000034e+02,3.344237052901603224e+00
1.018500000000000085e+02,3.390903557888369502e+00
1.018599999999999994e+02,3.467420757046943525e+00
1.018700000000000045e+02,3.522627770826772586e+00
1.018800000000000097e+02,3.596304108178284054e+00
1.018900000000000006e+02,3.688438551365605278e+00
1.019000000000000057e+02,3.729604904772085838e+00
1.019100000000000108e+02,3.742444928733087206e+00
1.019200000000000017e+02,3.799792601077063292e+00
1.019300000000000068e+02,3.874877454888089989e+00
1.019400000000000119e+02,3.918063167497431554e+00
1.019500000000000028e+02,3.966225893465978203e+00
1.019600000000000080e+02,4.039910303236941225e+00
1.019699999999999989e+02,4.094662045908062709e+00
1.019800000000000040e+02,4.145731513255531020e+00
1.019900000000000091e+02,4.222114495392089495e+00
1.020000000000000000e+02,4.283130932915780953e+00
1.020100000000000051e+02,4.309078349020820653e+00
1.020200000000000102e+02,4.362432018243953102e+00
1.020300000000000011e+02,4.474015940852244633e+00
1.020400000000000063e+02,4.601680098985587719e+00
1.020500000000000114e+02,4.692183036924284067e+00
1.020600000000000023e+02,4.716680678973297347e+00
1.020700000000000074e+02,4.705246492044811824e+00
1.020799999999999983e+02,4.693863961876185265e+00
1.020900000000000034e+02,4.716563070245112677e+00
1.021000000000000085e+02,4.786161239970923020e+00
1.021099999999999994e+02,4.881706733407896515e+00
1.021200000000000045e+02,4.986088902897741981e+00
1.021300000000000097e+02,5.104500705896708901e+00
1.021400000000000006e+02,5.227071556435783251e+00
1.021500000000000057e+02,5.337664787573307201e+00
1.021600000000000108e+02,5.400665468106684131e+00
1.021700000000000017e+02,5.395925781272383759e+00
1.021800000000000068e+02,5.375951541383162890e+00
1.021900000000000119e+02,5.408878013562516962e+00
1.022000000000000028e+02,5.487890219583477780e+00
1.022100000000000080e+02,5.563919846259470781e+00
1.022199999999999989e+02,5.617881247801522981e+00
1.022300000000000040e+02,5.678559868892816276e+00
1.022400000000000091e+02,5.751561282747493564e+00
1.022500000000000000e+02,5.817419979896587101e+00
1.022600000000000051e+02,5.868620619268209992e+00
1.022700000000000102e+02,5.920381851443367260e+00
1.022800000000000011e+02,5.943237979771633483e+00
1.022900000000000063e+02,5.912948838650643246e+00
1.023000000000000114e+02,5.895933735253476193e+00
1.023100000000000023e+02,5.958245691518604836e+00
1.023200000000000074e+02,6.083289873547043314e+00
1.023299999999999983e+02,6.165926208810805775e+00
1.023400000000000034e+02,6.094384640027244338e+00
1.023500000000000085e+02,5.975624038809670857e+00
1.023599999999999994e+02,5.881258670284790213e+00
1.023700000000000045e+02,5.792876025127759121e+00
1.023800000000000097e+02,5.713448598141058099e+00
1.023900000000000006e+02,5.687584581920519078e+00
1.024000000000000057e+02,5.687771780389928367e+00
1.024100000000000108e+02,5.639435607682740326e+00
1.024200000000000017e+02,5.577933571906355859e+00
1.024300000000000068e+02,5.579509269792461978e+00
1.024400000000000119e+02,5.637254223866437819e+00
1.024500000000000028e+02,5.704007539896839063e+00
1.024600000000000080e+02,5.748501142950221521e+00
1.024699999999999989e+02,5.764528053847948641e+00
1.024800000000000040e+02,5.751275320970123062e+00
1.024900000000000091e+02,5.709549619654776365e+00
1.025000000000000000e+02,5.651148068118548196e+00
1.025100000000000051e+02,5.575679921274174333e+00
1.025200000000000102e+02,5.469938005535344594e+00
1.025300000000000011e+02,5.329198217405689775e+00
1.025400000000000063e+02,5.169024314220237670e+00
1.025500000000000114e+02,5.016431980611318231e+00
1.025600000000000023e+02,4.894136134947616235e+00
1.025700000000000074e+02,4.801949060256678337e+00
1.025799999999999983e+02,4.725329912725671377e+00
1.025900000000000034e+02,4.692147817790909947e+00
1.026000000000000085e+02,4.744322722496859157e+00
1.026099999999999994e+02,4.840298824669815758e+00
1.026200000000000045e+02,4.893965691185420575e+00
1.026300000000000097e+02,4.888678411646648847e+00
1.026400000000000006e+02,4.838664787583450533e+00
1.026500000000000057e+02,4.735990641819300961e+00
1.026600000000000108e+02,4.589103909185321406e+00
1.026700000000000017e+02,4.460886971556218050e+00
1.026800000000000068e+02,4.387168386841334922e+00
1.026900000000000119e+02,4.346001442061426800e+00
1.027000000000000028e+02,4.322004373956602308e+00
1.027100000000000080e+02,4.306984975293041806e+00
1.027199999999999989e+02,4.291242720518147813e+00
1.027300000000000040e+02,4.284196714437841891e+00
1.027400000000000091e+02,4.278194922627999830e+00
1.027500000000000000e+02,4.263328072691568771e+00
1.027600000000000051e+02,4.263541421834670331e+00
1.027700000000000102e+02,4.304503986674887983e+00
1.027800000000000011e+02,4.366734361339146275e+00
1.027900000000000063e+02,4.414541513181182708e+00
1.028000000000000114e+02,4.434923308344802528e+00
1.028100000000000023e+02,4.450831503494600661e+00
1.028200000000000074e+02,4.501442414160154115e+00
1.028299999999999983e+02,4.572713605081777821e+00
1.028400000000000034e+02,4.563696723720804371e+00
1.028500000000000085e+02,4.453700901654711330e+00
1.028599999999999994e+02,4.372332493040757662e+00
1.028700000000000045e+02,4.351594799898080623e+00
1.028800000000000097e+02,4.351166723948876935e+00
1.028900000000000006e+02,4.395869213727817026e+00
1.029000000000000057e+02,4.518568547017959958e+00
1.029100000000000108e+02,4.597440239013445229e+00
1.029200000000000017e+02,4.530360130640830540e+00
1.029300000000000068e+02,4.462132256108059636e+00
1.029400000000000119e+02,4.486780163290821299e+00
1.029500000000000028e+02,4.550010010197779842e+00
1.029600000000000080e+02,4.619953828394824491e+00
1.029699999999999989e+02,4.728573258055751793e+00
1.029800000000000040e+02,4.852650557787980823e+00
1.029900000000000091e+02,4.896966901338009492e+00
1.030000000000000000e+02,4.906553395459995137e+00
1.030100000000000051e+02,4.948222596215735791e+00
1.030200000000000102e+02,4.981082676627641703e+00
1.030300000000000011e+02,4.935256392336673237e+00
1.030400000000000063e+02,4.855050754348506636e+00
1.030500000000000114e+02,4.832574719887940518e+00
1.030600000000000023e+02,4.885404798182030106e+00
1.030700000000000074e+02,4.949535769877818403e+00
1.030799999999999983e+02,4.985076900841147740e+00
1.030900000000000034e+02,5.045843962054317622e+00
1.031000000000000085e+02,5.185238875751048582e+00
1.031099999999999994e+02,5.305430092744602533e+00
1.031200000000000045e+02,5.320039316978776966e+00
1.031300000000000097e+02,5.305506762789018005e+00
1.031400000000000006e+02,5.335152963402268966e+00
1.031500000000000057e+02,5.359847722389135427e+00
1.031600000000000108e+02,5.316684842879066508e+00
1.031700000000000017e+02,5.241942203048409077e+00
1.031800000000000068e+02,5.202937338773167220e+00
1.031900000000000119e+02,5.224906084093761116e+00
1.032000000000000028e+02,5.273357282756404807e+00
1.032100000000000080e+02,5.345840231525817110e+00
1.032199999999999989e+02,5.447901048807696434e+00
1.032300000000000040e+02,5.588344932634348616e+00
1.032400000000000091e+02,5.707682534286573350e+00
1.032500000000000000e+02,5.756169254156795922e+00
1.032600000000000051e+02,5.758146543532910222e+00
1.032700000000000102e+02,5.720620681053762979e+00
1.032800000000000011e+02,5.606752285209325670e+00
1.032900000000000063e+02,5.426302155289549844e+00
1.033000000000000114e+02,5.240620747392430445e+00
1.033100000000000023e+02,5.102441517920612846e+00
1.033200000000000074e+02,4.998659984595870576e+00
1.033299999999999983e+02,4.900375967382503362e+00
1.033400000000000034e+02,4.827563496765216122e+00
1.033500000000000085e+02,4.810530406826257099e+00
1.033599999999999994e+02,4.821298341660678055e+00
1.033700000000000045e+02,4.828923042387402553e+00
1.033800000000000097e+02,4.811887646776470184e+00
1.033900000000000006e+02,4.787811407532674757e+00
1.034000000000000057e+02,4.790462246641758348e+00
1.034100000000000108e+02,4.795695189698777838e+00
1.034200000000000017e+02,4.763874247972967879e+00
1.034300000000000068e+02,4.659759032310576643e+00
1.034400000000000119e+02,4.511209092782110908e+00
1.034500000000000028e+02,4.357784104851914364e+00
1.034600000000000080e+02,4.225640386556812622e+00
1.034699999999999989e+02,4.154702139034758268e+00
1.034800000000000040e+02,4.200890916722308965e+00
1.034900000000000091e+02,4.314213594109591376e+00
1.035000000000000000e+02,4.353476367318421580e+00
1.035100000000000051e+02,4.304624394415846211e+00
1.035200000000000102e+02,4.256155313190532752e+00
1.035300000000000011e+02,4.209802999880161600e+00
1.035400000000000063e+02,4.173292842696280758e+00
1.035500000000000114e+02,4.187273278877317928e+00
1.035600000000000023e+02,4.221943459083743022e+00
1.035700000000000074e+02,4.153145273464437182e+00
1.035799999999999983e+02,4.008748223797548249e+00
1.035900000000000034e+02,3.908350494697219624e+00
1.036000000000000085e+02,3.885779683023729891e+00
1.036099999999999994e+02,3.890474283438973835e+00
1.036200000000000045e+02,3.855185393687312612e+00
1.036300000000000097e+02,3.803869791265206413e+00
1.036400000000000006e+02,3.814898806783738827e+00
1.036500000000000057e+02,3.811360954632871945e+00
1.036600000000000108e+02,3.737892496581463053e+00
1.036700000000000017e+02,3.637264616191678623e+00
1.036800000000000068e+02,3.553665929163854376e+00
1.036900000000000119e+02,3.432926282808881346e+00
1.037000000000000028e+02,3.279894694544323919e+00
1.037100000000000080e+02,3.170855851611674936e+00
1.037199999999999989e+02,3.131760763803646430e+00
1.037300000000000040e+02,3.124707687544549195e+00
1.037400000000000091e+02,3.136569767277622489e+00
1.037500000000000000e+02,3.195276593301431323e+00
1.037600000000000051e+02,3.352696274716814084e+00
1.037700000000000102e+02,3.536163026742404458e+00
1.037800000000000011e+02,3.568358053012617770e+00
1.037900000000000063e+02,3.492091493732660368e+00
1.038000000000000114e+02,3.460831622673948615e+00
1.038100000000000023e+02,3.469469587372109309e+00
1.038200000000000074e+02,3.437282723038650900e+00
1.038299999999999983e+02,3.334148737189149614e+00
1.038400000000000034e+02,3.241012646457892998e+00
1.038500000000000085e+02,3.218497307020777853e+00
1.038599999999999994e+02,3.255801513560063309e+00
1.038700000000000045e+02,3.295466354751630522e+00
1.038800000000000097e+02,3.338085089838183972e+00
1.038900000000000006e+02,3.427686743271619818e+00
1.039000000000000057e+02,3.474862849451759494e+00
1.039100000000000108e+02,3.400417452681362196e+00
1.039200000000000017e+02,3.254344631166159463e+00
1.039300000000000068e+02,3.100996834084162934e+00
1.039400000000000119e+02,2.979866942868422797e+00
1.039500000000000028e+02,2.899229564418795757e+00
1.039600000000000080e+02,2.802875941546468574e+00
1.039699999999999989e+02,2.696100196969689833e+00
1.039800000000000040e+02,2.628850199954345435e+00
1.039900000000000091e+02,2.629266096556223342e+00
1.040000000000000000e+02,2.706138147027974394e+00
1.040100000000000051e+02,2.804012765038704114e+00
1.040200000000000102e+02,2.786766529743745391e+00
1.040300000000000011e+02,2.662602200930511032e+00
1.040400000000000063e+02,2.542842980405986886e+00
1.040500000000000114e+02,2.486295396227085952e+00
1.040600000000000023e+02,2.482773299699351455e+00
1.040700000000000074e+02,2.502672785483551543e+00
1.040799999999999983e+02,2.531369711223550034e+00
1.040900000000000034e+02,2.603666490413085288e+00
1.041000000000000085e+02,2.733796183331887786e+00
1.041099999999999994e+02,2.860339211946723026e+00
1.041200000000000045e+02,2.930466273308737435e+00
1.041300000000000097e+02,2.991354169368781513e+00
1.041400000000000006e+02,3.077821604804281019e+00
1.041500000000000057e+02,3.162040280483472188e+00
1.041600000000000108e+02,3.230887975046488503e+00
1.041700000000000017e+02,3.332517893305301016e+00
1.041800000000000068e+02,3.463897197391977656e+00
1.041900000000000119e+02,3.539497610763425950e+00
1.042000000000000028e+02,3.544979811649144441e+00
1.042100000000000080e+02,3.537137223179220413e+00
1.042199999999999989e+02,3.527096895876267180e+00
1.042300000000000040e+02,3.466548450202304732e+00
1.042400000000000091e+02,3.343030280598726645e+00
1.042500000000000000e+02,3.218966664335000338e+00
1.042600000000000051e+02,3.157622251774269806e+00
1.042700000000000102e+02,3.173335148073710865e+00
1.042800000000000011e+02,3.207944247099689949e+00
1.042900000000000063e+02,3.179739860869125412e+00
1.043000000000000114e+02,3.097051450282994889e+00
1.043100000000000023e+02,2.995875090887468950e+00
1.043200000000000074e+02,2.899895273229707637e+00
1.043299999999999983e+02,2.822502504037861737e+00
1.043400000000000034e+02,2.761626299646640081e+00
1.043500000000000085e+02,2.692121322767606184e+00
1.043599999999999994e+02,2.585889592403358250e+00
1.043700000000000045e+02,2.452493615017172335e+00
1.043800000000000097e+02,2.330241209939434732e+00
1.043900000000000006e+02,2.231937395492982201e+00
1.044000000000000057e+02,2.130544467994038182e+00
1.044100000000000108e+02,2.029224527079249274e+00
1.044200000000000017e+02,1.988758760986359730e+00
1.044300000000000068e+02,2.060754216834215224e+00
1.044400000000000119e+02,2.198180063438843757e+00
1.044500000000000028e+02,2.268999745923299560e+00
1.044600000000000080e+02,2.198261134715345566e+00
1.044699999999999989e+02,2.037444939820460377e+00
1.044800000000000040e+02,1.924257574754482558e+00
1.044900000000000091e+02,1.979960008485019074e+00
1.045000000000000000e+02,2.157334321147280853e+00
1.045100000000000051e+02,2.306575129450587625e+00
1.045200000000000102e+02,2.375659950834715151e+00
1.045300000000000011e+02,2.383118924225142266e+00
1.045400000000000063e+02,2.359193210421732800e+00
1.045500000000000114e+02,2.331093796911656746e+00
1.045600000000000023e+02,2.299849428984428457e+00
1.045700000000000074e+02,2.227908228653056710e+00
1.045799999999999983e+02,2.118010025967772769e+00
1.045900000000000034e+02,2.024867260291399518e+00
1.046000000000000085e+02,1.991827418553122842e+00
1.046099999999999994e+02,2.009036428564699328e+00
1.046200000000000045e+02,2.064970207848046524e+00
1.046300000000000097e+02,2.120944831555030774e+00
1.046400000000000006e+02,2.134177926720262075e+00
1.046500000000000057e+02,2.117782550924433682e+00
1.046600000000000108e+02,2.110148623888848274e+00
1.046700000000000017e+02,2.110969710085865092e+00
1.046800000000000068e+02,2.106763748026817318e+00
1.046900000000000119e+02,2.090295736229685009e+00
1.047000000000000028e+02,2.110757509047403335e+00
1.047100000000000080e+02,2.177369008987682708e+00
1.047199999999999989e+02,2.184882412259295581e+00
1.047300000000000040e+02,2.128043863927620905e+00
1.047400000000000091e+02,2.129160156023966355e+00
1.047500000000000000e+02,2.186507519698937863e+00
1.047600000000000051e+02,2.234840250979921450e+00
1.047700000000000102e+02,2.243153799564354234e+00
1.047800000000000011e+02,2.217618717566208986e+00
1.047900000000000063e+02,2.155853038822452383e+00
1.048000000000000114e+02,2.036673914719781209e+00
1.048100000000000023e+02,1.962669528626763471e+00
1.048200000000000074e+02,2.025923160166742232e+00
1.048299999999999983e+02,2.163830947671282701e+00
1.048400000000000034e+02,2.259897777710310862e+00
1.048500000000000085e+02,2.302977656882498003e+00
1.048599999999999994e+02,2.265401108788463791e+00
1.048700000000000045e+02,2.162663646848487886e+00
1.048800000000000097e+02,2.079962931520656255e+00
1.048900000000000006e+02,2.099821905900593144e+00
1.049000000000000057e+02,2.243061441601633899e+00
1.049100000000000108e+02,2.436830446645806170e+00
1.049200000000000017e+02,2.596557106342935572e+00
1.049300000000000068e+02,2.700690222776393590e+00
1.049400000000000119e+02,2.724754751459293800e+00
1.049500000000000028e+02,2.626479594761779168e+00
1.049600000000000080e+02,2.411926378664988047e+00
1.049699999999999989e+02,2.180936102915443708e+00
1.049800000000000040e+02,1.994779254704640348e+00
1.049900000000000091e+02,1.943872526787700838e+00
1.050000000000000000e+02,1.995846133974259695e+00
1.050100000000000051e+02,2.006741865362856814e+00
1.050200000000000102e+02,2.038965728230859753e+00
1.050300000000000011e+02,2.147842762308265208e+00
1.050400000000000063e+02,2.272175714375980426e+00
1.050500000000000114e+02,2.351000985899410090e+00
1.050600000000000023e+02,2.355906715576829402e+00
1.050700000000000074e+02,2.296550895429927408e+00
1.050799999999999983e+02,2.177154614284433354e+00
1.050900000000000034e+02,1.999083867325230468e+00
1.051000000000000085e+02,1.898942762012589824e+00
1.051099999999999994e+02,2.021071959258255113e+00
1.051200000000000045e+02,2.227985941629794464e+00
1.051300000000000097e+02,2.312561981785569820e+00
1.051400000000000006e+02,2.219025772630863091e+00
1.051500000000000057e+02,2.014070861166508131e+00
1.051600000000000108e+02,1.853521175735524107e+00
1.051700000000000017e+02,1.882446738529406582e+00
1.051800000000000068e+02,2.064234386522035170e+00
1.051900000000000119e+02,2.207981652641163084e+00
1.052000000000000028e+02,2.195928591029316479e+00
1.052100000000000080e+02,2.117165036481567064e+00
1.052199999999999989e+02,2.102647806576269929e+00
1.052300000000000040e+02,2.191663908905742808e+00
1.052400000000000091e+02,2.302456968979008423e+00
1.052500000000000000e+02,2.365738972181842481e+00
1.052600000000000051e+02,2.362470712622699143e+00
1.052700000000000102e+02,2.342538905653436476e+00
1.052800000000000011e+02,2.335123242422119993e+00
1.052900000000000063e+02,2.320683845356795061e+00
1.053000000000000114e+02,2.280938480034040872e+00
1.053100000000000023e+02,2.236968416182937069e+00
1.053200000000000074e+02,2.157400531496179941e+00
1.053299999999999983e+02,2.047003314897169357e+00
1.053400000000000034e+02,2.030941517941863506e+00
1.053500000000000085e+02,2.153896221780426501e+00
1.053599999999999994e+02,2.253924385910052397e+00
1.053700000000000045e+02,2.283972599529163094e+00
1.053800000000000097e+02,2.292195182985078628e+00
1.053900000000000006e+02,2.269499022956387613e+00
1.054000000000000057e+02,2.173223075296230711e+00
1.054100000000000108e+02,2.027715598056099022e+00
1.054200000000000017e+02,1.942274245234179464e+00
1.054300000000000068e+02,1.969804394984436158e+00
1.054400000000000119e+02,2.033056933905197816e+00
1.054500000000000028e+02,2.120640208639834601e+00
1.054600000000000080e+02,2.193115270021163798e+00
1.054699999999999989e+02,2.212453247076647589e+00
1.054800000000000040e+02,2.138978035160716384e+00
1.054900000000000091e+02,2.064466827633711254e+00
1.055000000000000000e+02,2.069210206938869590e+00
1.055100000000000051e+02,2.114111012931913169e+00
1.055200000000000102e+02,2.129790887575585767e+00
1.055300000000000011e+02,2.093218513700850547e+00
1.055400000000000063e+02,2.059468748318362241e+00
1.055500000000000114e+02,2.052850612806494279e+00
1.055600000000000023e+02,2.071352025610325498e+00
1.055700000000000074e+02,2.108540871337333034e+00
1.055799999999999983e+02,2.170013691892288321e+00
1.055900000000000034e+02,2.190167051619579475e+00
1.056000000000000085e+02,2.189074072775977431e+00
1.056099999999999994e+02,2.173955684046939840e+00
1.056200000000000045e+02,2.184450280162036684e+00
1.056300000000000097e+02,2.208418214514632716e+00
1.056400000000000006e+02,2.234829080556274494e+00
1.056500000000000057e+02,2.279015404818492296e+00
1.056600000000000108e+02,2.291257710734434738e+00
1.056700000000000017e+02,2.170858495802985733e+00
1.056800000000000068e+02,2.036158070190033698e+00
1.056900000000000119e+02,2.020328843653923290e+00
1.057000000000000028e+02,2.075893829703243654e+00
1.057100000000000080e+02,2.128210421198994506e+00
1.057199999999999989e+02,2.153131579490672465e+00
1.057300000000000040e+02,2.178685658120510293e+00
1.057400000000000091e+02,2.161212789639187726e+00
1.057500000000000000e+02,2.119243866429722178e+00
1.057600000000000051e+02,2.118780494341025999e+00
1.057700000000000102e+02,2.130330431294637172e+00
1.057800000000000011e+02,2.099094938538989652e+00
1.057900000000000063e+02,2.094978423993908656e+00
1.058000000000000114e+02,2.143074527402162310e+00
1.058100000000000023e+02,2.167809244006491998e+00
1.058200000000000074e+02,2.106383429601552226e+00
1.058299999999999983e+02,2.071025837598362784e+00
1.058400000000000034e+02,2.110813839162516192e+00
1.058500000000000085e+02,2.100641530128354972e+00
1.058599999999999994e+02,2.046498440751911119e+00
1.058700000000000045e+02,2.054910071998286014e+00
1.058800000000000097e+02,2.085073307032633494e+00
1.058900000000000006e+02,2.088127939088023854e+00
1.059000000000000057e+02,2.030917899005275196e+00
1.059100000000000108e+02,1.956897991567265294e+00
1.059200000000000017e+02,1.935562341749806903e+00
1.059300000000000068e+02,1.986990430273884334e+00
1.059400000000000119e+02,2.072691692461760660e+00
1.059500000000000028e+02,2.173536753128412435e+00
1.059600000000000080e+02,2.219912515933904817e+00
1.059699999999999989e+02,2.167798166273788407e+00
1.059800000000000040e+02,2.109565730310386744e+00
1.059900000000000091e+02,2.061306096095385509e+00
1.060000000000000000e+02,2.007479707693206716e+00
1.060100000000000051e+02,1.984767317873809889e+00
1.060200000000000102e+02,2.049647178711496931e+00
1.060300000000000011e+02,2.123910951287740989e+00
1.060400000000000063e+02,2.096243294896850351e+00
1.060500000000000114e+02,2.010032535283944544e+00
1.060600000000000023e+02,2.000541559678278958e+00
1.060700000000000074e+02,2.097857581557910134e+00
1.060799999999999983e+02,2.232803180152698186e+00
1.060900000000000034e+02,2.364572799259942570e+00
1.061000000000000085e+02,2.417001616631647476e+00
1.061099999999999994e+02,2.325384236744542310e+00
1.061200000000000045e+02,2.152672973607463458e+00
1.061300000000000097e+02,2.026688648238796464e+00
1.061400000000000006e+02,1.999383296369157126e+00
1.061500000000000057e+02,2.010705273902667845e+00
1.061600000000000108e+02,2.020595290997184712e+00
1.061700000000000017e+02,2.046733520539496531e+00
1.061800000000000068e+02,2.048283639172074899e+00
1.061900000000000119e+02,1.980967466593028137e+00
1.062000000000000028e+02,1.959805278235568826e+00
1.062100000000000080e+02,2.029257948857168259e+00
1.062199999999999989e+02,2.037510142428744064e+00
1.062300000000000040e+02,1.990911276903117422e+00
1.062400000000000091e+02,2.020093048748003106e+00
1.062500000000000000e+02,2.118872052980075082e+00
1.062600000000000051e+02,2.216900246966471588e+00
1.062700000000000102e+02,2.280196686560174602e+00
1.062800000000000011e+02,2.283574438134216233e+00
1.062900000000000063e+02,2.193514538383551038e+00
1.063000000000000114e+02,2.096540691830235836e+00
1.063100000000000023e+02,2.079024986622334925e+00
1.063200000000000074e+02,2.101144568657759226e+00
1.063299999999999983e+02,2.085377181998498308e+00
1.063400000000000034e+02,2.058534633568257721e+00
1.063500000000000085e+02,2.006575577470233185e+00
1.063599999999999994e+02,1.917450474614664557e+00
1.063700000000000045e+02,1.902044533784632785e+00
1.063800000000000097e+02,2.009342052463939599e+00
1.063900000000000006e+02,2.094139216241365897e+00
1.064000000000000057e+02,2.094544727858538735e+00
1.064100000000000108e+02,2.042805945384925881e+00
1.064200000000000017e+02,1.967168719378183050e+00
1.064300000000000068e+02,1.924602176165245648e+00
1.064400000000000119e+02,1.935360576068448912e+00
1.064500000000000028e+02,1.952769499659394281e+00
1.064600000000000080e+02,1.944277155474495977e+00
1.064699999999999989e+02,1.952868161960761073e+00
1.064800000000000040e+02,1.984372726908934848e+00
1.064900000000000091e+02,2.043561293771244181e+00
1.065000000000000000e+02,2.113698628305369365e+00
1.065100000000000051e+02,2.196897647319965063e+00
1.065200000000000102e+02,2.250231665806877945e+00
1.065300000000000011e+02,2.205527151952566101e+00
1.065400000000000063e+02,2.076143239880139379e+00
1.065500000000000114e+02,1.971972714263562576e+00
1.065600000000000023e+02,2.013371044939307630e+00
1.065700000000000074e+02,2.162991917807369102e+00
1.065799999999999983e+02,2.177911844060728352e+00
1.065900000000000034e+02,2.004431523200531640e+00
1.066000000000000085e+02,1.877269396250841327e+00
1.066099999999999994e+02,1.937338437573570715e+00
1.066200000000000045e+02,2.074380515913125222e+00
1.066300000000000097e+02,2.118258850306070862e+00
1.066400000000000006e+02,2.034834047213678332e+00
1.066500000000000057e+02,1.932271457766740586e+00
1.066600000000000108e+02,1.924534261918972256e+00
1.066700000000000017e+02,2.043604311455620159e+00
1.066800000000000068e+02,2.193349851824828001e+00
1.066900000000000119e+02,2.256582732828556814e+00
1.067000000000000028e+02,2.272838901572216574e+00
1.067100000000000080e+02,2.244958959201704296e+00
1.067199999999999989e+02,2.139564378489227980e+00
1.067300000000000040e+02,1.994125577214232559e+00
1.067400000000000091e+02,1.948768033450876791e+00
1.067500000000000000e+02,2.048336944669992388e+00
1.067600000000000051e+02,2.179060419378039626e+00
1.067700000000000102e+02,2.259259167868970852e+00
1.067800000000000011e+02,2.298740122523639684e+00
1.067900000000000063e+02,2.284867282754076800e+00
1.068000000000000114e+02,2.226338267694286888e+00
1.068100000000000023e+02,2.170631740070157356e+00
1.068200000000000074e+02,2.182414021513791269e+00
1.068299999999999983e+02,2.180918440015582327e+00
1.068400000000000034e+02,2.103017854180035062e+00
1.068500000000000085e+02,2.082461974802900961e+00
1.068599999999999994e+02,2.133443814727727261e+00
1.068700000000000045e+02,2.212668598728694480e+00
1.068800000000000097e+02,2.293358946894271888e+00
1.068900000000000006e+02,2.349604139530742763e+00
1.069000000000000057e+02,2.350552104463971670e+00
1.069100000000000108e+02,2.199367352899464390e+00
1.069200000000000017e+02,1.958814811308103643e+00
1.069300000000000068e+02,1.871385677112016754e+00
1.069400000000000119e+02,2.006589026806435250e+00
1.069500000000000028e+02,2.152367348874258290e+00
1.069600000000000080e+02,2.202523859439438958e+00
1.069699999999999989e+02,2.216801980240904690e+00
1.069800000000000040e+02,2.228963017683336378e+00
1.069900000000000091e+02,2.197773870215041114e+00
1.070000000000000000e+02,2.150781088651284367e+00
1.070100000000000051e+02,2.109722401099254352e+00
1.070200000000000102e+02,2.078656119154874027e+00
1.070300000000000011e+02,2.126977299408718380e+00
1.070400000000000063e+02,2.217598518803618024e+00
1.070500000000000114e+02,2.232558119064315783e+00
1.070600000000000023e+02,2.194585306088601140e+00
1.070700000000000074e+02,2.098158624627795010e+00
1.070799999999999983e+02,1.967292534576391416e+00
1.070900000000000034e+02,1.909905479991091060e+00
1.071000000000000085e+02,1.985198049893259098e+00
1.071099999999999994e+02,2.061032108337956359e+00
1.071200000000000045e+02,2.120491346009222955e+00
1.071300000000000097e+02,2.157651671447455843e+00
1.071400000000000006e+02,2.168301568048134786e+00
1.071500000000000057e+02,2.187300803479028222e+00
1.071600000000000108e+02,2.158037385450029877e+00
1.071700000000000017e+02,2.055495973043975688e+00
1.071800000000000068e+02,1.995033759563982656e+00
1.071900000000000119e+02,1.982514712101779653e+00
1.072000000000000028e+02,1.972286989411023317e+00
1.072100000000000080e+02,2.028496521219595117e+00
1.072199999999999989e+02,2.111340660930869362e+00
1.072300000000000040e+02,2.101530189480988575e+00
1.072400000000000091e+02,2.006400888207538813e+00
1.072500000000000000e+02,1.928387426348760592e+00
1.072600000000000051e+02,1.928457126331825089e+00
1.072700000000000102e+02,1.949336160440266585e+00
1.072800000000000011e+02,1.956551817611790423e+00
1.072900000000000063e+02,1.965587103895424459e+00
1.073000000000000114e+02,1.970282084626462815e+00
1.073100000000000023e+02,1.964263089558015540e+00
1.073200000000000074e+02,1.996663850426504627e+00
1.073299999999999983e+02,2.026477498024589874e+00
1.073400000000000034e+02,1.965268829346255242e+00
1.073500000000000085e+02,1.820653460079650232e+00
1.073599999999999994e+02,1.808872138350303915e+00
1.073700000000000045e+02,1.928170672736208680e+00
1.073800000000000097e+02,1.985721647487382002e+00
1.073900000000000006e+02,1.946103635729608650e+00
1.074000000000000057e+02,1.927305058183577335e+00
1.074100000000000108e+02,1.975844790766723591e+00
1.074200000000000017e+02,2.021834586953147550e+00
1.074300000000000068e+02,2.098538532503036791e+00
1.074400000000000119e+02,2.202578389206613529e+00
1.074500000000000028e+02,2.256323947619224501e+00
1.074600000000000080e+02,2.257097108943253883e+00
1.074699999999999989e+02,2.212011827545232734e+00
1.074800000000000040e+02,2.095497218442438747e+00
1.074900000000000091e+02,1.903416233828008730e+00
1.075000000000000000e+02,1.766348129107055964e+00
1.075100000000000051e+02,1.884443907708584609e+00
1.075200000000000102e+02,1.985602781650953608e+00
1.075300000000000011e+02,1.977058890169941741e+00
1.075400000000000063e+02,2.016248466161847386e+00
1.075500000000000114e+02,2.102171646773877356e+00
1.075600000000000023e+02,2.146644891126615828e+00
1.075700000000000074e+02,2.153963666012033595e+00
1.075799999999999983e+02,2.141808677660076210e+00
1.075900000000000034e+02,1.996900165982265607e+00
1.076000000000000085e+02,1.790150587408779526e+00
1.076099999999999994e+02,1.828854320742906214e+00
1.076200000000000045e+02,1.991759561894958175e+00
1.076300000000000097e+02,1.959921728054466294e+00
1.076400000000000006e+02,1.901922366712162971e+00
1.076500000000000057e+02,1.959896393307564599e+00
1.076600000000000108e+02,2.075623999813068110e+00
1.076700000000000017e+02,2.189195256161496239e+00
1.076800000000000068e+02,2.192777138242733681e+00
1.076900000000000119e+02,2.017726864568145206e+00
1.077000000000000028e+02,1.844645227489557948e+00
1.077100000000000080e+02,1.878772962494404508e+00
1.077199999999999989e+02,2.024157932894565359e+00
1.077300000000000040e+02,2.066216639174120129e+00
1.077400000000000091e+02,1.988226300500022470e+00
1.077500000000000000e+02,1.964563761576600287e+00
1.077600000000000051e+02,2.065812995336218982e+00
1.077700000000000102e+02,2.215603572957038914e+00
1.077800000000000011e+02,2.284553315486420821e+00
1.077900000000000063e+02,2.202874287493500560e+00
1.078000000000000114e+02,2.008442881687204640e+00
1.078100000000000023e+02,1.837177008891630381e+00
1.078200000000000074e+02,1.863740388627128430e+00
1.078299999999999983e+02,2.051099800302267351e+00
1.078400000000000034e+02,2.229081124432217731e+00
1.078500000000000085e+02,2.341302181906470103e+00
1.078599999999999994e+02,2.343301659880776100e+00
1.078700000000000045e+02,2.228670081573313144e+00
1.078800000000000097e+02,2.042803973170211673e+00
1.078900000000000006e+02,1.871856831330858562e+00
1.079000000000000057e+02,1.898432136000651749e+00
1.079100000000000108e+02,2.117465209466261378e+00
1.079200000000000017e+02,2.262741289608690920e+00
1.079300000000000068e+02,2.252195955240129166e+00
1.079400000000000119e+02,2.177554495414522950e+00
1.079500000000000028e+02,2.100111710671602072e+00
1.079600000000000080e+02,2.057611534765491523e+00
1.079699999999999989e+02,2.085223846521039981e+00
1.079800000000000040e+02,2.144997588646663012e+00
1.079900000000000091e+02,2.139106468341629430e+00
1.080000000000000000e+02,2.126661363622332601e+00
1.080100000000000051e+02,2.154100139480289222e+00
1.080200000000000102e+02,2.145456772238489851e+00
1.080300000000000011e+02,2.162524655680253982e+00
1.080400000000000063e+02,2.205365522923580901e+00
1.080500000000000114e+02,2.197674919702411689e+00
1.080600000000000023e+02,2.124482396378233329e+00
1.080700000000000074e+02,2.126491977101254260e+00
1.080799999999999983e+02,2.233137553188562219e+00
1.080900000000000034e+02,2.341527370572678901e+00
1.081000000000000085e+02,2.351558596165529647e+00
1.081099999999999994e+02,2.260641208313473705e+00
1.081200000000000045e+02,2.166014910345955169e+00
1.081300000000000097e+02,2.070599926182989048e+00
1.081400000000000006e+02,2.002352760994176695e+00
1.081500000000000057e+02,1.998328168960494589e+00
1.081600000000000108e+02,2.069243693478610258e+00
1.081700000000000017e+02,2.168605101073038277e+00
1.081800000000000068e+02,2.096887221120868450e+00
1.081900000000000119e+02,1.815121699087969942e+00
1.082000000000000028e+02,1.814298335831238784e+00
1.082100000000000080e+02,2.076504915501044657e+00
1.082199999999999989e+02,2.260157956626041464e+00
1.082300000000000040e+02,2.297656184658618539e+00
1.082400000000000091e+02,2.199227886509263374e+00
1.082500000000000000e+02,1.984949672812889476e+00
1.082600000000000051e+02,1.833630715111414622e+00
1.082700000000000102e+02,1.918389298995384795e+00
1.082800000000000011e+02,1.940893837411001188e+00
1.082900000000000063e+02,1.827968222645022234e+00
1.083000000000000114e+02,1.927334197226832746e+00
1.083100000000000023e+02,2.130973603707938757e+00
1.083200000000000074e+02,2.216548438721788195e+00
1.083299999999999983e+02,2.175804732805772357e+00
1.083400000000000034e+02,2.062673430865874291e+00
1.083500000000000085e+02,1.938797168504224011e+00
1.083599999999999994e+02,1.917659908143256597e+00
1.083700000000000045e+02,1.985927552077366931e+00
1.083800000000000097e+02,1.957443273890715485e+00
1.083900000000000006e+02,1.835960296683999626e+00
1.084000000000000057e+02,1.888081509601744701e+00
1.084100000000000108e+02,2.049564479224793789e+00
1.084200000000000017e+02,2.074893230457894422e+00
1.084300000000000068e+02,2.005552127320554767e+00
1.084400000000000119e+02,1.942300417082794439e+00
1.084500000000000028e+02,1.966579975846393102e+00
1.084600000000000080e+02,2.087418474623619069e+00
1.084699999999999989e+02,2.168801547237552363e+00
1.084800000000000040e+02,2.107481532161076476e+00
1.084900000000000091e+02,1.992757725590343476e+00
1.085000000000000000e+02,1.933522769170303190e+00
1.085100000000000051e+02,1.960135203602037413e+00
1.085200000000000102e+02,2.015718744418477204e+00
1.085300000000000011e+02,2.025799090556612558e+00
1.085400000000000063e+02,1.973396566395360541e+00
1.085500000000000114e+02,1.929078705120401027e+00
1.085600000000000023e+02,1.973705773907549643e+00
1.085700000000000074e+02,2.089373414232122528e+00
1.085799999999999983e+02,2.134404227991737013e+00
1.085900000000000034e+02,1.994118160872369927e+00
1.086000000000000085e+02,1.805802871301295687e+00
1.086099999999999994e+02,1.860879994115687053e+00
1.086200000000000045e+02,2.029509794531674238e+00
1.086300000000000097e+02,2.053321761950620772e+00
1.086400000000000006e+02,1.974696250211662063e+00
1.086500000000000057e+02,1.875301342957979900e+00
1.086600000000000108e+02,1.862547795279358320e+00
1.086700000000000017e+02,1.967046602523691456e+00
1.086800000000000068e+02,1.972178465555285198e+00
1.086900000000000119e+02,1.851325021707425966e+00
1.087000000000000028e+02,1.866152607478819947e+00
1.087100000000000080e+02,2.041227978154326994e+00
1.087199999999999989e+02,2.200864861321567556e+00
1.087300000000000040e+02,2.212477864567236274e+00
1.087400000000000091e+02,2.101505541391695431e+00
1.087500000000000000e+02,1.980875600536287306e+00
1.087600000000000051e+02,1.941628351204215841e+00
1.087700000000000102e+02,1.993513410163071375e+00
1.087800000000000011e+02,2.021449214499340119e+00
1.087900000000000063e+02,1.950179475766269155e+00
1.088000000000000114e+02,1.896290601674753384e+00
1.088100000000000023e+02,1.948764580804976942e+00
1.088200000000000074e+02,2.063042360810848574e+00
1.088299999999999983e+02,2.137301822976811039e+00
1.088400000000000034e+02,2.093884252770434440e+00
1.088500000000000085e+02,1.964028344627438694e+00
1.088599999999999994e+02,1.889889862029002332e+00
1.088700000000000045e+02,1.969310940659193765e+00
1.088800000000000097e+02,2.080459899277080194e+00
1.088900000000000006e+02,2.086274901564987960e+00
1.089000000000000057e+02,2.032826222135085015e+00
1.089100000000000108e+02,2.011403279926728072e+00
1.089200000000000017e+02,2.043734330704457758e+00
1.089300000000000068e+02,2.103476329056259697e+00
1.089400000000000119e+02,2.119304519553526056e+00
1.089500000000000028e+02,2.026419578419040857e+00
1.089600000000000080e+02,1.944306651559881916e+00
1.089699999999999989e+02,1.992472584729837237e+00
1.089800000000000040e+02,2.089845458999302075e+00
1.089900000000000091e+02,2.143731949381731727e+00
1.090000000000000000e+02,2.176484890230116154e+00
1.090100000000000051e+02,2.180398240001124144e+00
1.090200000000000102e+02,2.126016390106152620e+00
1.090300000000000011e+02,2.063799113504023897e+00
1.090400000000000063e+02,2.058237256634909862e+00
1.090500000000000114e+02,2.066581031607519492e+00
1.090600000000000023e+02,2.059805155955290790e+00
1.090700000000000074e+02,2.051925962528863057e+00
1.090799999999999983e+02,2.035226734199410803e+00
1.090900000000000034e+02,2.014543541847632735e+00
1.091000000000000085e+02,2.038302704138910570e+00
1.091099999999999994e+02,2.088792514468586159e+00
1.091200000000000045e+02,2.096241510656633000e+00
1.091300000000000097e+02,2.067045086155596234e+00
1.091400000000000006e+02,2.030462462100691035e+00
1.091500000000000057e+02,1.988797997937446826e+00
1.091600000000000108e+02,1.967011998972044928e+00
1.091700000000000017e+02,1.960903657730282523e+00
1.091800000000000068e+02,1.880708775036687097e+00
1.091900000000000119e+02,1.837559081607990086e+00
1.092000000000000028e+02,1.946159601831258357e+00
1.092100000000000080e+02,2.086855256240834677e+00
1.092199999999999989e+02,2.133369327073959543e+00
1.092300000000000040e+02,2.056713342811778311e+00
1.092400000000000091e+02,1.910444086279416975e+00
1.092500000000000000e+02,1.824880580339436564e+00
1.092600000000000051e+02,1.875468625517365817e+00
1.092700000000000102e+02,1.943206192584821634e+00
1.092800000000000011e+02,1.972612743850145511e+00
1.092900000000000063e+02,2.005041713406483073e+00
1.093000000000000114e+02,2.022130566951600539e+00
1.093100000000000023e+02,2.011245927627946628e+00
1.093200000000000074e+02,1.970869420484270051e+00
1.093299999999999983e+02,1.889149955667892122e+00
1.093400000000000034e+02,1.847834490450916523e+00
1.093500000000000085e+02,1.938456481456315883e+00
1.093599999999999994e+02,2.053384339523411928e+00
1.093700000000000045e+02,2.100416594725913910e+00
1.093800000000000097e+02,2.116327287472331786e+00
1.093900000000000006e+02,2.137023271796541835e+00
1.094000000000000057e+02,2.168761026139117920e+00
1.094100000000000108e+02,2.194554485584716108e+00
1.094200000000000017e+02,2.159128474639710138e+00
1.094300000000000068e+02,2.033639343148140988e+00
1.094400000000000119e+02,1.927452450204674816e+00
1.094500000000000028e+02,1.967027376652393578e+00
1.094600000000000080e+02,2.096868554893224879e+00
1.094699999999999989e+02,2.169990723712891700e+00
1.094800000000000040e+02,2.142455092038103359e+00
1.094900000000000091e+02,2.083176759494978381e+00
1.095000000000000000e+02,2.044912529596314865e+00
1.095100000000000051e+02,2.107400139247409321e+00
1.095200000000000102e+02,2.254547616463223214e+00
1.095300000000000011e+02,2.328771285055705409e+00
1.095400000000000063e+02,2.237822484201997586e+00
1.095500000000000114e+02,2.095358875729883330e+00
1.095600000000000023e+02,1.955602428920560909e+00
1.095700000000000074e+02,1.881860151817876803e+00
1.095799999999999983e+02,1.949922177421447689e+00
1.095900000000000034e+02,2.093347602716758349e+00
1.096000000000000085e+02,2.192791739335953949e+00
1.096099999999999994e+02,2.197235591646921726e+00
1.096200000000000045e+02,2.098333854966839773e+00
1.096300000000000097e+02,1.999466833183286107e+00
1.096400000000000006e+02,2.000507715181324198e+00
1.096500000000000057e+02,2.067665253613359511e+00
1.096600000000000108e+02,2.096897183745545679e+00
1.096700000000000017e+02,2.078824992946736838e+00
1.096800000000000068e+02,2.032335562573268195e+00
1.096900000000000119e+02,1.974446574106273111e+00
1.097000000000000028e+02,1.947390901334397961e+00
1.097100000000000080e+02,1.947285545599309442e+00
1.097199999999999989e+02,1.937550044514978920e+00
1.097300000000000040e+02,1.933154495041718546e+00
1.097400000000000091e+02,1.933789079760251495e+00
1.097500000000000000e+02,1.923421579815512095e+00
1.097600000000000051e+02,1.908201458651575644e+00
1.097700000000000102e+02,1.889089879412834794e+00
1.097800000000000011e+02,1.861777164270740803e+00
1.097900000000000063e+02,1.875317014213863098e+00
1.098000000000000114e+02,1.932014922302620397e+00
1.098100000000000023e+02,1.938551031905015654e+00
1.098200000000000074e+02,1.883067595945509431e+00
1.098299999999999983e+02,1.857282773004692578e+00
1.098400000000000034e+02,1.893054005700841147e+00
1.098500000000000085e+02,1.903015585669228127e+00
1.098599999999999994e+02,1.937455984893592165e+00
1.098700000000000045e+02,1.990739607105860953e+00
1.098800000000000097e+02,1.977184066241683968e+00
1.098900000000000006e+02,1.892009886998479606e+00
1.099000000000000057e+02,1.860801290116706141e+00
1.099100000000000108e+02,1.876552605311132993e+00
1.099200000000000017e+02,1.882904772419466077e+00
1.099300000000000068e+02,1.938496859115329762e+00
1.099400000000000119e+02,2.043943183187831192e+00
1.099500000000000028e+02,2.163570631017161627e+00
1.099600000000000080e+02,2.230187696159227073e+00
1.099699999999999989e+02,2.135576442087709470e+00
1.099800000000000040e+02,1.975109290798866324e+00
1.099900000000000091e+02,1.914570291658157064e+00
1.100000000000000000e+02,2.001430270581516790e+00
1.100100000000000051e+02,2.176860422810797058e+00
1.100200000000000102e+02,2.320091232451861885e+00
1.100300000000000011e+02,2.298263145616707082e+00
1.100400000000000063e+02,2.167773170260209881e+00
1.100500000000000114e+02,2.047274008944577339e+00
1.100600000000000023e+02,2.010434781260014070e+00
1.100700000000000074e+02,2.046271911086110062e+00
1.100799999999999983e+02,2.064032237538939274e+00
1.100900000000000034e+02,1.957694797382881546e+00
1.101000000000000085e+02,1.864470469007220021e+00
1.101099999999999994e+02,1.932915077518926772e+00
1.101200000000000045e+02,2.082792995090966492e+00
1.101300000000000097e+02,2.211324145076881909e+00
1.101400000000000006e+02,2.210998575304832681e+00
1.101500000000000057e+02,2.053431078073963523e+00
1.101600000000000108e+02,1.860427544007021927e+00
1.101700000000000017e+02,1.859733682385732667e+00
1.101800000000000068e+02,2.027622338725827866e+00
1.101900000000000119e+02,2.079600105044236980e+00
1.102000000000000028e+02,1.994014225225086312e+00
1.102100000000000080e+02,1.932779951727562562e+00
1.102199999999999989e+02,1.953377325889700478e+00
1.102300000000000040e+02,2.003163949805406574e+00
1.102400000000000091e+02,1.994952658435783510e+00
1.102500000000000000e+02,1.921343972353727114e+00
1.102600000000000051e+02,1.922137474089718134e+00
1.102700000000000102e+02,2.054292759369998222e+00
1.102800000000000011e+02,2.278645199016293255e+00
1.102900000000000063e+02,2.493787581531353936e+00
1.103000000000000114e+02,2.615230261181603844e+00
1.103100000000000023e+02,2.648496247174989549e+00
1.103200000000000074e+02,2.645693728684407109e+00
1.103299999999999983e+02,2.617026053538633601e+00
1.103400000000000034e+02,2.529910378886967681e+00
1.103500000000000085e+02,2.360093751909021265e+00
1.103599999999999994e+02,2.190031317903924357e+00
1.103700000000000045e+02,2.090871985990533588e+00
1.103800000000000097e+02,2.083378242782621736e+00
1.103900000000000006e+02,2.124161896866619603e+00
1.104000000000000057e+02,2.128272814655112644e+00
1.104100000000000108e+02,2.066639975419038322e+00
1.104200000000000017e+02,1.956554962683134669e+00
1.104300000000000068e+02,1.864275752054937119e+00
1.104400000000000119e+02,1.875914198464312177e+00
1.104500000000000028e+02,1.955997459405302896e+00
1.104600000000000080e+02,1.992104759695132454e+00
1.104699999999999989e+02,1.963084801759720666e+00
1.104800000000000040e+02,1.954683933529920203e+00
1.104900000000000091e+02,2.006075806394164829e+00
1.105000000000000000e+02,2.081722796459701819e+00
1.105100000000000051e+02,2.113877064755658619e+00
1.105200000000000102e+02,2.088374265427535459e+00
1.105300000000000011e+02,2.019896915141957461e+00
1.105400000000000063e+02,1.942541754634891538e+00
1.105500000000000114e+02,1.905973074022820235e+00
1.105600000000000023e+02,1.944416386476928826e+00
1.105700000000000074e+02,1.961296794980301517e+00
1.105799999999999983e+02,1.927710112257545294e+00
1.105900000000000034e+02,1.895893475013826102e+00
1.106000000000000085e+02,1.912151860104212453e+00
1.106099999999999994e+02,1.939055888029017183e+00
1.106200000000000045e+02,1.960325202511053355e+00
1.106300000000000097e+02,1.983901260143760670e+00
1.106400000000000006e+02,1.997125661845041922e+00
1.106500000000000057e+02,2.012813059700278462e+00
1.106600000000000108e+02,2.036213148862368705e+00
1.106700000000000017e+02,2.026227718224188568e+00
1.106800000000000068e+02,1.986883565410917152e+00
1.106900000000000119e+02,1.975677215969248612e+00
1.107000000000000028e+02,2.008203994120119518e+00
1.107100000000000080e+02,1.999550339001247456e+00
1.107199999999999989e+02,1.933593710503836993e+00
1.107300000000000040e+02,1.918805547625917596e+00
1.107400000000000091e+02,1.982842047894888715e+00
1.107500000000000000e+02,2.016851784539458237e+00
1.107600000000000051e+02,2.016526682317890895e+00
1.107700000000000102e+02,2.019206520393591830e+00
1.107800000000000011e+02,2.027006451815089871e+00
1.107900000000000063e+02,2.080547619858771569e+00
1.108000000000000114e+02,2.130579816481888322e+00
1.108100000000000023e+02,2.098692715573195589e+00
1.108200000000000074e+02,2.026258693281784318e+00
1.108299999999999983e+02,1.968751103745723263e+00
1.108400000000000034e+02,1.943772336257515443e+00
1.108500000000000085e+02,1.970358667476558301e+00
1.108599999999999994e+02,2.026189960911858101e+00
1.108700000000000045e+02,2.032097949041826279e+00
1.108800000000000097e+02,1.993279666604763412e+00
1.108900000000000006e+02,1.998480993479797352e+00
1.109000000000000057e+02,2.035133880338096724e+00
1.109100000000000108e+02,2.043281117712389960e+00
1.109200000000000017e+02,1.993275903155406814e+00
1.109300000000000068e+02,1.909296738173508423e+00
1.109400000000000119e+02,1.861909643618615329e+00
1.109500000000000028e+02,1.917440601765802555e+00
1.109600000000000080e+02,2.016917388318123727e+00
1.109699999999999989e+02,2.063730311111410920e+00
1.109800000000000040e+02,1.979315018030228357e+00
1.109900000000000091e+02,1.785256499890142790e+00
1.110000000000000000e+02,1.736018673747491858e+00
1.110100000000000051e+02,1.916778882813559237e+00
1.110200000000000102e+02,2.048327242532306247e+00
1.110300000000000011e+02,2.021095695903585732e+00
1.110400000000000063e+02,1.892836493255558361e+00
1.110500000000000114e+02,1.814140808675005490e+00
1.110600000000000023e+02,1.859990718794047426e+00
1.110700000000000074e+02,1.895698616051613161e+00
1.110799999999999983e+02,1.851608374630014042e+00
1.110900000000000034e+02,1.812448436149286968e+00
1.111000000000000085e+02,1.861429960245617909e+00
1.111099999999999994e+02,1.911909813066506203e+00
1.111200000000000045e+02,1.916685517553675444e+00
1.111300000000000097e+02,1.906594835537954724e+00
1.111400000000000006e+02,1.906052804121649347e+00
1.111500000000000057e+02,1.912100042492546725e+00
1.111600000000000108e+02,1.917163242945159274e+00
1.111700000000000017e+02,1.912642595520657851e+00
1.111800000000000068e+02,1.909173963603106650e+00
1.111900000000000119e+02,1.930238163465845203e+00
1.112000000000000028e+02,1.974955490156676818e+00
1.112100000000000080e+02,1.985901636360674072e+00
1.112199999999999989e+02,1.923353824261152090e+00
1.112300000000000040e+02,1.855682611897844003e+00
1.112400000000000091e+02,1.875502485655511364e+00
1.112500000000000000e+02,1.914537077859816305e+00
1.112600000000000051e+02,1.950328557987089262e+00
1.112700000000000102e+02,2.009397185550930498e+00
1.112800000000000011e+02,2.060167858719284872e+00
1.112900000000000063e+02,2.063274015975580244e+00
1.113000000000000114e+02,2.055680584745597450e+00
1.113100000000000023e+02,2.044668864168474709e+00
1.113200000000000074e+02,1.976564261894867558e+00
1.113299999999999983e+02,1.890702429521896377e+00
1.113400000000000034e+02,1.904697848925125836e+00
1.113500000000000085e+02,1.987036665137308811e+00
1.113599999999999994e+02,2.045646822841126422e+00
1.113700000000000045e+02,2.092745424388737341e+00
1.113800000000000097e+02,2.112991688601732143e+00
1.113900000000000006e+02,2.070353870911926464e+00
1.114000000000000057e+02,1.986674826890400425e+00
1.114100000000000108e+02,1.926179250848684577e+00
1.114200000000000017e+02,1.904927421110841124e+00
1.114300000000000068e+02,1.924320346226168432e+00
1.114400000000000119e+02,1.991701117135800558e+00
1.114500000000000028e+02,2.031307702245032765e+00
1.114600000000000080e+02,2.022020972195887722e+00
1.114699999999999989e+02,2.019402944560594104e+00
1.114800000000000040e+02,2.040544354455446907e+00
1.114900000000000091e+02,2.007200656162707375e+00
1.115000000000000000e+02,1.906555006025264509e+00
1.115100000000000051e+02,1.881972585799272624e+00
1.115200000000000102e+02,1.955016368448099451e+00
1.115300000000000011e+02,2.003583213470306212e+00
1.115400000000000063e+02,2.005743027708186244e+00
1.115500000000000114e+02,1.965656976102391873e+00
1.115600000000000023e+02,1.862834147475293189e+00
1.115700000000000074e+02,1.780048982528290580e+00
1.115799999999999983e+02,1.849139280449151101e+00
1.115900000000000034e+02,1.885871624209876307e+00
1.116000000000000085e+02,1.856433351241030483e+00
1.116099999999999994e+02,1.904521531776421028e+00
1.116200000000000045e+02,2.012962163827228590e+00
1.116300000000000097e+02,2.071745547358555317e+00
1.116400000000000006e+02,2.049846611871240398e+00
1.116500000000000057e+02,2.011649035493020765e+00
1.116600000000000108e+02,1.994559272621396984e+00
1.116700000000000017e+02,2.018139462896456848e+00
1.116800000000000068e+02,2.105969527319899282e+00
1.116900000000000119e+02,2.133978659429376368e+00
1.117000000000000028e+02,2.070211461783554086e+00
1.117100000000000080e+02,2.029931958367078071e+00
1.117199999999999989e+02,2.029514511034597568e+00
1.117300000000000040e+02,2.058974623665867032e+00
1.117400000000000091e+02,2.095242361732884806e+00
1.117500000000000000e+02,2.041063428166797866e+00
1.117600000000000051e+02,1.892510844381082968e+00
1.117700000000000102e+02,1.853173522636236914e+00
1.117800000000000011e+02,1.986044132767447401e+00
1.117900000000000063e+02,2.058519397455365940e+00
1.118000000000000114e+02,2.004230556098773874e+00
1.118100000000000023e+02,1.934393297393267153e+00
1.118200000000000074e+02,1.919021795316562917e+00
1.118299999999999983e+02,1.937511190187039656e+00
1.118400000000000034e+02,1.966765944997014071e+00
1.118500000000000085e+02,1.953916880652808441e+00
1.118599999999999994e+02,1.915149694828057525e+00
1.118700000000000045e+02,1.889808766648096938e+00
1.118800000000000097e+02,1.934974244893198136e+00
1.118900000000000006e+02,2.026543083430500491e+00
1.119000000000000057e+02,2.006805005923594010e+00
1.119100000000000108e+02,1.899151888844070157e+00
1.119200000000000017e+02,1.899123178311506122e+00
1.119300000000000068e+02,2.014738582297960878e+00
1.119400000000000119e+02,2.137425411306789869e+00
1.119500000000000028e+02,2.192255239359686581e+00
1.119600000000000080e+02,2.136204041869596004e+00
1.119699999999999989e+02,2.030325865520113737e+00
1.119800000000000040e+02,1.936132721690329683e+00
1.119900000000000091e+02,1.964154796852834561e+00
1.120000000000000000e+02,2.145547795249503231e+00
1.120100000000000051e+02,2.285171049746605121e+00
1.120200000000000102e+02,2.283553856470216470e+00
1.120300000000000011e+02,2.163744138663349581e+00
1.120400000000000063e+02,2.024489720522186786e+00
1.120500000000000114e+02,1.931187722335662382e+00
1.120600000000000023e+02,1.951335256100293680e+00
1.120700000000000074e+02,2.083404989650356143e+00
1.120799999999999983e+02,2.198064970946035590e+00
1.120900000000000034e+02,2.201808628854924343e+00
1.121000000000000085e+02,2.098527869483749697e+00
1.121099999999999994e+02,1.936557792889228802e+00
1.121200000000000045e+02,1.836749097998962466e+00
1.121300000000000097e+02,1.953962895681491618e+00
1.121400000000000006e+02,2.122899403763635728e+00
1.121500000000000057e+02,2.094043123171058340e+00
1.121600000000000108e+02,1.990397219933595307e+00
1.121700000000000017e+02,1.951524625562416126e+00
1.121800000000000068e+02,2.001663597046226428e+00
1.121900000000000119e+02,2.053866453375691847e+00
1.122000000000000028e+02,2.095587813941172772e+00
1.122100000000000080e+02,2.122798139312443322e+00
1.122199999999999989e+02,2.018999982667744497e+00
1.122300000000000040e+02,1.848648634900465604e+00
1.122400000000000091e+02,1.929762834130488436e+00
1.122500000000000000e+02,2.185386835324855337e+00
1.122600000000000051e+02,2.323166644070634224e+00
1.122700000000000102e+02,2.322184753616325370e+00
1.122800000000000011e+02,2.284755190598789731e+00
1.122900000000000063e+02,2.220086333749207608e+00
1.123000000000000114e+02,2.137025632625869864e+00
1.123100000000000023e+02,2.097471216918125325e+00
1.123200000000000074e+02,2.094088257762789951e+00
1.123299999999999983e+02,2.163077368010676960e+00
1.123400000000000034e+02,2.255032173695089348e+00
1.123500000000000085e+02,2.304617008290097413e+00
1.123599999999999994e+02,2.285275853195845475e+00
1.123700000000000045e+02,2.265722013156071135e+00
1.123800000000000097e+02,2.186972069780499517e+00
1.123900000000000006e+02,2.006861823992872385e+00
1.124000000000000057e+02,1.831015655995326785e+00
1.124100000000000108e+02,1.883835082909328884e+00
1.124200000000000017e+02,2.092659465273793540e+00
1.124300000000000068e+02,2.259074877577103013e+00
1.124400000000000119e+02,2.282657104012777882e+00
1.124500000000000028e+02,2.192557472405226804e+00
1.124600000000000080e+02,2.051995065905373838e+00
1.124699999999999989e+02,1.921757637502709670e+00
1.124800000000000040e+02,1.944559021912166008e+00
1.124900000000000091e+02,2.114528458262029620e+00
1.125000000000000000e+02,2.281659231787253717e+00
1.125100000000000051e+02,2.384315122650527918e+00
1.125200000000000102e+02,2.406058966775336483e+00
1.125300000000000011e+02,2.350073751374623487e+00
1.125400000000000063e+02,2.252894359818053527e+00
1.125500000000000114e+02,2.141023053051974934e+00
1.125600000000000023e+02,2.046588781582661110e+00
1.125700000000000074e+02,2.004336477091608781e+00
1.125799999999999983e+02,2.017768187503212740e+00
1.125900000000000034e+02,2.067763021649240862e+00
1.126000000000000085e+02,2.142954584773087312e+00
1.126099999999999994e+02,2.238442026142289709e+00
1.126200000000000045e+02,2.336435159489771873e+00
1.126300000000000097e+02,2.411234284448526832e+00
1.126400000000000006e+02,2.441042919532550481e+00
1.126500000000000057e+02,2.418943841204256096e+00
1.126600000000000108e+02,2.363461089673362547e+00
1.126700000000000017e+02,2.334352306508167274e+00
1.126800000000000068e+02,2.362843618185511474e+00
1.126900000000000119e+02,2.393309716208915638e+00
1.127000000000000028e+02,2.416832614187421235e+00
1.127100000000000080e+02,2.499511387391543771e+00
1.127199999999999989e+02,2.624415185312720666e+00
1.127300000000000040e+02,2.702574681169791493e+00
1.127400000000000091e+02,2.730398501647699039e+00
1.127500000000000000e+02,2.776550842772378402e+00
1.127600000000000051e+02,2.812602081631882189e+00
1.127700000000000102e+02,2.804008345600990548e+00
1.127800000000000011e+02,2.771844942344358298e+00
1.127900000000000063e+02,2.701598715427589337e+00
1.128000000000000114e+02,2.579552768058835710e+00
1.128100000000000023e+02,2.430254392774550798e+00
1.128200000000000074e+02,2.280781163987461557e+00
1.128300000000000125e+02,2.161637891738577011e+00
1.128400000000000034e+02,2.076671434989175502e+00
1.128500000000000085e+02,2.060458563839612456e+00
1.128599999999999994e+02,2.139224427146436014e+00
1.128700000000000045e+02,2.248836291373829788e+00
1.128800000000000097e+02,2.292251634725123388e+00
1.128900000000000006e+02,2.297516822245268653e+00
1.129000000000000057e+02,2.322766330692780379e+00
1.129100000000000108e+02,2.322206226414872177e+00
1.129200000000000017e+02,2.230566229660083000e+00
1.129300000000000068e+02,2.069977879012237842e+00
1.129400000000000119e+02,1.954316580725856456e+00
1.129500000000000028e+02,1.973759276456983569e+00
1.129600000000000080e+02,2.119837694730424715e+00
1.129699999999999989e+02,2.271001184191677069e+00
1.129800000000000040e+02,2.302000107298000309e+00
1.129900000000000091e+02,2.167443353215950275e+00
1.130000000000000000e+02,1.976804048002734682e+00
1.130100000000000051e+02,1.873919143239643148e+00
1.130200000000000102e+02,1.935423338393954085e+00
1.130300000000000011e+02,2.042085585180013485e+00
1.130400000000000063e+02,2.112363165272487464e+00
1.130500000000000114e+02,2.154140791823971668e+00
1.130600000000000023e+02,2.135536963505899166e+00
1.130700000000000074e+02,2.075711087603474336e+00
1.130800000000000125e+02,2.055362406803238340e+00
1.130900000000000034e+02,2.097209187611002168e+00
1.131000000000000085e+02,2.080186254160911297e+00
1.131099999999999994e+02,2.030176708565044841e+00
1.131200000000000045e+02,2.016729991843230874e+00
1.131300000000000097e+02,2.060351616205351455e+00
1.131400000000000006e+02,2.160050291659895816e+00
1.131500000000000057e+02,2.302575721360752947e+00
1.131600000000000108e+02,2.400671370783598046e+00
1.131700000000000017e+02,2.370974878441355571e+00
1.131800000000000068e+02,2.303708851070378039e+00
1.131900000000000119e+02,2.267729913658150576e+00
1.132000000000000028e+02,2.163551133322251019e+00
1.132100000000000080e+02,2.052414951441349000e+00
1.132199999999999989e+02,2.010230684424053393e+00
1.132300000000000040e+02,2.047790074885606604e+00
1.132400000000000091e+02,2.134214215027916417e+00
1.132500000000000000e+02,2.226741626305913435e+00
1.132600000000000051e+02,2.210035646707173562e+00
1.132700000000000102e+02,2.064141510448328276e+00
1.132800000000000011e+02,1.920501995319513711e+00
1.132900000000000063e+02,1.909614572151613787e+00
1.133000000000000114e+02,1.996628842508138213e+00
1.133100000000000023e+02,2.034277245937831768e+00
1.133200000000000074e+02,1.973206970012950645e+00
1.133300000000000125e+02,1.881276446036300065e+00
1.133400000000000034e+02,1.871981271743609510e+00
1.133500000000000085e+02,1.969376184373170746e+00
1.133599999999999994e+02,2.056999282110087535e+00
1.133700000000000045e+02,2.030937554458841277e+00
1.133800000000000097e+02,1.910389151857704082e+00
1.133900000000000006e+02,1.843216254014807820e+00
1.134000000000000057e+02,1.849532071218384921e+00
1.134100000000000108e+02,1.840218241097352658e+00
1.134200000000000017e+02,1.820337422488114809e+00
1.134300000000000068e+02,1.890220408632032001e+00
1.134400000000000119e+02,2.018868592732714351e+00
1.134500000000000028e+02,2.060898664837092387e+00
1.134600000000000080e+02,1.969364369799062597e+00
1.134699999999999989e+02,1.817331728668172719e+00
1.134800000000000040e+02,1.812627738622579754e+00
1.134900000000000091e+02,1.959621055936279665e+00
1.135000000000000000e+02,2.059365005688790884e+00
1.135100000000000051e+02,2.063353758790537285e+00
1.135200000000000102e+02,1.999981605413512886e+00
1.135300000000000011e+02,1.897175906261644007e+00
1.135400000000000063e+02,1.832179746917063090e+00
1.135500000000000114e+02,1.890720540470654853e+00
1.135600000000000023e+02,1.979950455496838568e+00
1.135700000000000074e+02,2.002845250712147696e+00
1.135800000000000125e+02,1.969876842219686841e+00
1.135900000000000034e+02,1.959245416344118640e+00
1.136000000000000085e+02,1.953342901823354349e+00
1.136099999999999994e+02,1.927231852022331493e+00
1.136200000000000045e+02,1.890783984020240283e+00
1.136300000000000097e+02,1.878865013954023055e+00
1.136400000000000006e+02,1.885547726003829583e+00
1.136500000000000057e+02,1.913090065338406420e+00
1.136600000000000108e+02,1.924445834471449679e+00
1.136700000000000017e+02,1.904705620068804617e+00
1.136800000000000068e+02,1.854494912423048314e+00
1.136900000000000119e+02,1.825704112271920199e+00
1.137000000000000028e+02,1.891831988285046062e+00
1.137100000000000080e+02,2.012058592802949519e+00
1.137199999999999989e+02,2.070916959148176861e+00
1.137300000000000040e+02,2.032149220476999307e+00
1.137400000000000091e+02,1.949698576711182962e+00
1.137500000000000000e+02,1.919456647758023271e+00
1.137600000000000051e+02,1.883966207633198220e+00
1.137700000000000102e+02,1.849880400029284777e+00
1.137800000000000011e+02,1.936317188816396140e+00
1.137900000000000063e+02,2.078218064490950034e+00
1.138000000000000114e+02,2.173311300109990185e+00
1.138100000000000023e+02,2.202305647576845438e+00
1.138200000000000074e+02,2.138195548081180508e+00
1.138300000000000125e+02,2.013647014976701399e+00
1.138400000000000034e+02,1.920142878134650566e+00
1.138500000000000085e+02,1.937598994422308651e+00
1.138599999999999994e+02,2.032840542349446444e+00
1.138700000000000045e+02,2.101541219139992478e+00
1.138800000000000097e+02,2.072909327800088963e+00
1.138900000000000006e+02,1.992698683169387142e+00
1.139000000000000057e+02,1.909674851340863233e+00
1.139100000000000108e+02,1.858264588323891076e+00
1.139200000000000017e+02,1.898756257011084525e+00
1.139300000000000068e+02,1.989438491346002147e+00
1.139400000000000119e+02,2.016471013237355336e+00
1.139500000000000028e+02,1.968682019982182618e+00
1.139600000000000080e+02,1.895657235815591424e+00
1.139699999999999989e+02,1.836345989259642986e+00
1.139800000000000040e+02,1.830197176456687114e+00
1.139900000000000091e+02,1.877031682844594318e+00
1.140000000000000000e+02,1.928516860258002508e+00
1.140100000000000051e+02,1.946683406205233613e+00
1.140200000000000102e+02,1.927725580336822286e+00
1.140300000000000011e+02,1.885379594574087436e+00
1.140400000000000063e+02,1.856222054029562640e+00
1.140500000000000114e+02,1.866242859348837824e+00
1.140600000000000023e+02,1.900269164629687646e+00
1.140700000000000074e+02,1.934101659091848502e+00
1.140800000000000125e+02,1.963620544238631416e+00
1.140900000000000034e+02,1.961405356229262154e+00
1.141000000000000085e+02,1.901806942284135937e+00
1.141099999999999994e+02,1.838478355263291730e+00
1.141200000000000045e+02,1.861718235027820523e+00
1.141300000000000097e+02,1.955151629505181621e+00
1.141400000000000006e+02,2.023543214097129450e+00
1.141500000000000057e+02,2.004724673732406259e+00
1.141600000000000108e+02,1.899503762396538953e+00
1.141700000000000017e+02,1.789794346034836670e+00
1.141800000000000068e+02,1.807866161216105994e+00
1.141900000000000119e+02,1.962623839016132576e+00
1.142000000000000028e+02,2.132330882566575880e+00
1.142100000000000080e+02,2.193717855928007943e+00
1.142199999999999989e+02,2.109004637517869263e+00
1.142300000000000040e+02,1.935000875602342907e+00
1.142400000000000091e+02,1.868852251507074680e+00
1.142500000000000000e+02,1.997845584697578447e+00
1.142600000000000051e+02,2.083483319611746154e+00
1.142700000000000102e+02,1.960634818187239947e+00
1.142800000000000011e+02,1.868421576921323490e+00
1.142900000000000063e+02,1.960055328885661474e+00
1.143000000000000114e+02,2.125648314165443864e+00
1.143100000000000023e+02,2.258573542597409389e+00
1.143200000000000074e+02,2.291933191547459892e+00
1.143300000000000125e+02,2.167030826694163803e+00
1.143400000000000034e+02,1.957807215909961540e+00
1.143500000000000085e+02,1.889097953152249598e+00
1.143599999999999994e+02,2.014847805099155398e+00
1.143700000000000045e+02,2.052503583910290086e+00
1.143800000000000097e+02,1.943849399355768837e+00
1.143900000000000006e+02,1.906294417462734536e+00
1.144000000000000057e+02,1.945937456185075520e+00
1.144100000000000108e+02,1.986898494244840219e+00
1.144200000000000017e+02,2.056528506169719162e+00
1.144300000000000068e+02,2.051307402051742113e+00
1.144400000000000119e+02,1.938234657176169273e+00
1.144500000000000028e+02,1.896084807014986273e+00
1.144600000000000080e+02,2.024326631096623696e+00
1.144699999999999989e+02,2.161350915393205785e+00
1.144800000000000040e+02,2.133849448257060466e+00
1.144900000000000091e+02,1.989437181277982303e+00
1.145000000000000000e+02,1.914853628315766887e+00
1.145100000000000051e+02,1.960492962686807061e+00
1.145200000000000102e+02,2.014163259375443271e+00
1.145300000000000011e+02,2.092806262365104253e+00
1.145400000000000063e+02,2.128040096684958193e+00
1.145500000000000114e+02,2.031604507577767560e+00
1.145600000000000023e+02,1.948407965852946511e+00
1.145700000000000074e+02,1.991756738284070627e+00
1.145800000000000125e+02,2.107133793212950579e+00
1.145900000000000034e+02,2.175199287076932997e+00
1.146000000000000085e+02,2.139984164824590085e+00
1.146099999999999994e+02,2.024344257877103370e+00
1.146200000000000045e+02,1.927421747049670397e+00
1.146300000000000097e+02,1.829520106476012264e+00
1.146400000000000006e+02,1.894584033871287820e+00
1.146500000000000057e+02,2.042347564299476392e+00
1.146600000000000108e+02,2.129319071205628244e+00
1.146700000000000017e+02,2.146917202618676246e+00
1.146800000000000068e+02,2.134920373995246479e+00
1.146900000000000119e+02,2.079334159773266855e+00
1.147000000000000028e+02,1.936081024363391911e+00
1.147100000000000080e+02,1.784174572736647146e+00
1.147199999999999989e+02,1.853429104336068445e+00
1.147300000000000040e+02,2.028248102032884859e+00
1.147400000000000091e+02,2.130348709695199183e+00
1.147500000000000000e+02,2.146123717170098644e+00
1.147600000000000051e+02,2.070209141995079438e+00
1.147700000000000102e+02,1.932995308969994053e+00
1.147800000000000011e+02,1.850061714376035837e+00
1.147900000000000063e+02,1.856990976957077155e+00
1.148000000000000114e+02,1.882468065838036830e+00
1.148100000000000023e+02,1.943874611208243453e+00
1.148200000000000074e+02,1.972867451325607924e+00
1.148300000000000125e+02,1.968920356642187564e+00
1.148400000000000034e+02,1.990310458948553629e+00
1.148500000000000085e+02,1.958665007498729960e+00
1.148599999999999994e+02,1.810251038861738104e+00
1.148700000000000045e+02,1.849295473984620797e+00
1.148800000000000097e+02,2.080739235271925835e+00
1.148900000000000006e+02,2.299315216450323884e+00
1.149000000000000057e+02,2.414501965457887867e+00
1.149100000000000108e+02,2.402975268495287420e+00
1.149200000000000017e+02,2.275748104382380621e+00
1.149300000000000068e+02,2.076400912637055729e+00
1.149400000000000119e+02,1.901612525332119219e+00
1.149500000000000028e+02,1.881133516074816159e+00
1.149600000000000080e+02,1.989706168985763135e+00
1.149699999999999989e+02,2.038593308460517228e+00
1.149800000000000040e+02,2.025560374217465043e+00
1.149900000000000091e+02,2.004658814461952154e+00
1.150000000000000000e+02,1.953820201579459237e+00
1.150100000000000051e+02,1.909805261747909100e+00
1.150200000000000102e+02,1.912338193965700484e+00
1.150300000000000011e+02,1.883139671320213093e+00
1.150400000000000063e+02,1.868610813866814713e+00
1.150500000000000114e+02,1.939753288359114869e+00
1.150600000000000023e+02,2.005222232621610701e+00
1.150700000000000074e+02,1.985948631183596103e+00
1.150800000000000125e+02,1.900624422130790192e+00
1.150900000000000034e+02,1.829668524870009971e+00
1.151000000000000085e+02,1.820699222826219099e+00
1.151099999999999994e+02,1.862398392208283626e+00
1.151200000000000045e+02,1.895779350135452956e+00
1.151300000000000097e+02,1.879427009170614449e+00
1.151400000000000006e+02,1.841033314473152549e+00
1.151500000000000057e+02,1.836903797072671596e+00
1.151600000000000108e+02,1.874641923995086001e+00
1.151700000000000017e+02,1.908571274985558563e+00
1.151800000000000068e+02,1.890914679460709680e+00
1.151900000000000119e+02,1.855700739001037824e+00
1.152000000000000028e+02,1.854434504640160908e+00
1.152100000000000080e+02,1.891984017506490146e+00
1.152199999999999989e+02,1.918629255328136995e+00
1.152300000000000040e+02,1.914544839289223477e+00
1.152400000000000091e+02,1.905858201152435871e+00
1.152500000000000000e+02,1.907162187361106431e+00
1.152600000000000051e+02,1.888843831686463304e+00
1.152700000000000102e+02,1.837955575660086716e+00
1.152800000000000011e+02,1.837275263045795803e+00
1.152900000000000063e+02,1.949357691651278257e+00
1.153000000000000114e+02,2.071574977788638527e+00
1.153100000000000023e+02,2.042806760366725705e+00
1.153200000000000074e+02,1.889740749044694024e+00
1.153300000000000125e+02,1.837033431513970694e+00
1.153400000000000034e+02,1.986028905882288420e+00
1.153500000000000085e+02,2.121388604664406152e+00
1.153599999999999994e+02,2.137510364442707367e+00
1.153700000000000045e+02,2.074881321280810376e+00
1.153800000000000097e+02,1.960736356423270044e+00
1.153900000000000006e+02,1.899533405549900689e+00
1.154000000000000057e+02,1.984536677035726004e+00
1.154100000000000108e+02,2.117304718882005332e+00
1.154200000000000017e+02,2.159716573117871796e+00
1.154300000000000068e+02,2.106321446313453638e+00
1.154400000000000119e+02,2.062800066026759360e+00
1.154500000000000028e+02,2.072409513030665451e+00
1.154600000000000080e+02,2.036345716056092936e+00
1.154699999999999989e+02,1.955575676802102425e+00
1.154800000000000040e+02,2.002249068872302029e+00
1.154900000000000091e+02,2.127729945763794817e+00
1.155000000000000000e+02,2.199654636300889976e+00
1.155100000000000051e+02,2.237923036210138772e+00
1.155200000000000102e+02,2.210826973781530036e+00
1.155300000000000011e+02,2.042825840765678080e+00
1.155400000000000063e+02,1.850888575495563071e+00
1.155500000000000114e+02,1.871952548330218624e+00
1.155600000000000023e+02,2.006593143439894256e+00
1.155700000000000074e+02,1.987358754326958410e+00
1.155800000000000125e+02,1.925001047012701472e+00
1.155900000000000034e+02,1.970678821244091994e+00
1.156000000000000085e+02,2.044328352197855470e+00
1.156099999999999994e+02,2.044540058228256463e+00
1.156200000000000045e+02,2.030563689766958113e+00
1.156300000000000097e+02,1.988246597507461466e+00
1.156400000000000006e+02,1.856184168260250678e+00
1.156500000000000057e+02,1.834346434809956961e+00
1.156600000000000108e+02,2.012218794962416180e+00
1.156700000000000017e+02,2.076807929515871010e+00
1.156800000000000068e+02,1.906263511794736409e+00
1.156900000000000119e+02,1.803926831138114695e+00
1.157000000000000028e+02,1.930801892090435068e+00
1.157100000000000080e+02,2.065440268998355755e+00
1.157199999999999989e+02,2.032942859403578328e+00
1.157300000000000040e+02,1.920235851790087045e+00
1.157400000000000091e+02,1.868227589615355289e+00
1.157500000000000000e+02,1.889294226530108256e+00
1.157600000000000051e+02,1.967800633550055300e+00
1.157700000000000102e+02,2.065852232300267488e+00
1.157800000000000011e+02,2.036543493397575677e+00
1.157900000000000063e+02,1.826507881860902627e+00
1.158000000000000114e+02,1.734500569068802012e+00
1.158100000000000023e+02,1.924505015140256958e+00
1.158200000000000074e+02,2.088541907767234473e+00
1.158300000000000125e+02,2.081169957908291845e+00
1.158400000000000034e+02,1.956342984371605587e+00
1.158500000000000085e+02,1.836614578021202648e+00
1.158599999999999994e+02,1.834688318625264269e+00
1.158700000000000045e+02,1.903854724000757281e+00
1.158800000000000097e+02,1.976654889655753644e+00
1.158900000000000006e+02,2.001698634160496759e+00
1.159000000000000057e+02,1.953188124682310622e+00
1.159100000000000108e+02,1.837229681476978183e+00
1.159200000000000017e+02,1.829105965137066248e+00
1.159300000000000068e+02,1.918698455203421860e+00
1.159400000000000119e+02,1.918123639002449865e+00
1.159500000000000028e+02,1.878959478674300909e+00
1.159600000000000080e+02,1.949830051901959793e+00
1.159699999999999989e+02,2.060999762979123240e+00
1.159800000000000040e+02,2.107608177555780671e+00
1.159900000000000091e+02,2.102100558679341535e+00
1.160000000000000000e+02,2.067932159332118491e+00
1.160100000000000051e+02,2.004036029666133700e+00
1.160200000000000102e+02,1.966146815627205502e+00
1.160300000000000011e+02,2.027947989397410389e+00
1.160400000000000063e+02,2.152130792964264572e+00
1.160500000000000114e+02,2.247572091467590738e+00
1.160600000000000023e+02,2.325768134411510868e+00
1.160700000000000074e+02,2.360002790646868132e+00
1.160800000000000125e+02,2.299485468572479707e+00
1.160900000000000034e+02,2.185964949038297078e+00
1.161000000000000085e+02,2.080553541871969614e+00
1.161099999999999994e+02,1.986947723199831817e+00
1.161200000000000045e+02,1.902396691292591813e+00
1.161300000000000097e+02,1.897590410810772177e+00
1.161400000000000006e+02,1.894135383161403841e+00
1.161500000000000057e+02,1.849324142215474476e+00
1.161600000000000108e+02,1.945386154569897164e+00
1.161700000000000017e+02,2.133828634854678441e+00
1.161800000000000068e+02,2.251780903977917969e+00
1.161900000000000119e+02,2.255534918325141636e+00
1.162000000000000028e+02,2.200083431856392213e+00
1.162100000000000080e+02,2.100157785526839849e+00
1.162199999999999989e+02,1.953407092766123565e+00
1.162300000000000040e+02,1.882738894977475042e+00
1.162400000000000091e+02,1.945370039510478710e+00
1.162500000000000000e+02,1.908642230622596303e+00
1.162600000000000051e+02,1.892015430124447839e+00
1.162700000000000102e+02,2.014312169575510847e+00
1.162800000000000011e+02,2.117247837958750267e+00
1.162900000000000063e+02,2.123290595935705127e+00
1.163000000000000114e+02,2.091433236239923943e+00
1.163100000000000023e+02,2.016485182177395252e+00
1.163200000000000074e+02,1.897410490626896484e+00
1.163300000000000125e+02,1.903577738660808816e+00
1.163400000000000034e+02,2.057782252116098221e+00
1.163500000000000085e+02,2.135796302032570537e+00
1.163599999999999994e+02,2.107039530488454382e+00
1.163700000000000045e+02,2.089331801882124307e+00
1.163800000000000097e+02,2.106241638098772295e+00
1.163900000000000006e+02,2.120618609106549979e+00
1.164000000000000057e+02,2.147574122678889363e+00
1.164100000000000108e+02,2.149363789911796552e+00
1.164200000000000017e+02,1.992534189314953519e+00
1.164300000000000068e+02,1.872486676573160480e+00
1.164400000000000119e+02,1.997019620039072851e+00
1.164500000000000028e+02,2.164234983203302765e+00
1.164600000000000080e+02,2.231939000991962629e+00
1.164699999999999989e+02,2.312214894070402149e+00
1.164800000000000040e+02,2.421604441506705285e+00
1.164900000000000091e+02,2.502176822393852973e+00
1.165000000000000000e+02,2.511673745456603601e+00
1.165100000000000051e+02,2.449776626228851395e+00
1.165200000000000102e+02,2.363710188019439773e+00
1.165300000000000011e+02,2.231493945640086185e+00
1.165400000000000063e+02,2.061404375007485079e+00
1.165500000000000114e+02,1.958980807957035220e+00
1.165600000000000023e+02,2.056323558631763859e+00
1.165700000000000074e+02,2.240512257887468106e+00
1.165800000000000125e+02,2.335956618611739977e+00
1.165900000000000034e+02,2.295873859484445223e+00
1.166000000000000085e+02,2.171326437819979915e+00
1.166099999999999994e+02,2.038247503031955343e+00
1.166200000000000045e+02,1.888176649021218623e+00
1.166300000000000097e+02,1.844312535018130195e+00
1.166400000000000006e+02,1.982180380144300313e+00
1.166500000000000057e+02,2.061393111486502061e+00
1.166600000000000108e+02,1.979308095351504537e+00
1.166700000000000017e+02,1.975333998929042822e+00
1.166800000000000068e+02,2.058176210552440377e+00
1.166900000000000119e+02,2.127484337809564252e+00
1.167000000000000028e+02,2.197916726001237109e+00
1.167100000000000080e+02,2.336123726017952595e+00
1.167199999999999989e+02,2.448580938873778923e+00
1.167300000000000040e+02,2.402618680088249636e+00
1.167400000000000091e+02,2.242823820602278584e+00
1.167500000000000000e+02,2.084133514476460558e+00
1.167600000000000051e+02,1.954886719311632604e+00
1.167700000000000102e+02,1.920704906648857957e+00
1.167800000000000011e+02,1.997067263489138655e+00
1.167900000000000063e+02,2.084590157491154727e+00
1.168000000000000114e+02,2.037022132246235628e+00
1.168100000000000023e+02,1.873781767302693080e+00
1.168200000000000074e+02,1.803912246391436325e+00
1.168300000000000125e+02,1.930733036742521724e+00
1.168400000000000034e+02,2.067831360078717928e+00
1.168500000000000085e+02,2.072861284529189163e+00
1.168599999999999994e+02,1.969424011839249200e+00
1.168700000000000045e+02,1.861938203242728074e+00
1.168800000000000097e+02,1.853506866814633280e+00
1.168900000000000006e+02,1.932839376722493840e+00
1.169000000000000057e+02,1.974546852019722909e+00
1.169100000000000108e+02,1.912907950176641059e+00
1.169200000000000017e+02,1.824613896324644324e+00
1.169300000000000068e+02,1.851392162120439888e+00
1.169400000000000119e+02,1.936189234155845984e+00
1.169500000000000028e+02,1.938683908114987586e+00
1.169600000000000080e+02,1.856681655622202554e+00
1.169699999999999989e+02,1.813223891406960497e+00
1.169800000000000040e+02,1.877199863201572283e+00
1.169900000000000091e+02,1.965069840209248797e+00
1.170000000000000000e+02,2.027622147844365230e+00
1.170100000000000051e+02,2.035305249067139499e+00
1.170200000000000102e+02,2.008649026889466338e+00
1.170300000000000011e+02,2.006988466496257395e+00
1.170400000000000063e+02,2.056162522735253351e+00
1.170500000000000114e+02,2.097210083994686336e+00
1.170600000000000023e+02,2.077352766556753938e+00
1.170700000000000074e+02,1.981805443887970419e+00
1.170800000000000125e+02,1.906957932815771528e+00
1.170900000000000034e+02,1.958685942462445873e+00
1.171000000000000085e+02,2.060411320998796203e+00
1.171099999999999994e+02,2.081958641880286009e+00
1.171200000000000045e+02,2.060406635448450263e+00
1.171300000000000097e+02,2.071861478019223490e+00
1.171400000000000006e+02,2.126704056045409796e+00
1.171500000000000057e+02,2.157825123590880079e+00
1.171600000000000108e+02,2.143658817652660087e+00
1.171700000000000017e+02,2.106692999015280954e+00
1.171800000000000068e+02,2.078746263255812021e+00
1.171900000000000119e+02,2.058211727155395909e+00
1.172000000000000028e+02,2.035023149062683334e+00
1.172100000000000080e+02,2.005206538127432658e+00
1.172199999999999989e+02,1.985225339641825570e+00
1.172300000000000040e+02,1.968748093273742672e+00
1.172400000000000091e+02,1.953880344774469258e+00
1.172500000000000000e+02,1.976280879342812602e+00
1.172600000000000051e+02,2.049561508533959131e+00
1.172700000000000102e+02,2.101672448714118513e+00
1.172800000000000011e+02,2.082177169692579266e+00
1.172900000000000063e+02,2.014052599692719880e+00
1.173000000000000114e+02,1.917817547467954853e+00
1.173100000000000023e+02,1.838596711974652020e+00
1.173200000000000074e+02,1.902392195779040396e+00
1.173300000000000125e+02,2.056184439023892807e+00
1.173400000000000034e+02,2.175498875523276698e+00
1.173500000000000085e+02,2.177145729540456820e+00
1.173599999999999994e+02,2.059634154819734775e+00
1.173700000000000045e+02,1.918502796667495014e+00
1.173800000000000097e+02,1.889163986165573572e+00
1.173900000000000006e+02,1.977074993526801938e+00
1.174000000000000057e+02,2.029915591817551324e+00
1.174100000000000108e+02,1.992033115859523029e+00
1.174200000000000017e+02,1.940036521982253070e+00
1.174300000000000068e+02,1.942652818930855618e+00
1.174400000000000119e+02,1.996316067555685470e+00
1.174500000000000028e+02,2.054225301354503763e+00
1.174600000000000080e+02,2.081011056048477581e+00
1.174699999999999989e+02,2.030436137681754794e+00
1.174800000000000040e+02,1.958333545115591212e+00
1.174900000000000091e+02,1.947549768998215081e+00
1.175000000000000000e+02,1.990983945872241589e+00
1.175100000000000051e+02,2.058231532366803229e+00
1.175200000000000102e+02,2.120167480560204432e+00
1.175300000000000011e+02,2.139203435816471988e+00
1.175400000000000063e+02,2.127108868172007838e+00
1.175500000000000114e+02,2.102861379846280077e+00
1.175600000000000023e+02,2.087944398953429204e+00
1.175700000000000074e+02,2.088023791578055732e+00
1.175800000000000125e+02,2.105295660775702071e+00
1.175900000000000034e+02,2.151750066184499488e+00
1.176000000000000085e+02,2.185057792206192229e+00
1.176099999999999994e+02,2.106484260545042453e+00
1.176200000000000045e+02,1.927985071992258437e+00
1.176300000000000097e+02,1.871109126748356388e+00
1.176400000000000006e+02,1.995096494809210697e+00
1.176500000000000057e+02,2.120255179035061666e+00
1.176600000000000108e+02,2.167076135198991782e+00
1.176700000000000017e+02,2.109301578579033443e+00
1.176800000000000068e+02,1.957566262113239253e+00
1.176900000000000119e+02,1.847311958375195351e+00
1.177000000000000028e+02,1.940111827643963949e+00
1.177100000000000080e+02,2.068869898504011040e+00
1.177199999999999989e+02,2.087418993997372851e+00
1.177300000000000040e+02,2.069630905765566631e+00
1.177400000000000091e+02,2.064541800583364228e+00
1.177500000000000000e+02,2.049152526928144535e+00
1.177600000000000051e+02,2.022995431145606648e+00
1.177700000000000102e+02,2.000946318396374046e+00
1.177800000000000011e+02,2.012014210575064688e+00
1.177900000000000063e+02,2.027688694283468429e+00
1.178000000000000114e+02,1.922490624888455457e+00
1.178100000000000023e+02,1.806280258016458751e+00
1.178200000000000074e+02,1.900423502617245575e+00
1.178300000000000125e+02,2.074829414698953212e+00
1.178400000000000034e+02,2.123341403001410388e+00
1.178500000000000085e+02,2.014274145145094064e+00
1.178599999999999994e+02,1.880433857092559835e+00
1.178700000000000045e+02,1.850764410345087541e+00
1.178800000000000097e+02,1.967202823223879626e+00
1.178900000000000006e+02,2.108012777214596678e+00
1.179000000000000057e+02,2.067253746383594937e+00
1.179100000000000108e+02,1.941019680847378970e+00
1.179200000000000017e+02,1.951917577361394818e+00
1.179300000000000068e+02,2.069268145687157556e+00
1.179400000000000119e+02,2.126251516036985922e+00
1.179500000000000028e+02,2.081202113155260491e+00
1.179600000000000080e+02,1.966189333818791463e+00
1.179699999999999989e+02,1.864425032052861697e+00
1.179800000000000040e+02,1.910914228057676745e+00
1.179900000000000091e+02,2.082859587695480297e+00
1.180000000000000000e+02,2.163566430989667833e+00
1.180100000000000051e+02,2.080790887010140811e+00
1.180200000000000102e+02,1.981199772735849907e+00
1.180300000000000011e+02,1.994155712336571185e+00
1.180400000000000063e+02,2.064416646110893705e+00
1.180500000000000114e+02,2.064208709943466502e+00
1.180600000000000023e+02,1.976180806161305092e+00
1.180700000000000074e+02,1.900794091894926208e+00
1.180800000000000125e+02,1.926381482278689328e+00
1.180900000000000034e+02,2.046921679704659436e+00
1.181000000000000085e+02,2.165743746618885801e+00
1.181099999999999994e+02,2.165906539764436367e+00
1.181200000000000045e+02,2.036238672317718379e+00
1.181300000000000097e+02,1.893575154819608031e+00
1.181400000000000006e+02,1.895379500779334814e+00
1.181500000000000057e+02,1.991661052421093148e+00
1.181600000000000108e+02,1.980283197760261737e+00
1.181700000000000017e+02,1.925717856256879967e+00
1.181800000000000068e+02,1.967128560738428567e+00
1.181900000000000119e+02,2.041303239803100134e+00
1.182000000000000028e+02,2.064274419926210413e+00
1.182100000000000080e+02,2.045794267878362049e+00
1.182199999999999989e+02,1.977701029603308180e+00
1.182300000000000040e+02,1.876822610661080359e+00
1.182400000000000091e+02,1.867172540196748498e+00
1.182500000000000000e+02,2.001783825707112108e+00
1.182600000000000051e+02,2.117450367509115861e+00
1.182700000000000102e+02,2.068740998428586497e+00
1.182800000000000011e+02,1.941479862700817849e+00
1.182900000000000063e+02,1.921334006871800337e+00
1.183000000000000114e+02,2.007172086512759357e+00
1.183100000000000023e+02,2.044620488762872501e+00
1.183200000000000074e+02,1.999792934044521742e+00
1.183300000000000125e+02,1.952456961793193946e+00
1.183400000000000034e+02,1.950392472701274471e+00
1.183500000000000085e+02,2.019460037325789159e+00
1.183599999999999994e+02,2.098979650481640480e+00
1.183700000000000045e+02,2.076015753720636514e+00
1.183800000000000097e+02,1.974533798314863642e+00
1.183900000000000006e+02,1.938740830219313427e+00
1.184000000000000057e+02,1.973832924254390164e+00
1.184100000000000108e+02,1.965567224015297931e+00
1.184200000000000017e+02,1.915929692525229378e+00
1.184300000000000068e+02,1.911527950306312729e+00
1.184400000000000119e+02,1.964823587236570468e+00
1.184500000000000028e+02,2.035140341257095642e+00
1.184600000000000080e+02,2.099227146701789337e+00
1.184699999999999989e+02,2.099945081498308497e+00
1.184800000000000040e+02,1.994527132517593726e+00
1.184900000000000091e+02,1.862021179800642745e+00
1.185000000000000000e+02,1.881070017641697678e+00
1.185100000000000051e+02,2.007036475976359924e+00
1.185200000000000102e+02,2.039563057161618342e+00
1.185300000000000011e+02,1.972356811295246315e+00
1.185400000000000063e+02,1.920690324361438828e+00
1.185500000000000114e+02,1.931491133651388470e+00
1.185600000000000023e+02,2.027905489383312165e+00
1.185700000000000074e+02,2.128498021478824942e+00
1.185800000000000125e+02,2.115364229408387864e+00
1.185900000000000034e+02,2.028701057127364038e+00
1.186000000000000085e+02,1.982233968337974606e+00
1.186099999999999994e+02,2.004001424208703863e+00
1.186200000000000045e+02,2.029914241538296693e+00
1.186300000000000097e+02,1.988542084141041055e+00
1.186400000000000006e+02,1.873105479517904293e+00
1.186500000000000057e+02,1.816889860778577281e+00
1.186600000000000108e+02,1.942239698003312087e+00
1.186700000000000017e+02,2.144755769172797866e+00
1.186800000000000068e+02,2.271555212227956755e+00
1.186900000000000119e+02,2.251420813175537550e+00
1.187000000000000028e+02,2.092330861455711677e+00
1.187100000000000080e+02,1.874812073995685058e+00
1.187199999999999989e+02,1.788792426554853154e+00
1.187300000000000040e+02,1.913277055891278167e+00
1.187400000000000091e+02,2.007319651998655363e+00
1.187500000000000000e+02,2.037333164531515806e+00
1.187600000000000051e+02,2.030374764446209124e+00
1.187700000000000102e+02,2.008294413177510229e+00
1.187800000000000011e+02,1.986657606634822493e+00
1.187900000000000063e+02,1.985911598057678029e+00
1.188000000000000114e+02,1.948018871700170296e+00
1.188100000000000023e+02,1.895541016965868186e+00
1.188200000000000074e+02,1.922379788725423033e+00
1.188300000000000125e+02,2.027150904792240915e+00
1.188400000000000034e+02,2.139011720982379572e+00
1.188500000000000085e+02,2.153272058008463219e+00
1.188599999999999994e+02,2.017951045830645995e+00
1.188700000000000045e+02,1.905695919296938268e+00
1.188800000000000097e+02,1.935575324497601502e+00
1.188900000000000006e+02,2.002631194604738152e+00
1.189000000000000057e+02,2.041002261141323881e+00
1.189100000000000108e+02,2.048193256039088972e+00
1.189200000000000017e+02,1.996045795121945687e+00
1.189300000000000068e+02,1.975816436495303696e+00
1.189400000000000119e+02,2.080193089437613274e+00
1.189500000000000028e+02,2.202068895289155837e+00
1.189600000000000080e+02,2.237766949170533870e+00
1.189699999999999989e+02,2.217434026133810132e+00
1.189800000000000040e+02,2.157786245480306508e+00
1.189900000000000091e+02,2.044516331164904610e+00
1.190000000000000000e+02,1.940607590395595938e+00
1.190100000000000051e+02,1.934015740170954345e+00
1.190200000000000102e+02,1.961857856707514003e+00
1.190300000000000011e+02,1.924681385456824767e+00
1.190400000000000063e+02,1.928211395100652092e+00
1.190500000000000114e+02,1.979582180385548229e+00
1.190600000000000023e+02,1.985210517659272700e+00
1.190700000000000074e+02,1.935686925827883265e+00
1.190800000000000125e+02,1.904026990340211389e+00
1.190900000000000034e+02,1.906111556882492453e+00
1.191000000000000085e+02,1.934712237482359765e+00
1.191099999999999994e+02,1.979847542849953346e+00
1.191200000000000045e+02,2.022686799863983698e+00
1.191300000000000097e+02,2.046476627403547965e+00
1.191400000000000006e+02,2.000858448878630735e+00
1.191500000000000057e+02,1.859495349232151318e+00
1.191600000000000108e+02,1.837548625582734907e+00
1.191700000000000017e+02,1.985249311024939844e+00
1.191800000000000068e+02,2.053776331121770493e+00
1.191900000000000119e+02,2.059938539471505958e+00
1.192000000000000028e+02,2.080790377314350792e+00
1.192100000000000080e+02,2.080611899489185568e+00
1.192199999999999989e+02,2.043353244661577861e+00
1.192300000000000040e+02,2.033424002227768757e+00
1.192400000000000091e+02,2.000941465326759872e+00
1.192500000000000000e+02,1.863662037844040720e+00
1.192600000000000051e+02,1.846053575626666055e+00
1.192700000000000102e+02,2.028052552535066777e+00
1.192800000000000011e+02,2.183742495178633725e+00
1.192900000000000063e+02,2.192461087472478365e+00
1.193000000000000114e+02,2.089010467542946614e+00
1.193100000000000023e+02,1.983354018586696910e+00
1.193200000000000074e+02,1.937206694098748461e+00
1.193300000000000125e+02,2.023315282548916461e+00
1.193400000000000034e+02,2.193601134199423264e+00
1.193500000000000085e+02,2.265323103207354638e+00
1.193599999999999994e+02,2.175472182373519470e+00
1.193700000000000045e+02,2.035301935278646113e+00
1.193800000000000097e+02,1.908237039016903891e+00
1.193900000000000006e+02,1.904044972664512558e+00
1.194000000000000057e+02,2.042634648786953111e+00
1.194100000000000108e+02,2.120836678096877925e+00
1.194200000000000017e+02,1.976463468562978276e+00
1.194300000000000068e+02,1.802435952542003950e+00
1.194400000000000119e+02,1.861145284114327891e+00
1.194500000000000028e+02,2.058929346219776857e+00
1.194600000000000080e+02,2.180209681985656900e+00
1.194699999999999989e+02,2.182948330329648190e+00
1.194800000000000040e+02,2.122446161888682514e+00
1.194900000000000091e+02,2.039352600416367345e+00
1.195000000000000000e+02,1.983315183020591510e+00
1.195100000000000051e+02,2.010340423117686903e+00
1.195200000000000102e+02,2.128571450362896744e+00
1.195300000000000011e+02,2.204917718052309183e+00
1.195400000000000063e+02,2.118552685743029684e+00
1.195500000000000114e+02,2.036951353097073980e+00
1.195600000000000023e+02,2.082216727842949755e+00
1.195700000000000074e+02,2.160415689168175390e+00
1.195800000000000125e+02,2.171170099882779869e+00
1.195900000000000034e+02,2.154597345770434824e+00
1.196000000000000085e+02,2.122791052718331795e+00
1.196099999999999994e+02,2.039236643140025951e+00
1.196200000000000045e+02,1.934368456029253336e+00
1.196300000000000097e+02,1.952104752984582747e+00
1.196400000000000006e+02,2.085096361260312836e+00
1.196500000000000057e+02,2.192524486143997198e+00
1.196600000000000108e+02,2.214056017650864128e+00
1.196700000000000017e+02,2.188735841146893790e+00
1.196800000000000068e+02,2.136859859630480418e+00
1.196900000000000119e+02,2.054256994779377177e+00
1.197000000000000028e+02,1.964428627183995468e+00
1.197100000000000080e+02,1.962099017914233468e+00
1.197199999999999989e+02,2.054301431460340055e+00
1.197300000000000040e+02,2.182049578378089549e+00
1.197400000000000091e+02,2.295029260924574821e+00
1.197500000000000000e+02,2.361216658525854939e+00
1.197600000000000051e+02,2.294581549585894109e+00
1.197700000000000102e+02,2.067789419936179041e+00
1.197800000000000011e+02,1.856679159413387570e+00
1.197900000000000063e+02,1.889013418163036917e+00
1.198000000000000114e+02,2.084103817471673281e+00
1.198100000000000023e+02,2.205844073478449907e+00
1.198200000000000074e+02,2.197987572485340824e+00
1.198300000000000125e+02,2.084050027350590639e+00
1.198400000000000034e+02,1.929676637056063404e+00
1.198500000000000085e+02,1.861617266249967040e+00
1.198599999999999994e+02,1.990786353906415673e+00
1.198700000000000045e+02,2.185428707187676345e+00
1.198800000000000097e+02,2.264425172974369183e+00
1.198900000000000006e+02,2.205550786991764767e+00
1.199000000000000057e+02,2.110077370927426976e+00
1.199100000000000108e+02,1.996365698989040816e+00
1.199200000000000017e+02,1.911769804055917232e+00
1.199300000000000068e+02,1.968648959972296275e+00
1.199400000000000119e+02,2.110551920825451955e+00
1.199500000000000028e+02,2.216507482414619368e+00
1.199600000000000080e+02,2.226665061656108335e+00
1.199699999999999989e+02,2.151838284583672767e+00
1.199800000000000040e+02,2.018580955671583244e+00
1.199900000000000091e+02,1.917792193461012484e+00
1.200000000000000000e+02,1.955240391358566976e+00
1.200100000000000051e+02,2.088909317634444651e+00
1.200200000000000102e+02,2.194606382383866627e+00
1.200300000000000011e+02,2.237494394138228593e+00
1.200400000000000063e+02,2.224752368467106223e+00
1.200500000000000114e+02,2.185258755021931343e+00
1.200600000000000023e+02,2.137831394497704984e+00
1.200700000000000074e+02,2.108386087152919419e+00
1.200800000000000125e+02,2.114369048321508959e+00
1.200900000000000034e+02,2.136577528782889868e+00
1.201000000000000085e+02,2.122235431638062497e+00
1.201099999999999994e+02,2.055951862301255595e+00
1.201200000000000045e+02,1.995953310175365480e+00
1.201300000000000097e+02,2.013084179213576963e+00
1.201400000000000006e+02,2.063677107422573265e+00
1.201500000000000057e+02,2.109295351059210066e+00
1.201600000000000108e+02,2.056357999595401775e+00
1.201700000000000017e+02,1.867394802525699671e+00
1.201800000000000068e+02,1.825116670380279693e+00
1.201900000000000119e+02,2.019197375617351575e+00
1.202000000000000028e+02,2.172310272497921524e+00
1.202100000000000080e+02,2.205550598308730681e+00
1.202199999999999989e+02,2.173428975352081238e+00
1.202300000000000040e+02,2.110880821387127515e+00
1.202400000000000091e+02,2.021165501214583937e+00
1.202500000000000000e+02,1.936053830346666338e+00
1.202600000000000051e+02,1.908628684605782722e+00
1.202700000000000102e+02,2.015935354618296760e+00
1.202800000000000011e+02,2.168156774243966023e+00
1.202900000000000063e+02,2.325191618017749651e+00
1.203000000000000114e+02,2.473765181762408449e+00
1.203100000000000023e+02,2.559169251417342306e+00
1.203200000000000074e+02,2.537120043474490938e+00
1.203300000000000125e+02,2.440023137431283295e+00
1.203400000000000034e+02,2.282549400757845071e+00
1.203500000000000085e+02,2.099744371131877063e+00
1.203599999999999994e+02,1.948195787799573919e+00
1.203700000000000045e+02,1.905682919637996298e+00
1.203800000000000097e+02,1.986072437475530972e+00
1.203900000000000006e+02,2.027431774881709892e+00
1.204000000000000057e+02,1.977218843476867605e+00
1.204100000000000108e+02,1.949969527274721282e+00
1.204200000000000017e+02,1.992853745687325429e+00
1.204300000000000068e+02,2.033287599947434465e+00
1.204400000000000119e+02,2.000405052408136708e+00
1.204500000000000028e+02,1.923502480372717427e+00
1.204600000000000080e+02,1.897170720652203268e+00
1.204699999999999989e+02,1.967545225198141345e+00
1.204800000000000040e+02,2.043107169802895751e+00
1.204900000000000091e+02,2.008152817093360909e+00
1.205000000000000000e+02,1.877711587598053011e+00
1.205100000000000051e+02,1.835000561553047582e+00
1.205200000000000102e+02,1.935056543463265832e+00
1.205300000000000011e+02,2.019306443757360903e+00
1.205400000000000063e+02,2.012982454816733213e+00
1.205500000000000114e+02,1.966861515231817403e+00
1.205600000000000023e+02,1.938761737037328681e+00
1.205700000000000074e+02,1.940864840245193568e+00
1.205800000000000125e+02,1.928317644113646256e+00
1.205900000000000034e+02,1.865464127663676086e+00
1.206000000000000085e+02,1.838474820088651596e+00
1.206099999999999994e+02,1.893623669185617198e+00
1.206200000000000045e+02,1.942412010722750937e+00
1.206300000000000097e+02,1.926043279705832445e+00
1.206400000000000006e+02,1.863509943896195065e+00
1.206500000000000057e+02,1.810904435496252463e+00
1.206600000000000108e+02,1.862747079993684718e+00
1.206700000000000017e+02,1.996660719896097058e+00
1.206800000000000068e+02,2.089389578886857723e+00
1.206900000000000119e+02,2.079648855683092989e+00
1.207000000000000028e+02,1.996559882177592282e+00
1.207100000000000080e+02,1.920291904868631550e+00
1.207199999999999989e+02,1.928924302454608997e+00
1.207300000000000040e+02,2.031048357594913867e+00
1.207400000000000091e+02,2.168082123680973528e+00
1.207500000000000000e+02,2.268442224815303110e+00
1.207600000000000051e+02,2.308322875078138381e+00
1.207700000000000102e+02,2.283851522197536177e+00
1.207800000000000011e+02,2.136340095232966085e+00
1.207900000000000063e+02,1.930677492668311901e+00
1.208000000000000114e+02,1.905046857070974209e+00
1.208100000000000023e+02,2.079019482309869993e+00
1.208200000000000074e+02,2.282625272247067016e+00
1.208300000000000125e+02,2.434430836310820467e+00
1.208400000000000034e+02,2.483037016900875749e+00
1.208500000000000085e+02,2.395989401750558301e+00
1.208599999999999994e+02,2.202283764965132562e+00
1.208700000000000045e+02,2.009079191949635579e+00
1.208800000000000097e+02,1.946845468406776192e+00
1.208900000000000006e+02,2.009524679756135246e+00
1.209000000000000057e+02,2.099692438076586232e+00
1.209100000000000108e+02,2.164111803729419137e+00
1.209200000000000017e+02,2.175665329264591552e+00
1.209300000000000068e+02,2.109132200303243554e+00
1.209400000000000119e+02,1.973251837619568017e+00
1.209500000000000028e+02,1.868408204307613341e+00
1.209600000000000080e+02,1.911888986988784067e+00
1.209699999999999989e+02,2.024717407309968742e+00
1.209800000000000040e+02,2.097137775054610298e+00
1.209900000000000091e+02,2.115278120149688412e+00
1.210000000000000000e+02,2.070510750157071200e+00
1.210100000000000051e+02,1.986664201451517897e+00
1.210200000000000102e+02,1.929363743727189995e+00
1.210300000000000011e+02,1.978702975180711032e+00
1.210400000000000063e+02,2.106388964989372337e+00
1.210500000000000114e+02,2.241152939552319090e+00
1.210600000000000023e+02,2.411121533573328257e+00
1.210700000000000074e+02,2.594842794202569358e+00
1.210800000000000125e+02,2.635464374038093194e+00
1.210900000000000034e+02,2.533005658798258786e+00
1.211000000000000085e+02,2.381916688384377423e+00
1.211099999999999994e+02,2.273178021977380503e+00
1.211200000000000045e+02,2.209661739181135953e+00
1.211300000000000097e+02,2.110516833525855507e+00
1.211400000000000006e+02,2.012196668127895105e+00
1.211500000000000057e+02,2.049591628930992560e+00
1.211600000000000108e+02,2.177506800008671028e+00
1.211700000000000017e+02,2.298234421620431345e+00
1.211800000000000068e+02,2.377831503177632921e+00
1.211900000000000119e+02,2.409461180169542693e+00
1.212000000000000028e+02,2.341539042830804718e+00
1.212100000000000080e+02,2.148809329630947396e+00
1.212199999999999989e+02,1.912550896372694931e+00
1.212300000000000040e+02,1.828341508608279042e+00
1.212400000000000091e+02,1.994766932126157188e+00
1.212500000000000000e+02,2.217642551642621918e+00
1.212600000000000051e+02,2.353846994769200673e+00
1.212700000000000102e+02,2.342878157408958995e+00
1.212800000000000011e+02,2.204270860874407045e+00
1.212900000000000063e+02,2.002600038000598381e+00
1.213000000000000114e+02,1.863673958824343169e+00
1.213100000000000023e+02,1.915510434766670933e+00
1.213200000000000074e+02,2.059003869095199946e+00
1.213300000000000125e+02,2.147126654071435770e+00
1.213400000000000034e+02,2.171966868676638018e+00
1.213500000000000085e+02,2.131713598170496216e+00
1.213599999999999994e+02,2.084217508006541930e+00
1.213700000000000045e+02,2.067725070632215001e+00
1.213800000000000097e+02,2.102793186016161275e+00
1.213900000000000006e+02,2.176225537106850183e+00
1.214000000000000057e+02,2.309302000442774894e+00
1.214100000000000108e+02,2.455459880029807085e+00
1.214200000000000017e+02,2.569936190715442770e+00
1.214300000000000068e+02,2.636483192625357574e+00
1.214400000000000119e+02,2.686982549371878193e+00
1.214500000000000028e+02,2.718472951902226153e+00
1.214600000000000080e+02,2.710683527671387871e+00
1.214699999999999989e+02,2.645388965728858288e+00
1.214800000000000040e+02,2.619510526725364663e+00
1.214900000000000091e+02,2.657106300366810725e+00
1.215000000000000000e+02,2.676116380092614211e+00
1.215100000000000051e+02,2.645852865844962487e+00
1.215200000000000102e+02,2.563577601556075614e+00
1.215300000000000011e+02,2.446105090792297876e+00
1.215400000000000063e+02,2.306971521063926112e+00
1.215500000000000114e+02,2.142976281739954025e+00
1.215600000000000023e+02,1.994858569623420896e+00
1.215700000000000074e+02,1.944949960024679347e+00
1.215800000000000125e+02,2.005714823622740894e+00
1.215900000000000034e+02,2.070395309934796035e+00
1.216000000000000085e+02,2.101337676362369233e+00
1.216099999999999994e+02,2.121757109143268760e+00
1.216200000000000045e+02,2.107181378476945532e+00
1.216300000000000097e+02,2.054636251724377249e+00
1.216400000000000006e+02,1.981964523143641577e+00
1.216500000000000057e+02,1.964898810015416775e+00
1.216600000000000108e+02,2.029327665829252059e+00
1.216700000000000017e+02,2.034436055151402467e+00
1.216800000000000068e+02,1.937813649167535512e+00
1.216900000000000119e+02,1.913332933652687640e+00
1.217000000000000028e+02,2.035829352106899748e+00
1.217100000000000080e+02,2.192158199979190147e+00
1.217199999999999989e+02,2.264788174449213098e+00
1.217300000000000040e+02,2.210200727453503600e+00
1.217400000000000091e+02,2.101643944587426649e+00
1.217500000000000000e+02,2.025987455129966808e+00
1.217600000000000051e+02,2.024853027422237162e+00
1.217700000000000102e+02,2.127911763477048357e+00
1.217800000000000011e+02,2.295082721735537401e+00
1.217900000000000063e+02,2.419549249084217646e+00
1.218000000000000114e+02,2.450526076365848738e+00
1.218100000000000023e+02,2.426449859264560249e+00
1.218200000000000074e+02,2.398558676393179212e+00
1.218300000000000125e+02,2.361433402962065831e+00
1.218400000000000034e+02,2.264850219263957687e+00
1.218500000000000085e+02,2.131807298674295748e+00
1.218599999999999994e+02,2.061275907376060257e+00
1.218700000000000045e+02,2.089519750477605964e+00
1.218800000000000097e+02,2.143059769325159181e+00
1.218900000000000006e+02,2.182312983052614008e+00
1.219000000000000057e+02,2.209795951271519066e+00
1.219100000000000108e+02,2.215809193016402556e+00
1.219200000000000017e+02,2.145483430162302696e+00
1.219300000000000068e+02,2.025047143716906639e+00
1.219400000000000119e+02,1.970897536885162449e+00
1.219500000000000028e+02,2.014797029375664295e+00
1.219600000000000080e+02,2.073699703428632635e+00
1.219699999999999989e+02,2.077745366386603454e+00
1.219800000000000040e+02,2.053964745861281749e+00
1.219900000000000091e+02,2.036798558947104265e+00
1.220000000000000000e+02,2.006177560198498799e+00
1.220100000000000051e+02,1.977432831710093986e+00
1.220200000000000102e+02,1.982152484827794714e+00
1.220300000000000011e+02,2.055969431559963478e+00
1.220400000000000063e+02,2.130130904255417512e+00
1.220500000000000114e+02,2.208115933142098530e+00
1.220600000000000023e+02,2.261824535076935483e+00
1.220700000000000074e+02,2.270035646170341703e+00
1.220800000000000125e+02,2.278567456275981673e+00
1.220900000000000034e+02,2.295709244705000707e+00
1.221000000000000085e+02,2.230155360782068996e+00
1.221099999999999994e+02,2.106867412045902999e+00
1.221200000000000045e+02,2.029581007311854091e+00
1.221300000000000097e+02,2.114153236320394758e+00
1.221400000000000006e+02,2.264563099946875546e+00
1.221500000000000057e+02,2.343402278364515201e+00
1.221600000000000108e+02,2.296527564053172821e+00
1.221700000000000017e+02,2.261259729701345478e+00
1.221800000000000068e+02,2.253882724487012101e+00
1.221900000000000119e+02,2.215844284962280586e+00
1.222000000000000028e+02,2.193882598226259528e+00
1.222100000000000080e+02,2.235650686220905126e+00
1.222199999999999989e+02,2.199619440994281749e+00
1.222300000000000040e+02,2.058779161954967130e+00
1.222400000000000091e+02,1.981927104739223955e+00
1.222500000000000000e+02,2.006430900504674320e+00
1.222600000000000051e+02,2.019796486802567959e+00
1.222700000000000102e+02,2.021464179573806419e+00
1.222800000000000011e+02,2.043332762743258257e+00
1.222900000000000063e+02,2.073647857279533380e+00
1.223000000000000114e+02,2.047488987638271585e+00
1.223100000000000023e+02,2.022436748578308130e+00
1.223200000000000074e+02,2.062592455139889314e+00
1.223300000000000125e+02,2.164937465725049304e+00
1.223400000000000034e+02,2.193213239518674307e+00
1.223500000000000085e+02,2.125823650940971365e+00
1.223599999999999994e+02,2.016893996346858398e+00
1.223700000000000045e+02,1.982639561241528625e+00
1.223800000000000097e+02,1.989638211333909501e+00
1.223900000000000006e+02,2.053586808610728731e+00
1.224000000000000057e+02,2.175126455288519445e+00
1.224100000000000108e+02,2.330496368516587147e+00
1.224200000000000017e+02,2.404943392303444671e+00
1.224300000000000068e+02,2.421194014943867323e+00
1.224400000000000119e+02,2.413594167419203185e+00
1.224500000000000028e+02,2.336588628514654875e+00
1.224600000000000080e+02,2.215053338612864575e+00
1.224699999999999989e+02,2.158989759647785611e+00
1.224800000000000040e+02,2.184346600955078266e+00
1.224900000000000091e+02,2.223400148638116747e+00
1.225000000000000000e+02,2.250118164493589479e+00
1.225100000000000051e+02,2.266906884172571690e+00
1.225200000000000102e+02,2.246123730372838967e+00
1.225300000000000011e+02,2.130583701824690479e+00
1.225400000000000063e+02,2.052685326852609293e+00
1.225500000000000114e+02,2.057981510302995254e+00
1.225600000000000023e+02,2.118181051449804730e+00
1.225700000000000074e+02,2.184677644325588197e+00
1.225800000000000125e+02,2.245232253041987036e+00
1.225900000000000034e+02,2.215175644451021775e+00
1.226000000000000085e+02,2.115589701817438772e+00
1.226099999999999994e+02,2.005150401497354018e+00
1.226200000000000045e+02,1.961237227619341716e+00
1.226300000000000097e+02,1.970563415970417287e+00
1.226400000000000006e+02,2.026318533109737530e+00
1.226500000000000057e+02,2.094205408792556788e+00
1.226600000000000108e+02,2.162181025214124030e+00
1.226700000000000017e+02,2.192146367436262011e+00
1.226800000000000068e+02,2.195942901627681021e+00
1.226900000000000119e+02,2.148784351690276040e+00
1.227000000000000028e+02,2.142670432745316322e+00
1.227100000000000080e+02,2.185071731917283877e+00
1.227199999999999989e+02,2.216550306997113307e+00
1.227300000000000040e+02,2.215457951612713750e+00
1.227400000000000091e+02,2.253144531627742975e+00
1.227500000000000000e+02,2.282279602270721242e+00
1.227600000000000051e+02,2.260668628283234227e+00
1.227700000000000102e+02,2.179057793603464521e+00
1.227800000000000011e+02,2.086844566660631450e+00
1.227900000000000063e+02,2.029951526439979226e+00
1.228000000000000114e+02,2.010352511511601215e+00
1.228100000000000023e+02,2.011478999468799156e+00
1.228200000000000074e+02,2.075391837852553323e+00
1.228300000000000125e+02,2.173626483876426985e+00
1.228400000000000034e+02,2.218099686584216190e+00
1.228500000000000085e+02,2.182864640805975309e+00
1.228599999999999994e+02,2.077938527681701952e+00
1.228700000000000045e+02,1.902669114250820082e+00
1.228800000000000097e+02,1.798677813663136726e+00
1.228900000000000006e+02,1.928513636482770410e+00
1.229000000000000057e+02,2.194163812665089086e+00
1.229100000000000108e+02,2.385173368186052745e+00
1.229200000000000017e+02,2.387082412385672203e+00
1.229300000000000068e+02,2.225515136472676847e+00
1.229400000000000119e+02,2.020913489263950868e+00
1.229500000000000028e+02,1.942415859677067314e+00
1.229600000000000080e+02,2.027769016234590715e+00
1.229699999999999989e+02,2.143557443549391373e+00
1.229800000000000040e+02,2.230749668013199738e+00
1.229900000000000091e+02,2.317139029239290160e+00
1.230000000000000000e+02,2.380361083455407645e+00
1.230100000000000051e+02,2.378827336396863945e+00
1.230200000000000102e+02,2.318260842355751805e+00
1.230300000000000011e+02,2.225298682601731137e+00
1.230400000000000063e+02,2.149064114153879768e+00
1.230500000000000114e+02,2.080144328435889811e+00
1.230600000000000023e+02,2.031648856432627159e+00
1.230700000000000074e+02,2.081364307303264827e+00
1.230800000000000125e+02,2.213745254541271468e+00
1.230900000000000034e+02,2.309134212404293507e+00
1.231000000000000085e+02,2.331752416747756129e+00
1.231099999999999994e+02,2.319292851545271983e+00
1.231200000000000045e+02,2.300795044037821313e+00
1.231300000000000097e+02,2.262893998754912150e+00
1.231400000000000006e+02,2.185197764693393552e+00
1.231500000000000057e+02,2.096039121891573487e+00
1.231600000000000108e+02,2.050728982532797229e+00
1.231700000000000017e+02,2.084710634356719883e+00
1.231800000000000068e+02,2.171503540429993606e+00
1.231900000000000119e+02,2.270266795444975116e+00
1.232000000000000028e+02,2.332906587692700651e+00
1.232100000000000080e+02,2.295404071661458101e+00
1.232199999999999989e+02,2.155849679453555989e+00
1.232300000000000040e+02,1.982319303568423452e+00
1.232400000000000091e+02,1.877731088042161822e+00
1.232500000000000000e+02,1.949359423118271373e+00
1.232600000000000051e+02,2.124461261590805172e+00
1.232700000000000102e+02,2.257383578614853725e+00
1.232800000000000011e+02,2.289528079517697989e+00
1.232900000000000063e+02,2.195245682947583266e+00
1.233000000000000114e+02,2.079473336929329008e+00
1.233100000000000023e+02,2.030001405073405429e+00
1.233200000000000074e+02,2.062643861867578643e+00
1.233300000000000125e+02,2.156031919731245861e+00
1.233400000000000034e+02,2.251224699402528007e+00
1.233500000000000085e+02,2.320880571356484623e+00
1.233599999999999994e+02,2.360574514562079784e+00
1.233700000000000045e+02,2.374435309647326964e+00
1.233800000000000097e+02,2.362972180792656030e+00
1.233900000000000006e+02,2.303834622385034780e+00
1.234000000000000057e+02,2.178976805337770717e+00
1.234100000000000108e+02,2.045017029977990397e+00
1.234200000000000017e+02,2.008874260101910725e+00
1.234300000000000068e+02,2.029837869349174984e+00
1.234400000000000119e+02,2.028689178271525506e+00
1.234500000000000028e+02,2.053135271657715144e+00
1.234600000000000080e+02,2.088211220087662134e+00
1.234699999999999989e+02,2.010894106734613995e+00
1.234800000000000040e+02,1.861226892349237216e+00
1.234900000000000091e+02,1.848350356875287037e+00
1.235000000000000000e+02,1.974424869998603560e+00
1.235100000000000051e+02,2.075507329714834093e+00
1.235200000000000102e+02,2.070602200807533766e+00
1.235300000000000011e+02,2.041324128192532061e+00
1.235400000000000063e+02,2.026452010988911034e+00
1.235500000000000114e+02,1.957651650683542854e+00
1.235600000000000023e+02,1.901488799246790373e+00
1.235700000000000074e+02,1.938831300630356358e+00
1.235800000000000125e+02,1.989392451990305455e+00
1.235900000000000034e+02,1.927410314419065296e+00
1.236000000000000085e+02,1.883538663435396998e+00
1.236099999999999994e+02,1.932585577023951950e+00
1.236200000000000045e+02,1.967179036535311898e+00
1.236300000000000097e+02,1.921885636165690192e+00
1.236400000000000006e+02,1.913272795197015208e+00
1.236500000000000057e+02,1.952595913767362301e+00
1.236600000000000108e+02,1.927638442780180483e+00
1.236700000000000017e+02,1.865101059049884435e+00
1.236800000000000068e+02,1.884414136438431475e+00
1.236900000000000119e+02,1.952614358932403205e+00
1.237000000000000028e+02,1.950801171864779970e+00
1.237100000000000080e+02,1.892058369375797300e+00
1.237199999999999989e+02,1.878705902580018128e+00
1.237300000000000040e+02,1.900434887256335248e+00
1.237400000000000091e+02,1.856310226304051625e+00
1.237500000000000000e+02,1.837790863645806905e+00
1.237600000000000051e+02,1.881637989678141887e+00
1.237700000000000102e+02,1.908933657438099729e+00
1.237800000000000011e+02,1.830206529138173499e+00
1.237900000000000063e+02,1.774442006293809326e+00
1.238000000000000114e+02,1.851209549402768495e+00
1.238100000000000023e+02,1.942541679681545341e+00
1.238200000000000074e+02,1.936775554910790786e+00
1.238300000000000125e+02,1.883827505718079776e+00
1.238400000000000034e+02,1.887618499723924481e+00
1.238500000000000085e+02,1.931681530998317076e+00
1.238599999999999994e+02,1.893052740126381250e+00
1.238700000000000045e+02,1.814112545047852798e+00
1.238800000000000097e+02,1.834622259785376297e+00
1.238900000000000006e+02,1.937459652870222593e+00
1.239000000000000057e+02,1.952717935007511896e+00
1.239100000000000108e+02,1.868943465009040850e+00
1.239200000000000017e+02,1.834923979487978585e+00
1.239300000000000068e+02,1.916472546007376820e+00
1.239400000000000119e+02,1.952941326947638334e+00
1.239500000000000028e+02,1.932628994323535077e+00
1.239600000000000080e+02,1.954638913584808346e+00
1.239699999999999989e+02,2.008263045220918919e+00
1.239800000000000040e+02,1.989040457507086135e+00
1.239900000000000091e+02,1.944033075233032815e+00
1.240000000000000000e+02,1.963317219198160934e+00
1.240100000000000051e+02,1.990089635895831321e+00
1.240200000000000102e+02,1.964651171709623334e+00
1.240300000000000011e+02,2.005806972367979224e+00
1.240400000000000063e+02,2.113901062136068543e+00
1.240500000000000114e+02,2.146402402812669141e+00
1.240600000000000023e+02,2.062399049383992988e+00
1.240700000000000074e+02,1.975593609374153736e+00
1.240800000000000125e+02,1.972999920577798161e+00
1.240900000000000034e+02,2.022118314169574660e+00
1.241000000000000085e+02,2.079433009861102022e+00
1.241099999999999994e+02,2.110618506054564136e+00
1.241200000000000045e+02,2.047024817460696866e+00
1.241300000000000097e+02,1.952377571910719922e+00
1.241400000000000006e+02,2.017524316929042882e+00
1.241500000000000057e+02,2.149065127584551593e+00
1.241600000000000108e+02,2.127366969777428451e+00
1.241700000000000017e+02,1.988646503655187026e+00
1.241800000000000068e+02,1.877976616600962156e+00
1.241900000000000119e+02,1.907875103773829295e+00
1.242000000000000028e+02,2.060499341179219179e+00
1.242100000000000080e+02,2.203023282332712274e+00
1.242199999999999989e+02,2.235802789447226324e+00
1.242300000000000040e+02,2.191356213056198321e+00
1.242400000000000091e+02,2.105303016622547041e+00
1.242500000000000000e+02,2.020601489557007913e+00
1.242600000000000051e+02,1.956708035400273937e+00
1.242700000000000102e+02,1.862512769271662982e+00
1.242800000000000011e+02,1.824437098751283237e+00
1.242900000000000063e+02,1.982053601192460546e+00
1.243000000000000114e+02,2.174302622566601784e+00
1.243100000000000023e+02,2.286881899486721714e+00
1.243200000000000074e+02,2.296160385186539532e+00
1.243300000000000125e+02,2.173769275820228941e+00
1.243400000000000034e+02,1.914802695449325132e+00
1.243500000000000085e+02,1.721458065855802078e+00
1.243599999999999994e+02,1.869023468284975342e+00
1.243700000000000045e+02,2.119749308880651384e+00
1.243800000000000097e+02,2.250457941331053036e+00
1.243900000000000006e+02,2.208488956753010157e+00
1.244000000000000057e+02,2.026846026909789433e+00
1.244100000000000108e+02,1.819193788055576855e+00
1.244200000000000017e+02,1.814632070200457248e+00
1.244300000000000068e+02,2.024663788311531043e+00
1.244400000000000119e+02,2.201537653323240917e+00
1.244500000000000028e+02,2.227130204500849864e+00
1.244600000000000080e+02,2.125004663359589152e+00
1.244699999999999989e+02,1.958426755561718746e+00
1.244800000000000040e+02,1.871497644935735449e+00
1.244900000000000091e+02,1.930618547952961617e+00
1.245000000000000000e+02,1.957095099631082746e+00
1.245100000000000051e+02,1.925780100452800792e+00
1.245200000000000102e+02,1.958491170825132688e+00
1.245300000000000011e+02,2.035682310184966592e+00
1.245400000000000063e+02,2.091039840414333550e+00
1.245500000000000114e+02,2.068475899932121997e+00
1.245600000000000023e+02,1.922203290861817626e+00
1.245700000000000074e+02,1.780140939364072805e+00
1.245800000000000125e+02,1.899079705330979806e+00
1.245900000000000034e+02,2.112716184299254341e+00
1.246000000000000085e+02,2.265025464992390880e+00
1.246099999999999994e+02,2.329857397299027966e+00
1.246200000000000045e+02,2.283778138472299712e+00
1.246300000000000097e+02,2.115367247511411364e+00
1.246400000000000006e+02,1.897192913939961256e+00
1.246500000000000057e+02,1.784388369605675484e+00
1.246600000000000108e+02,1.896214413861470272e+00
1.246700000000000017e+02,2.096340996775333920e+00
1.246800000000000068e+02,2.261660011177851537e+00
1.246900000000000119e+02,2.347219589155645991e+00
1.247000000000000028e+02,2.336374452394351042e+00
1.247100000000000080e+02,2.243709156079726430e+00
1.247200000000000131e+02,2.087372183772937095e+00
1.247300000000000040e+02,1.886400001829145356e+00
1.247400000000000091e+02,1.763728565539777637e+00
1.247500000000000000e+02,1.905568250916508388e+00
1.247600000000000051e+02,2.134199652305519557e+00
1.247700000000000102e+02,2.273518402812038097e+00
1.247800000000000011e+02,2.290322744694292645e+00
1.247900000000000063e+02,2.214599301367179862e+00
1.248000000000000114e+02,2.066352611021652130e+00
1.248100000000000023e+02,1.891920536323869806e+00
1.248200000000000074e+02,1.843165815804155727e+00
1.248300000000000125e+02,1.939666722223176709e+00
1.248400000000000034e+02,1.977288169412845242e+00
1.248500000000000085e+02,1.984657740619273802e+00
1.248599999999999994e+02,1.995551476359354481e+00
1.248700000000000045e+02,1.972857976388569412e+00
1.248800000000000097e+02,1.897702751117782416e+00
1.248900000000000006e+02,1.838488194060543313e+00
1.249000000000000057e+02,1.853040062383973119e+00
1.249100000000000108e+02,1.904531461147333626e+00
1.249200000000000017e+02,1.971596206351594160e+00
1.249300000000000068e+02,2.008600435377827953e+00
1.249400000000000119e+02,1.974198709603467661e+00
1.249500000000000028e+02,1.911979352111314201e+00
1.249600000000000080e+02,1.913088708058254150e+00
1.249700000000000131e+02,1.969260777652364958e+00
1.249800000000000040e+02,2.011164353428132934e+00
1.249900000000000091e+02,2.016196476586545661e+00
1.250000000000000000e+02,1.973055857040038052e+00
1.250100000000000051e+02,1.927470836951885147e+00
1.250200000000000102e+02,1.949746919474422580e+00
1.250300000000000011e+02,1.994895751787547189e+00
1.250400000000000063e+02,2.000296628427894241e+00
1.250500000000000114e+02,1.986412194309126855e+00
1.250600000000000023e+02,1.958637067401717280e+00
1.250700000000000074e+02,1.937702913142260064e+00
1.250800000000000125e+02,1.943877480629887744e+00
1.250900000000000034e+02,1.945641754306275617e+00
1.251000000000000085e+02,1.932491879982940253e+00
1.251099999999999994e+02,1.943404864561164791e+00
1.251200000000000045e+02,1.962775489071534096e+00
1.251300000000000097e+02,1.987039030140072438e+00
1.251400000000000006e+02,2.014767326343168019e+00
1.251500000000000057e+02,1.970653375710705202e+00
1.251600000000000108e+02,1.820422629391317049e+00
1.251700000000000017e+02,1.810960831409668792e+00
1.251800000000000068e+02,1.998217825892863564e+00
1.251900000000000119e+02,2.145633786547928246e+00
1.252000000000000028e+02,2.205371637714605537e+00
1.252100000000000080e+02,2.199506550047077624e+00
1.252200000000000131e+02,2.112613585656638815e+00
1.252300000000000040e+02,1.955435416122200509e+00
1.252400000000000091e+02,1.896447019344595031e+00
1.252500000000000000e+02,2.006954018490707092e+00
1.252600000000000051e+02,2.124704517997737518e+00
1.252700000000000102e+02,2.168746343963718903e+00
1.252800000000000011e+02,2.150878040285873816e+00
1.252900000000000063e+02,2.079496892190271673e+00
1.253000000000000114e+02,1.978155282398477377e+00
1.253100000000000023e+02,1.929189089779692834e+00
1.253200000000000074e+02,2.001629079655119270e+00
1.253300000000000125e+02,2.103633980964606742e+00
1.253400000000000034e+02,2.143665981482189675e+00
1.253500000000000085e+02,2.146697411830785995e+00
1.253599999999999994e+02,2.126586332841674309e+00
1.253700000000000045e+02,2.101418417622963553e+00
1.253800000000000097e+02,2.039228593120692157e+00
1.253900000000000006e+02,1.954910594201432872e+00
1.254000000000000057e+02,1.921565262918748962e+00
1.254100000000000108e+02,2.030107514186379358e+00
1.254200000000000017e+02,2.139477617334661463e+00
1.254300000000000068e+02,2.201123231993384000e+00
1.254400000000000119e+02,2.225862601676258379e+00
1.254500000000000028e+02,2.212966677132758520e+00
1.254600000000000080e+02,2.130844914178644967e+00
1.254700000000000131e+02,2.047804330569940046e+00
1.254800000000000040e+02,2.027603388859862577e+00
1.254900000000000091e+02,2.059559360363521829e+00
1.255000000000000000e+02,2.081089256295606482e+00
1.255100000000000051e+02,2.150788728643750591e+00
1.255200000000000102e+02,2.231647160539497854e+00
1.255300000000000011e+02,2.187520572686118214e+00
1.255400000000000063e+02,2.090932998566906953e+00
1.255500000000000114e+02,2.053588398297232942e+00
1.255600000000000023e+02,2.075545217945395926e+00
1.255700000000000074e+02,2.141944641868458454e+00
1.255800000000000125e+02,2.216947475702796488e+00
1.255900000000000034e+02,2.263634444167388349e+00
1.256000000000000085e+02,2.203938626940641576e+00
1.256099999999999994e+02,2.025057947837541672e+00
1.256200000000000045e+02,1.855465081212793299e+00
1.256300000000000097e+02,1.872803689979277486e+00
1.256400000000000006e+02,2.033432772948247980e+00
1.256500000000000057e+02,2.187759542774296850e+00
1.256600000000000108e+02,2.258154077781230562e+00
1.256700000000000017e+02,2.200685645429623971e+00
1.256800000000000068e+02,2.040927782406814828e+00
1.256900000000000119e+02,1.908567434098151328e+00
1.257000000000000028e+02,1.950945917584851808e+00
1.257100000000000080e+02,2.098373723976736827e+00
1.257200000000000131e+02,2.229004609453287156e+00
1.257300000000000040e+02,2.327357288325323292e+00
1.257400000000000091e+02,2.371511750718515721e+00
1.257500000000000000e+02,2.350245536763339693e+00
1.257600000000000051e+02,2.283559398281769681e+00
1.257700000000000102e+02,2.200707566017120254e+00
1.257800000000000011e+02,2.130396196714592350e+00
1.257900000000000063e+02,2.101071822686934709e+00
1.258000000000000114e+02,2.128563987439654248e+00
1.258100000000000023e+02,2.237233297661198161e+00
1.258200000000000074e+02,2.387085167355576409e+00
1.258300000000000125e+02,2.471093606690163647e+00
1.258400000000000034e+02,2.435410124454605807e+00
1.258500000000000085e+02,2.331216764992908530e+00
1.258599999999999994e+02,2.207359150801019521e+00
1.258700000000000045e+02,2.084067518139467445e+00
1.258800000000000097e+02,1.998122976727158218e+00
1.258900000000000006e+02,2.002892674928939520e+00
1.259000000000000057e+02,2.071764830771339660e+00
1.259100000000000108e+02,2.136331307662741708e+00
1.259200000000000017e+02,2.157542547160773427e+00
1.259300000000000068e+02,2.113457515534438169e+00
1.259400000000000119e+02,2.024204199788400604e+00
1.259500000000000028e+02,1.965135269069536950e+00
1.259600000000000080e+02,1.973087569401064556e+00
1.259700000000000131e+02,2.045907728555713234e+00
1.259800000000000040e+02,2.152131344458326101e+00
1.259900000000000091e+02,2.223422485860255815e+00
1.260000000000000000e+02,2.217662645622412665e+00
1.260100000000000051e+02,2.136902206062785581e+00
1.260200000000000102e+02,2.021113926433886210e+00
1.260300000000000011e+02,1.928997933286865418e+00
1.260400000000000063e+02,1.900500158479603741e+00
1.260500000000000114e+02,1.957906584486604595e+00
1.260600000000000023e+02,2.059826261952449222e+00
1.260700000000000074e+02,2.103663698241712954e+00
1.260800000000000125e+02,2.036132080342529793e+00
1.260900000000000034e+02,1.924333817220910126e+00
1.261000000000000085e+02,1.881632185869491547e+00
1.261099999999999994e+02,1.917745893620946385e+00
1.261200000000000045e+02,1.939084428100025015e+00
1.261300000000000097e+02,1.941947014853906417e+00
1.261400000000000006e+02,1.954249465907564209e+00
1.261500000000000057e+02,1.952131026160898175e+00
1.261600000000000108e+02,1.942467446960180810e+00
1.261700000000000017e+02,1.953977594165296594e+00
1.261800000000000068e+02,1.951117685789352185e+00
1.261900000000000119e+02,1.922823911438590327e+00
1.262000000000000028e+02,1.976123724011227489e+00
1.262100000000000080e+02,2.109666557373461870e+00
1.262200000000000131e+02,2.208433490621803497e+00
1.262300000000000040e+02,2.210780592008171563e+00
1.262400000000000091e+02,2.157219166797847087e+00
1.262500000000000000e+02,2.083591751999417596e+00
1.262600000000000051e+02,2.004035459217226922e+00
1.262700000000000102e+02,1.950391170124598395e+00
1.262800000000000011e+02,1.978242245150982459e+00
1.262900000000000063e+02,2.074554680913473170e+00
1.263000000000000114e+02,2.147813484662949524e+00
1.263100000000000023e+02,2.171795436614600394e+00
1.263200000000000074e+02,2.161801862544299624e+00
1.263300000000000125e+02,2.154441623460705113e+00
1.263400000000000034e+02,2.156918072992111579e+00
1.263500000000000085e+02,2.155340870604926184e+00
1.263599999999999994e+02,2.164500907669018481e+00
1.263700000000000045e+02,2.154671886227693012e+00
1.263800000000000097e+02,2.098587331635259901e+00
1.263900000000000006e+02,2.086289647963580851e+00
1.264000000000000057e+02,2.193677900367554390e+00
1.264100000000000108e+02,2.333486055374018875e+00
1.264200000000000017e+02,2.387988284895886881e+00
1.264300000000000068e+02,2.333709622785363091e+00
1.264400000000000119e+02,2.195291743688979391e+00
1.264500000000000028e+02,2.035046204115277924e+00
1.264600000000000080e+02,1.906886033917339685e+00
1.264700000000000131e+02,1.893491926364883726e+00
1.264800000000000040e+02,1.996731878351473366e+00
1.264900000000000091e+02,2.117725978384361607e+00
1.265000000000000000e+02,2.153597714833482613e+00
1.265100000000000051e+02,2.062463049043303354e+00
1.265200000000000102e+02,1.908192860039047867e+00
1.265300000000000011e+02,1.853221822902213045e+00
1.265400000000000063e+02,1.937289864181661381e+00
1.265500000000000114e+02,2.020811009730747010e+00
1.265600000000000023e+02,2.037399096775346585e+00
1.265700000000000074e+02,2.054368122984777667e+00
1.265800000000000125e+02,2.098222808193638933e+00
1.265900000000000034e+02,2.093128333251689899e+00
1.266000000000000085e+02,2.040877261419951072e+00
1.266099999999999994e+02,2.005840819114268037e+00
1.266200000000000045e+02,2.028916442138759546e+00
1.266300000000000097e+02,2.076397975168537524e+00
1.266400000000000006e+02,2.060109278974298075e+00
1.266500000000000057e+02,2.000913210776769091e+00
1.266600000000000108e+02,1.953951200353785778e+00
1.266700000000000017e+02,1.940311404971893472e+00
1.266800000000000068e+02,1.946762883488639240e+00
1.266900000000000119e+02,1.979649471987654508e+00
1.267000000000000028e+02,2.001250428402453707e+00
1.267100000000000080e+02,1.977078603511757127e+00
1.267200000000000131e+02,1.953227194230358510e+00
1.267300000000000040e+02,1.989066805872794719e+00
1.267400000000000091e+02,2.048591528222256652e+00
1.267500000000000000e+02,2.050578383316521869e+00
1.267600000000000051e+02,1.975164287588250245e+00
1.267700000000000102e+02,1.870724883354043966e+00
1.267800000000000011e+02,1.843777907240728764e+00
1.267900000000000063e+02,1.930999431681945877e+00
1.268000000000000114e+02,2.043344257754919457e+00
1.268100000000000023e+02,2.096427425264227651e+00
1.268200000000000074e+02,2.038199276444774277e+00
1.268300000000000125e+02,1.888398376137831791e+00
1.268400000000000034e+02,1.803059067945363081e+00
1.268500000000000085e+02,1.893785512459106313e+00
1.268599999999999994e+02,1.983414621429417046e+00
1.268700000000000045e+02,1.949903310628503972e+00
1.268800000000000097e+02,1.848978434163037976e+00
1.268900000000000006e+02,1.801423837413061779e+00
1.269000000000000057e+02,1.869658065262201907e+00
1.269100000000000108e+02,1.943606489698981976e+00
1.269200000000000017e+02,1.962600359650430670e+00
1.269300000000000068e+02,1.934248532014435584e+00
1.269400000000000119e+02,1.863287195039991850e+00
1.269500000000000028e+02,1.808658846355498229e+00
1.269600000000000080e+02,1.882212686839614513e+00
1.269700000000000131e+02,2.009932722754669498e+00
1.269800000000000040e+02,2.006801113837641370e+00
1.269900000000000091e+02,1.863594401928702959e+00
1.270000000000000000e+02,1.792410338650165080e+00
1.270100000000000051e+02,1.905308663392889956e+00
1.270200000000000102e+02,2.051397020593526577e+00
1.270300000000000011e+02,2.073353431159290050e+00
1.270400000000000063e+02,1.969493692221429892e+00
1.270500000000000114e+02,1.873289267304972805e+00
1.270600000000000023e+02,1.872475951808193706e+00
1.270700000000000074e+02,1.943950425113768921e+00
1.270800000000000125e+02,2.051546093852146146e+00
1.270900000000000034e+02,2.097047425596282988e+00
1.271000000000000085e+02,1.987921373319378127e+00
1.271099999999999994e+02,1.873246620874037927e+00
1.271200000000000045e+02,1.937385249479566030e+00
1.271300000000000097e+02,2.056157674137856883e+00
1.271400000000000006e+02,2.073979982966084989e+00
1.271500000000000057e+02,2.041723968185709115e+00
1.271600000000000108e+02,2.001272539090066083e+00
1.271700000000000017e+02,1.910095492294560326e+00
1.271800000000000068e+02,1.823828492699902659e+00
1.271900000000000119e+02,1.889022933951835403e+00
1.272000000000000028e+02,2.036052878316278125e+00
1.272100000000000080e+02,2.098357098810638810e+00
1.272200000000000131e+02,2.046234850188267007e+00
1.272300000000000040e+02,1.925989038401049847e+00
1.272400000000000091e+02,1.824513874896269927e+00
1.272500000000000000e+02,1.823030217186759172e+00
1.272600000000000051e+02,1.931245777374023920e+00
1.272700000000000102e+02,2.041754096971522880e+00
1.272800000000000011e+02,2.039737240265274920e+00
1.272900000000000063e+02,1.888677455486776013e+00
1.273000000000000114e+02,1.767156477197194819e+00
1.273100000000000023e+02,1.858460192121424104e+00
1.273200000000000074e+02,2.003820588575734529e+00
1.273300000000000125e+02,2.020024605988748778e+00
1.273400000000000034e+02,1.893666462315896082e+00
1.273500000000000085e+02,1.737325107744661645e+00
1.273599999999999994e+02,1.760268079810572095e+00
1.273700000000000045e+02,1.897819807515982449e+00
1.273800000000000097e+02,1.952757372281564763e+00
1.273900000000000006e+02,1.910392336066075947e+00
1.274000000000000057e+02,1.837428033964867868e+00
1.274100000000000108e+02,1.811928457776410317e+00
1.274200000000000017e+02,1.843236211449851059e+00
1.274300000000000068e+02,1.870684496113655060e+00
1.274400000000000119e+02,1.903970755395155701e+00
1.274500000000000028e+02,1.919344911082945471e+00
1.274600000000000080e+02,1.892977718965545897e+00
1.274700000000000131e+02,1.889896148707647994e+00
1.274800000000000040e+02,1.905383451749280033e+00
1.274900000000000091e+02,1.897266724975695373e+00
1.275000000000000000e+02,1.937029663169874905e+00
1.275100000000000051e+02,2.003675760022064711e+00
1.275200000000000102e+02,1.981584868684659773e+00
1.275300000000000011e+02,1.869179608758880340e+00
1.275400000000000063e+02,1.843527876572524038e+00
1.275500000000000114e+02,1.937204341854519285e+00
1.275600000000000023e+02,2.002583836672013451e+00
1.275700000000000074e+02,2.016374184545120851e+00
1.275800000000000125e+02,1.984175077381025609e+00
1.275900000000000034e+02,1.909803278272398153e+00
1.276000000000000085e+02,1.811609962353927905e+00
1.276099999999999994e+02,1.834619336020417935e+00
1.276200000000000045e+02,2.013356299143297612e+00
1.276300000000000097e+02,2.196299656467668893e+00
1.276400000000000006e+02,2.286570369461652596e+00
1.276500000000000057e+02,2.296491565954466463e+00
1.276600000000000108e+02,2.279836281950964771e+00
1.276700000000000017e+02,2.219731464614582261e+00
1.276800000000000068e+02,2.117704120551310965e+00
1.276900000000000119e+02,2.061301491194337476e+00
1.277000000000000028e+02,2.075755265487721601e+00
1.277100000000000080e+02,2.154696454472415201e+00
1.277200000000000131e+02,2.268739556771777188e+00
1.277300000000000040e+02,2.345086656011031501e+00
1.277400000000000091e+02,2.313241089748320434e+00
1.277500000000000000e+02,2.282923464666303914e+00
1.277600000000000051e+02,2.271985285995708370e+00
1.277700000000000102e+02,2.237351121189742997e+00
1.277800000000000011e+02,2.219920683633764824e+00
1.277900000000000063e+02,2.194113002418972780e+00
1.278000000000000114e+02,2.056728906410370872e+00
1.278100000000000023e+02,1.948532810834859852e+00
1.278200000000000074e+02,1.992380923804733195e+00
1.278300000000000125e+02,2.110932517425651689e+00
1.278400000000000034e+02,2.160764863682533843e+00
1.278500000000000085e+02,2.061425895540268893e+00
1.278599999999999994e+02,1.873122969712346375e+00
1.278700000000000045e+02,1.789367718302752319e+00
1.278800000000000097e+02,1.898190027101870347e+00
1.278900000000000006e+02,2.047246364412451669e+00
1.279000000000000057e+02,2.115697392139054944e+00
1.279100000000000108e+02,2.035568926233891851e+00
1.279200000000000017e+02,1.820432611420977453e+00
1.279300000000000068e+02,1.697189384177264060e+00
1.279400000000000119e+02,1.888295679766280877e+00
1.279500000000000028e+02,2.081554709107834356e+00
1.279600000000000080e+02,2.092912940526910237e+00
1.279700000000000131e+02,1.906876946334240763e+00
1.279800000000000040e+02,1.717219526485766590e+00
1.279900000000000091e+02,1.834482032731855616e+00
1.280000000000000000e+02,2.019179595176219255e+00
1.280100000000000193e+02,1.984612740764303496e+00
1.280200000000000102e+02,1.814341789862372600e+00
1.280300000000000011e+02,1.765758313298849691e+00
1.280399999999999920e+02,1.914230726162339691e+00
1.280500000000000114e+02,2.001237760802298649e+00
1.280600000000000023e+02,1.979267242068387445e+00
1.280699999999999932e+02,1.929112273030266334e+00
1.280800000000000125e+02,1.931584375537605203e+00
1.280900000000000034e+02,1.945893290194763203e+00
1.280999999999999943e+02,1.992883303491701730e+00
1.281100000000000136e+02,2.012952212934027596e+00
1.281200000000000045e+02,1.919400753344907784e+00
1.281299999999999955e+02,1.832761966729176573e+00
1.281400000000000148e+02,1.896644721999615646e+00
1.281500000000000057e+02,1.972321220389823271e+00
1.281599999999999966e+02,1.977447004028426214e+00
1.281700000000000159e+02,1.919341705778571994e+00
1.281800000000000068e+02,1.845707269645975312e+00
1.281899999999999977e+02,1.858862916817967337e+00
1.282000000000000171e+02,1.936401821146891411e+00
1.282100000000000080e+02,1.977441366437952652e+00
1.282199999999999989e+02,1.964578210869957431e+00
1.282300000000000182e+02,1.941758250748274905e+00
1.282400000000000091e+02,1.942910654468959164e+00
1.282500000000000000e+02,2.013145671491261446e+00
1.282600000000000193e+02,2.062656055508285124e+00
1.282700000000000102e+02,1.956879748400499386e+00
1.282800000000000011e+02,1.857888366646660794e+00
1.282899999999999920e+02,1.971773356004437705e+00
1.283000000000000114e+02,2.171250462766559863e+00
1.283100000000000023e+02,2.287053316059773245e+00
1.283199999999999932e+02,2.307632548528686378e+00
1.283300000000000125e+02,2.243411906095045261e+00
1.283400000000000034e+02,2.100700396352606969e+00
1.283499999999999943e+02,1.964169921987657164e+00
1.283600000000000136e+02,1.897170056452767595e+00
1.283700000000000045e+02,1.871416515252817048e+00
1.283799999999999955e+02,1.900399196981781724e+00
1.283900000000000148e+02,2.031140625071538697e+00
1.284000000000000057e+02,2.160191207463820984e+00
1.284099999999999966e+02,2.176733465031720272e+00
1.284200000000000159e+02,2.075566617769711630e+00
1.284300000000000068e+02,1.925700684052690459e+00
1.284399999999999977e+02,1.824987480637607185e+00
1.284500000000000171e+02,1.841987638117042803e+00
1.284600000000000080e+02,1.922412546027516767e+00
1.284699999999999989e+02,1.975491315724015262e+00
1.284800000000000182e+02,1.951989036229712093e+00
1.284900000000000091e+02,1.879394319799865709e+00
1.285000000000000000e+02,1.855837220717377001e+00
1.285100000000000193e+02,1.903608179092798558e+00
1.285200000000000102e+02,1.904978984028170563e+00
1.285300000000000011e+02,1.818638275062965493e+00
1.285399999999999920e+02,1.780290746010043446e+00
1.285500000000000114e+02,1.867327778194283860e+00
1.285600000000000023e+02,1.960283483700507867e+00
1.285699999999999932e+02,1.935444773819185782e+00
1.285800000000000125e+02,1.823518075386421300e+00
1.285900000000000034e+02,1.817944835476588139e+00
1.285999999999999943e+02,1.958812431992660086e+00
1.286100000000000136e+02,2.060004324353713390e+00
1.286200000000000045e+02,2.064491662982681497e+00
1.286299999999999955e+02,1.977494178220507104e+00
1.286400000000000148e+02,1.838717679288747409e+00
1.286500000000000057e+02,1.807576197809929175e+00
1.286599999999999966e+02,1.941057278443889755e+00
1.286700000000000159e+02,2.029026509023723168e+00
1.286800000000000068e+02,1.950039241150033797e+00
1.286899999999999977e+02,1.798711476252931041e+00
1.287000000000000171e+02,1.797081431099882387e+00
1.287100000000000080e+02,1.930494932238880246e+00
1.287199999999999989e+02,1.981671030317595505e+00
1.287300000000000182e+02,1.903351815456090890e+00
1.287400000000000091e+02,1.825074964213798889e+00
1.287500000000000000e+02,1.857669125436496760e+00
1.287600000000000193e+02,1.951745401717395856e+00
1.287700000000000102e+02,2.024982660673665169e+00
1.287800000000000011e+02,2.013704031601714295e+00
1.287899999999999920e+02,1.868904755057356537e+00
1.288000000000000114e+02,1.760242082170517808e+00
1.288100000000000023e+02,1.894640884824614568e+00
1.288199999999999932e+02,2.056442662138674660e+00
1.288300000000000125e+02,2.036162964207187454e+00
1.288400000000000034e+02,1.872506548448896080e+00
1.288499999999999943e+02,1.765953407768449557e+00
1.288600000000000136e+02,1.844501105985301592e+00
1.288700000000000045e+02,1.922466207537859795e+00
1.288799999999999955e+02,1.910653351300543923e+00
1.288900000000000148e+02,1.850120136342772614e+00
1.289000000000000057e+02,1.829929905286265868e+00
1.289099999999999966e+02,1.857118207164261126e+00
1.289200000000000159e+02,1.899900712633162847e+00
1.289300000000000068e+02,1.929069473195820672e+00
1.289399999999999977e+02,1.922189870311723059e+00
1.289500000000000171e+02,1.879725040026066774e+00
1.289600000000000080e+02,1.855599722036248123e+00
1.289699999999999989e+02,1.898008338247227478e+00
1.289800000000000182e+02,1.950791346502489754e+00
1.289900000000000091e+02,1.916742968586294005e+00
1.290000000000000000e+02,1.815831849172439449e+00
1.290100000000000193e+02,1.830032431932560488e+00
1.290200000000000102e+02,1.949116167806321798e+00
1.290300000000000011e+02,1.986903264978946426e+00
1.290399999999999920e+02,1.907050939394120848e+00
1.290500000000000114e+02,1.846115357344984664e+00
1.290600000000000023e+02,1.898419277248575288e+00
1.290699999999999932e+02,1.954972910115124751e+00
1.290800000000000125e+02,1.970090185916369752e+00
1.290900000000000034e+02,1.994986984965315235e+00
1.290999999999999943e+02,1.989987742223554346e+00
1.291100000000000136e+02,1.888776271246809246e+00
1.291200000000000045e+02,1.844064671913650866e+00
1.291299999999999955e+02,1.938090622494210491e+00
1.291400000000000148e+02,2.013368339698426546e+00
1.291500000000000057e+02,1.972135978628248631e+00
1.291599999999999966e+02,1.878884527053218845e+00
1.291700000000000159e+02,1.830092502498165796e+00
1.291800000000000068e+02,1.899540933094098882e+00
1.291899999999999977e+02,1.987791864582406198e+00
1.292000000000000171e+02,1.998288928883908522e+00
1.292100000000000080e+02,1.963804034826285960e+00
1.292199999999999989e+02,1.912571993128624914e+00
1.292300000000000182e+02,1.824364277495039710e+00
1.292400000000000091e+02,1.823641334034738160e+00
1.292500000000000000e+02,1.978002406393885693e+00
1.292600000000000193e+02,2.142924057380475755e+00
1.292700000000000102e+02,2.123312255062828946e+00
1.292800000000000011e+02,1.951500576377060314e+00
1.292899999999999920e+02,1.846739508566380916e+00
1.293000000000000114e+02,1.895191071950266037e+00
1.293100000000000023e+02,1.969342019812708289e+00
1.293199999999999932e+02,2.028473239680523399e+00
1.293300000000000125e+02,2.128345510602072999e+00
1.293400000000000034e+02,2.124589511176217638e+00
1.293499999999999943e+02,2.003308771108437192e+00
1.293600000000000136e+02,1.948530273565180826e+00
1.293700000000000045e+02,2.000633552177909280e+00
1.293799999999999955e+02,2.087747008164543061e+00
1.293900000000000148e+02,2.154000829572728648e+00
1.294000000000000057e+02,2.230376237969729392e+00
1.294099999999999966e+02,2.200103942044556948e+00
1.294200000000000159e+02,2.029458717441672277e+00
1.294300000000000068e+02,1.925004563682902070e+00
1.294399999999999977e+02,1.993565467899161225e+00
1.294500000000000171e+02,2.169337198892785867e+00
1.294600000000000080e+02,2.310290777651159644e+00
1.294699999999999989e+02,2.381916989338630053e+00
1.294800000000000182e+02,2.383332611974249726e+00
1.294900000000000091e+02,2.285459598789704838e+00
1.295000000000000000e+02,2.082099040415704927e+00
1.295100000000000193e+02,1.874773631241915428e+00
1.295200000000000102e+02,1.859692314470326568e+00
1.295300000000000011e+02,1.956035750721341060e+00
1.295399999999999920e+02,2.008239689902577396e+00
1.295500000000000114e+02,2.013018568766816063e+00
1.295600000000000023e+02,1.987680784859581218e+00
1.295699999999999932e+02,1.920339544247319008e+00
1.295800000000000125e+02,1.871151678966726628e+00
1.295900000000000034e+02,1.928000770357729987e+00
1.295999999999999943e+02,2.033253058172789007e+00
1.296100000000000136e+02,2.040487251366447374e+00
1.296200000000000045e+02,1.932172126355206521e+00
1.296299999999999955e+02,1.847895730962383132e+00
1.296400000000000148e+02,1.884258984834356276e+00
1.296500000000000057e+02,1.964719197773564074e+00
1.296599999999999966e+02,1.994824891387713128e+00
1.296700000000000159e+02,1.915831107594039073e+00
1.296800000000000068e+02,1.780590991244198840e+00
1.296899999999999977e+02,1.768958339679315372e+00
1.297000000000000171e+02,1.899572530761854727e+00
1.297100000000000080e+02,1.982848739148803441e+00
1.297199999999999989e+02,1.939793150794434595e+00
1.297300000000000182e+02,1.820447106379363689e+00
1.297400000000000091e+02,1.814799429913949824e+00
1.297500000000000000e+02,1.927773519192542029e+00
1.297600000000000193e+02,1.959008230204508205e+00
1.297700000000000102e+02,1.867264575970957408e+00
1.297800000000000011e+02,1.800858703785501946e+00
1.297899999999999920e+02,1.889807290287821351e+00
1.298000000000000114e+02,2.002025216364919036e+00
1.298100000000000023e+02,2.023912230060632034e+00
1.298199999999999932e+02,1.939191629410564000e+00
1.298300000000000125e+02,1.844775148818954991e+00
1.298400000000000034e+02,1.875364634837715538e+00
1.298499999999999943e+02,1.967103714398404257e+00
1.298600000000000136e+02,1.993934082285570009e+00
1.298700000000000045e+02,1.977385142505120985e+00
1.298799999999999955e+02,1.972879655757035167e+00
1.298900000000000148e+02,1.965857725904904152e+00
1.299000000000000057e+02,1.956016030225722790e+00
1.299099999999999966e+02,1.989733567717044460e+00
1.299200000000000159e+02,2.036239086183152747e+00
1.299300000000000068e+02,2.017208469296120299e+00
1.299399999999999977e+02,1.986496814747006345e+00
1.299500000000000171e+02,2.033996428315448135e+00
1.299600000000000080e+02,2.076673397720499192e+00
1.299699999999999989e+02,2.027501200122948877e+00
1.299800000000000182e+02,1.978789596192581435e+00
1.299900000000000091e+02,2.013619884114179026e+00
1.300000000000000000e+02,2.054967188253865373e+00
1.300100000000000193e+02,2.026040804278136154e+00
1.300200000000000102e+02,1.990332183958245071e+00
1.300300000000000011e+02,1.981074054193835643e+00
1.300399999999999920e+02,1.952593008207291758e+00
1.300500000000000114e+02,1.899076504778045571e+00
1.300600000000000023e+02,1.908771289914011682e+00
1.300699999999999932e+02,1.940541687519234282e+00
1.300800000000000125e+02,1.897908992365019420e+00
1.300900000000000034e+02,1.813624881390856203e+00
1.300999999999999943e+02,1.831959235354324811e+00
1.301100000000000136e+02,1.945955919336304518e+00
1.301200000000000045e+02,2.017917234006390004e+00
1.301299999999999955e+02,1.989920297800894966e+00
1.301400000000000148e+02,1.901631081072246099e+00
1.301500000000000057e+02,1.858965785699134399e+00
1.301599999999999966e+02,1.899940870448341590e+00
1.301700000000000159e+02,1.917431272640560236e+00
1.301800000000000068e+02,1.906381851938377725e+00
1.301899999999999977e+02,1.948898885755748767e+00
1.302000000000000171e+02,2.033993283568065635e+00
1.302100000000000080e+02,2.040197920423409084e+00
1.302199999999999989e+02,1.956123429873483088e+00
1.302300000000000182e+02,1.925600498675673622e+00
1.302400000000000091e+02,1.948746763948564054e+00
1.302500000000000000e+02,1.943208760092440812e+00
1.302600000000000193e+02,1.952183494449228229e+00
1.302700000000000102e+02,1.963671738987960769e+00
1.302800000000000011e+02,1.926807691519835997e+00
1.302899999999999920e+02,1.856462802751512653e+00
1.303000000000000114e+02,1.871896648990002854e+00
1.303100000000000023e+02,1.974911694228377090e+00
1.303199999999999932e+02,2.067533388460752519e+00
1.303300000000000125e+02,2.042707880632959938e+00
1.303400000000000034e+02,1.907215787424170417e+00
1.303499999999999943e+02,1.856641290206592521e+00
1.303600000000000136e+02,1.959493895678166675e+00
1.303700000000000045e+02,2.036319426514415554e+00
1.303799999999999955e+02,2.042623201792243659e+00
1.303900000000000148e+02,2.041211474125108616e+00
1.304000000000000057e+02,2.011022922718684214e+00
1.304099999999999966e+02,1.908122617469852234e+00
1.304200000000000159e+02,1.885264487386319132e+00
1.304300000000000068e+02,2.029458014470858718e+00
1.304399999999999977e+02,2.210249082728008130e+00
1.304500000000000171e+02,2.263543205021719018e+00
1.304600000000000080e+02,2.163077038780635508e+00
1.304699999999999989e+02,2.020039184496182028e+00
1.304800000000000182e+02,1.909580734218901732e+00
1.304900000000000091e+02,1.839775980194327865e+00
1.305000000000000000e+02,1.902795714205809618e+00
1.305100000000000193e+02,2.034255857383726607e+00
1.305200000000000102e+02,2.076939201565612070e+00
1.305300000000000011e+02,1.955406294303053683e+00
1.305400000000000205e+02,1.795471537646864846e+00
1.305500000000000114e+02,1.791487338526287276e+00
1.305600000000000023e+02,1.929833594691521492e+00
1.305699999999999932e+02,1.981928865020134323e+00
1.305800000000000125e+02,1.946813664170251146e+00
1.305900000000000034e+02,1.904412954324770757e+00
1.305999999999999943e+02,1.868247026626832286e+00
1.306100000000000136e+02,1.817239785168704769e+00
1.306200000000000045e+02,1.863300689475533511e+00
1.306299999999999955e+02,1.997575674110995125e+00
1.306400000000000148e+02,2.055689021423230844e+00
1.306500000000000057e+02,1.915934437030662574e+00
1.306599999999999966e+02,1.734005450539300552e+00
1.306700000000000159e+02,1.812813131296218128e+00
1.306800000000000068e+02,2.017122112813203305e+00
1.306899999999999977e+02,2.072583692906029729e+00
1.307000000000000171e+02,1.932508556074201911e+00
1.307100000000000080e+02,1.753699829218215323e+00
1.307199999999999989e+02,1.796311458294469254e+00
1.307300000000000182e+02,1.962953058939514772e+00
1.307400000000000091e+02,1.995459980881602036e+00
1.307500000000000000e+02,1.915612791797965953e+00
1.307600000000000193e+02,1.831952350908723881e+00
1.307700000000000102e+02,1.837367651533028834e+00
1.307800000000000011e+02,1.859078675715473361e+00
1.307900000000000205e+02,1.923754616056839728e+00
1.308000000000000114e+02,2.007524891228001263e+00
1.308100000000000023e+02,2.042348341003560996e+00
1.308199999999999932e+02,1.936767373744198384e+00
1.308300000000000125e+02,1.847596749943016592e+00
1.308400000000000034e+02,1.908427525372656364e+00
1.308499999999999943e+02,1.988710811178941551e+00
1.308600000000000136e+02,1.946532070760715438e+00
1.308700000000000045e+02,1.929514906446695433e+00
1.308799999999999955e+02,1.983118982436505418e+00
1.308900000000000148e+02,1.995160886244515597e+00
1.309000000000000057e+02,1.911003182257947408e+00
1.309099999999999966e+02,1.888176264335509558e+00
1.309200000000000159e+02,1.971996895661856541e+00
1.309300000000000068e+02,2.004594602033038964e+00
1.309399999999999977e+02,1.905930989359268635e+00
1.309500000000000171e+02,1.845903655259396814e+00
1.309600000000000080e+02,1.920056243889746161e+00
1.309699999999999989e+02,2.041791655409532780e+00
1.309800000000000182e+02,2.052270318549678230e+00
1.309900000000000091e+02,2.003379682561446273e+00
1.310000000000000000e+02,1.925584787149088983e+00
1.310100000000000193e+02,1.834412847425573423e+00
1.310200000000000102e+02,1.792916983577321322e+00
1.310300000000000011e+02,1.957631041539748207e+00
1.310400000000000205e+02,2.136349703302341307e+00
1.310500000000000114e+02,2.170126314526414912e+00
1.310600000000000023e+02,2.012959178622358181e+00
1.310699999999999932e+02,1.766724630269244756e+00
1.310800000000000125e+02,1.776429163912820020e+00
1.310900000000000034e+02,1.986881367092661277e+00
1.310999999999999943e+02,2.109376327661804496e+00
1.311100000000000136e+02,2.029732135652387193e+00
1.311200000000000045e+02,1.839914435646397228e+00
1.311299999999999955e+02,1.824612229159938259e+00
1.311400000000000148e+02,1.967662090705616817e+00
1.311500000000000057e+02,2.027185781076810578e+00
1.311599999999999966e+02,2.020644624470121720e+00
1.311700000000000159e+02,1.995881543428867921e+00
1.311800000000000068e+02,1.945164899899235023e+00
1.311899999999999977e+02,1.908116109281612349e+00
1.312000000000000171e+02,1.970991407414045771e+00
1.312100000000000080e+02,1.978204009322597656e+00
1.312199999999999989e+02,1.867780498666800737e+00
1.312300000000000182e+02,1.911329321310171414e+00
1.312400000000000091e+02,2.113576582951278038e+00
1.312500000000000000e+02,2.219680766056236543e+00
1.312600000000000193e+02,2.214885836629056914e+00
1.312700000000000102e+02,2.176790256524500311e+00
1.312800000000000011e+02,2.086977907070413529e+00
1.312900000000000205e+02,1.992562185478786940e+00
1.313000000000000114e+02,1.971595564232178299e+00
1.313100000000000023e+02,2.006600458711199853e+00
1.313199999999999932e+02,1.999260784740199082e+00
1.313300000000000125e+02,1.985273173898242760e+00
1.313400000000000034e+02,2.026456161998083871e+00
1.313499999999999943e+02,2.068279007411717885e+00
1.313600000000000136e+02,2.096655947216901517e+00
1.313700000000000045e+02,2.112600249739643665e+00
1.313799999999999955e+02,2.035017905326633958e+00
1.313900000000000148e+02,1.889145726538850045e+00
1.314000000000000057e+02,1.866685525309498495e+00
1.314099999999999966e+02,1.971718651177189585e+00
1.314200000000000159e+02,2.051988124356474152e+00
1.314300000000000068e+02,2.057765299542199777e+00
1.314399999999999977e+02,2.001477895406292618e+00
1.314500000000000171e+02,1.948757912543268134e+00
1.314600000000000080e+02,1.951699831787665707e+00
1.314699999999999989e+02,1.971846608968354397e+00
1.314800000000000182e+02,1.952693821212122982e+00
1.314900000000000091e+02,1.922702663960291103e+00
1.315000000000000000e+02,1.956170255499249722e+00
1.315100000000000193e+02,2.063339224945815786e+00
1.315200000000000102e+02,2.168725817271514700e+00
1.315300000000000011e+02,2.143219509546327561e+00
1.315400000000000205e+02,1.991527035141628543e+00
1.315500000000000114e+02,1.850843119661955694e+00
1.315600000000000023e+02,1.861451493324497886e+00
1.315699999999999932e+02,1.986319391588372341e+00
1.315800000000000125e+02,2.077030018295354274e+00
1.315900000000000034e+02,2.067771057467436169e+00
1.315999999999999943e+02,1.996847331194850916e+00
1.316100000000000136e+02,1.954060972052816814e+00
1.316200000000000045e+02,1.984639747888768957e+00
1.316299999999999955e+02,2.038534239521132108e+00
1.316400000000000148e+02,2.034431279473456478e+00
1.316500000000000057e+02,1.957012386598510734e+00
1.316599999999999966e+02,1.893364644224666993e+00
1.316700000000000159e+02,1.920693358763964298e+00
1.316800000000000068e+02,2.000420701352592090e+00
1.316899999999999977e+02,2.069011550475250427e+00
1.317000000000000171e+02,2.084311955178495435e+00
1.317100000000000080e+02,2.046579633046317515e+00
1.317199999999999989e+02,2.016546630678299756e+00
1.317300000000000182e+02,2.040742887675956130e+00
1.317400000000000091e+02,2.063978590392837376e+00
1.317500000000000000e+02,2.018492343706064673e+00
1.317600000000000193e+02,1.950510315276491102e+00
1.317700000000000102e+02,1.926379574357036217e+00
1.317800000000000011e+02,1.925629151134765626e+00
1.317900000000000205e+02,1.910303631206307085e+00
1.318000000000000114e+02,1.921132445356124041e+00
1.318100000000000023e+02,1.981129627246085878e+00
1.318199999999999932e+02,2.037210945183251631e+00
1.318300000000000125e+02,2.048768393327058401e+00
1.318400000000000034e+02,2.038108819574774522e+00
1.318499999999999943e+02,2.020877417771051121e+00
1.318600000000000136e+02,1.964740278623415159e+00
1.318700000000000045e+02,1.878727198825230538e+00
1.318799999999999955e+02,1.878671534047028358e+00
1.318900000000000148e+02,1.955769206458971121e+00
1.319000000000000057e+02,1.981788146698994169e+00
1.319099999999999966e+02,1.955414016428805191e+00
1.319200000000000159e+02,1.967589640424992847e+00
1.319300000000000068e+02,2.018759762425557547e+00
1.319399999999999977e+02,2.053016999434591483e+00
1.319500000000000171e+02,2.091500572810976344e+00
1.319600000000000080e+02,2.118048185540568618e+00
1.319699999999999989e+02,2.076396192348365144e+00
1.319800000000000182e+02,1.982555976711092516e+00
1.319900000000000091e+02,1.939525094537535521e+00
1.320000000000000000e+02,1.960120083299152771e+00
1.320100000000000193e+02,1.934269477302242857e+00
1.320200000000000102e+02,1.909971158717119977e+00
1.320300000000000011e+02,1.959816227920324394e+00
1.320400000000000205e+02,2.017478563530861191e+00
1.320500000000000114e+02,2.008028241770837496e+00
1.320600000000000023e+02,2.021104626919261626e+00
1.320699999999999932e+02,2.085582716819506910e+00
1.320800000000000125e+02,2.101850863185947382e+00
1.320900000000000034e+02,2.082028169549624774e+00
1.320999999999999943e+02,2.115751798353308288e+00
1.321100000000000136e+02,2.152461603510069210e+00
1.321200000000000045e+02,2.110446111542859882e+00
1.321299999999999955e+02,2.046136347627331098e+00
1.321400000000000148e+02,2.008683929503216614e+00
1.321500000000000057e+02,1.967870595853214555e+00
1.321599999999999966e+02,1.909253309968791390e+00
1.321700000000000159e+02,1.932766483204735319e+00
1.321800000000000068e+02,2.024354198754557910e+00
1.321899999999999977e+02,2.051360023022316348e+00
1.322000000000000171e+02,1.974925226852380700e+00
1.322100000000000080e+02,1.904158018866589863e+00
1.322199999999999989e+02,1.935917706048137399e+00
1.322300000000000182e+02,1.998686036172673264e+00
1.322400000000000091e+02,1.966800156923606435e+00
1.322500000000000000e+02,1.933704012494098956e+00
1.322600000000000193e+02,1.978288329623564046e+00
1.322700000000000102e+02,2.024874379534603364e+00
1.322800000000000011e+02,2.099796620919975876e+00
1.322900000000000205e+02,2.206176059770395881e+00
1.323000000000000114e+02,2.187742035152631104e+00
1.323100000000000023e+02,2.027714246605618609e+00
1.323199999999999932e+02,1.919545713168232526e+00
1.323300000000000125e+02,1.933867717649154550e+00
1.323400000000000034e+02,1.939951612271828774e+00
1.323499999999999943e+02,1.918165912904419290e+00
1.323600000000000136e+02,1.934295331561342479e+00
1.323700000000000045e+02,1.926482966859556667e+00
1.323799999999999955e+02,1.927607447640727889e+00
1.323900000000000148e+02,2.018330225458657701e+00
1.324000000000000057e+02,2.096791523947958868e+00
1.324099999999999966e+02,1.998355619828462659e+00
1.324200000000000159e+02,1.834408344098990673e+00
1.324300000000000068e+02,1.878377792138738123e+00
1.324399999999999977e+02,2.012665362945366354e+00
1.324500000000000171e+02,1.990785784382639312e+00
1.324600000000000080e+02,1.911722531148284387e+00
1.324699999999999989e+02,1.908795629526638615e+00
1.324800000000000182e+02,1.972357580308398584e+00
1.324900000000000091e+02,1.981694808642339156e+00
1.325000000000000000e+02,1.912696654490720904e+00
1.325100000000000193e+02,1.876032334502793608e+00
1.325200000000000102e+02,1.927700564818094042e+00
1.325300000000000011e+02,1.985956941376121998e+00
1.325400000000000205e+02,2.032000945373795719e+00
1.325500000000000114e+02,2.057252113427033624e+00
1.325600000000000023e+02,2.007170528928719833e+00
1.325699999999999932e+02,1.898901639606433100e+00
1.325800000000000125e+02,1.924200144371681853e+00
1.325900000000000034e+02,2.065018274132216280e+00
1.325999999999999943e+02,2.078945000547152588e+00
1.326100000000000136e+02,1.978814136218962849e+00
1.326200000000000045e+02,1.967432198577628411e+00
1.326299999999999955e+02,2.049838948210322087e+00
1.326400000000000148e+02,2.093577268337616815e+00
1.326500000000000057e+02,2.093321826117522377e+00
1.326599999999999966e+02,2.025109306432618439e+00
1.326700000000000159e+02,1.910121110139354039e+00
1.326800000000000068e+02,1.914611141929347671e+00
1.326899999999999977e+02,2.094310458933918984e+00
1.327000000000000171e+02,2.219974188003094984e+00
1.327100000000000080e+02,2.101661246252592541e+00
1.327199999999999989e+02,1.925107011726880701e+00
1.327300000000000182e+02,1.874860388962334978e+00
1.327400000000000091e+02,1.966271036581681786e+00
1.327500000000000000e+02,2.053351391545568116e+00
1.327600000000000193e+02,2.059440880660296180e+00
1.327700000000000102e+02,1.965698360177039916e+00
1.327800000000000011e+02,1.867899336581371639e+00
1.327900000000000205e+02,1.886317006461574408e+00
1.328000000000000114e+02,2.055016872969612329e+00
1.328100000000000023e+02,2.236034822371027353e+00
1.328199999999999932e+02,2.245082112603590474e+00
1.328300000000000125e+02,2.081030063538471087e+00
1.328400000000000034e+02,1.920246905350380784e+00
1.328499999999999943e+02,1.892502428128386649e+00
1.328600000000000136e+02,1.986723904158495202e+00
1.328700000000000045e+02,2.107052682772997176e+00
1.328799999999999955e+02,2.186940646554278000e+00
1.328900000000000148e+02,2.166632959599700037e+00
1.329000000000000057e+02,2.088462868511911985e+00
1.329099999999999966e+02,2.018875371272670805e+00
1.329200000000000159e+02,2.020949594518739456e+00
1.329300000000000068e+02,2.069081993865495406e+00
1.329399999999999977e+02,2.074728138721027015e+00
1.329500000000000171e+02,2.080107717417738478e+00
1.329600000000000080e+02,2.169950056848718223e+00
1.329699999999999989e+02,2.278121959758801385e+00
1.329800000000000182e+02,2.282060979627433372e+00
1.329900000000000091e+02,2.225170348708871426e+00
1.330000000000000000e+02,2.254968482065842217e+00
1.330100000000000193e+02,2.359768478668624159e+00
1.330200000000000102e+02,2.386473474669331019e+00
1.330300000000000011e+02,2.307339684786395839e+00
1.330400000000000205e+02,2.258720302620740750e+00
1.330500000000000114e+02,2.324310067920865031e+00
1.330600000000000023e+02,2.451515072604565582e+00
1.330699999999999932e+02,2.563120072489654344e+00
1.330800000000000125e+02,2.546008512902033782e+00
1.330900000000000034e+02,2.470666753774395819e+00
1.330999999999999943e+02,2.434375134730099255e+00
1.331100000000000136e+02,2.446248848404880771e+00
1.331200000000000045e+02,2.473123800782750070e+00
1.331299999999999955e+02,2.465826603241401571e+00
1.331400000000000148e+02,2.384488213181290561e+00
1.331500000000000057e+02,2.270958229025385577e+00
1.331599999999999966e+02,2.182267341551954676e+00
1.331700000000000159e+02,2.120261785186385861e+00
1.331800000000000068e+02,2.068613597617767752e+00
1.331899999999999977e+02,2.053525486709791181e+00
1.332000000000000171e+02,2.079702130188828324e+00
1.332100000000000080e+02,2.120264686898396089e+00
1.332199999999999989e+02,2.116818046750041926e+00
1.332300000000000182e+02,2.076580195190969480e+00
1.332400000000000091e+02,2.052296464823038846e+00
1.332500000000000000e+02,2.098536150204546313e+00
1.332600000000000193e+02,2.187417838293846728e+00
1.332700000000000102e+02,2.243673019839590221e+00
1.332800000000000011e+02,2.248870564797435634e+00
1.332900000000000205e+02,2.238455409626893378e+00
1.333000000000000114e+02,2.241661143895858022e+00
1.333100000000000023e+02,2.219184886422901570e+00
1.333199999999999932e+02,2.116565514505017731e+00
1.333300000000000125e+02,1.940439419982387559e+00
1.333400000000000034e+02,1.838909154147553071e+00
1.333499999999999943e+02,1.936932023325357521e+00
1.333600000000000136e+02,2.066099460915694408e+00
1.333700000000000045e+02,2.120046665747888692e+00
1.333799999999999955e+02,2.133695253006174575e+00
1.333900000000000148e+02,2.098774596765571321e+00
1.334000000000000057e+02,2.009758177000799062e+00
1.334099999999999966e+02,1.931543906089346674e+00
1.334200000000000159e+02,1.931617057997714770e+00
1.334300000000000068e+02,1.907242639567703790e+00
1.334399999999999977e+02,1.891207620337496120e+00
1.334500000000000171e+02,2.027766314996226615e+00
1.334600000000000080e+02,2.178347256761326012e+00
1.334699999999999989e+02,2.197801190354194745e+00
1.334800000000000182e+02,2.094246287673188878e+00
1.334900000000000091e+02,1.945994726480142711e+00
1.335000000000000000e+02,1.810378061202545297e+00
1.335100000000000193e+02,1.770480575201035300e+00
1.335200000000000102e+02,1.938089975475187243e+00
1.335300000000000011e+02,2.116598653665155094e+00
1.335400000000000205e+02,2.168444102418057629e+00
1.335500000000000114e+02,2.110941769870847473e+00
1.335600000000000023e+02,2.047921010564696331e+00
1.335699999999999932e+02,2.021267132005485578e+00
1.335800000000000125e+02,1.972265752801759753e+00
1.335900000000000034e+02,1.957858006708498744e+00
1.335999999999999943e+02,2.019125359578848311e+00
1.336100000000000136e+02,2.073405348054078168e+00
1.336200000000000045e+02,2.084728193824749276e+00
1.336299999999999955e+02,2.088051911829309493e+00
1.336400000000000148e+02,2.084006076557365361e+00
1.336500000000000057e+02,2.029038164128274868e+00
1.336599999999999966e+02,1.935309523943659293e+00
1.336700000000000159e+02,1.915267552394730677e+00
1.336800000000000068e+02,1.953418896715963138e+00
1.336899999999999977e+02,1.970035450039501645e+00
1.337000000000000171e+02,1.990707106365838586e+00
1.337100000000000080e+02,1.998809783713834332e+00
1.337199999999999989e+02,1.939604796229121408e+00
1.337300000000000182e+02,1.857203031627105538e+00
1.337400000000000091e+02,1.874388036752156816e+00
1.337500000000000000e+02,1.946402562549806703e+00
1.337600000000000193e+02,1.978156230674304572e+00
1.337700000000000102e+02,1.985504710891750957e+00
1.337800000000000011e+02,1.984803860354720229e+00
1.337900000000000205e+02,1.996691686958189660e+00
1.338000000000000114e+02,2.017362657145695515e+00
1.338100000000000023e+02,1.999503430746523147e+00
1.338199999999999932e+02,1.921551756534799926e+00
1.338300000000000125e+02,1.845983850719735919e+00
1.338400000000000034e+02,1.852553700960820837e+00
1.338499999999999943e+02,1.936784451616964109e+00
1.338600000000000136e+02,2.041187702078469002e+00
1.338700000000000045e+02,2.097912196799309292e+00
1.338799999999999955e+02,2.078310441784221307e+00
1.338900000000000148e+02,2.025624089059439026e+00
1.339000000000000057e+02,1.953682306741745256e+00
1.339099999999999966e+02,1.875953412109968355e+00
1.339200000000000159e+02,1.868989169917729898e+00
1.339300000000000068e+02,1.958616066967788560e+00
1.339399999999999977e+02,2.065370748939851175e+00
1.339500000000000171e+02,2.115175522268035735e+00
1.339600000000000080e+02,2.063142507739656573e+00
1.339699999999999989e+02,1.930514708626967613e+00
1.339800000000000182e+02,1.831377021926921422e+00
1.339900000000000091e+02,1.870444716784312122e+00
1.340000000000000000e+02,1.974091722996514919e+00
1.340100000000000193e+02,2.079716383534307322e+00
1.340200000000000102e+02,2.137116635569308087e+00
1.340300000000000011e+02,2.104744538017996991e+00
1.340400000000000205e+02,2.022314972843571645e+00
1.340500000000000114e+02,1.977266994601796002e+00
1.340600000000000023e+02,1.993015787395254312e+00
1.340699999999999932e+02,2.027406263953179799e+00
1.340800000000000125e+02,2.091217578457744697e+00
1.340900000000000034e+02,2.155972766188087419e+00
1.340999999999999943e+02,2.173556556719164146e+00
1.341100000000000136e+02,2.154507082422694175e+00
1.341200000000000045e+02,2.125169230575993939e+00
1.341299999999999955e+02,2.035460185849053971e+00
1.341400000000000148e+02,1.855033664684736294e+00
1.341500000000000057e+02,1.798351061349519053e+00
1.341599999999999966e+02,1.955143539174023726e+00
1.341700000000000159e+02,2.111572586776623517e+00
1.341800000000000068e+02,2.164379261304172353e+00
1.341899999999999977e+02,2.121777515379225765e+00
1.342000000000000171e+02,1.989044842264665380e+00
1.342100000000000080e+02,1.818403586176286169e+00
1.342199999999999989e+02,1.809337211575387849e+00
1.342300000000000182e+02,1.965920469995802389e+00
1.342400000000000091e+02,2.046213154823318447e+00
1.342500000000000000e+02,1.986591080695932598e+00
1.342600000000000193e+02,1.890794889369546317e+00
1.342700000000000102e+02,1.876286327426944345e+00
1.342800000000000011e+02,1.952506500911414422e+00
1.342900000000000205e+02,2.025120763394209433e+00
1.343000000000000114e+02,2.013068046521541365e+00
1.343100000000000023e+02,1.885141189139364126e+00
1.343199999999999932e+02,1.747635123024440684e+00
1.343300000000000125e+02,1.815077811382673767e+00
1.343400000000000034e+02,1.972273000889057437e+00
1.343499999999999943e+02,2.030139440847809951e+00
1.343600000000000136e+02,1.956280744786951020e+00
1.343700000000000045e+02,1.838471508957918665e+00
1.343799999999999955e+02,1.822377841422563982e+00
1.343900000000000148e+02,1.886156030150372143e+00
1.344000000000000057e+02,1.945691354135123063e+00
1.344099999999999966e+02,1.977369868898263938e+00
1.344200000000000159e+02,1.978601606273496794e+00
1.344300000000000068e+02,1.946129728050729035e+00
1.344399999999999977e+02,1.888089532477257082e+00
1.344500000000000171e+02,1.874229524326556318e+00
1.344600000000000080e+02,1.937099187837947545e+00
1.344699999999999989e+02,2.009760797017798417e+00
1.344800000000000182e+02,2.028414199869489121e+00
1.344900000000000091e+02,2.029771234224612808e+00
1.345000000000000000e+02,2.041400109136374041e+00
1.345100000000000193e+02,2.027940256469799252e+00
1.345200000000000102e+02,1.984839130633866855e+00
1.345300000000000011e+02,1.954473449200623936e+00
1.345400000000000205e+02,1.952639146847159113e+00
1.345500000000000114e+02,1.958243308197426202e+00
1.345600000000000023e+02,1.959022570696928645e+00
1.345699999999999932e+02,1.954823588178739469e+00
1.345800000000000125e+02,1.958911423750446801e+00
1.345900000000000034e+02,2.004444864145682903e+00
1.345999999999999943e+02,2.069927273819058833e+00
1.346100000000000136e+02,2.099971659070664742e+00
1.346200000000000045e+02,2.106776731716010431e+00
1.346299999999999955e+02,2.125230304155293126e+00
1.346400000000000148e+02,2.130008173528917581e+00
1.346500000000000057e+02,2.117892839687598894e+00
1.346599999999999966e+02,2.098268221939225242e+00
1.346700000000000159e+02,2.057929698046072620e+00
1.346800000000000068e+02,2.029319061877652430e+00
1.346899999999999977e+02,2.015560559893946113e+00
1.347000000000000171e+02,1.979614938567599847e+00
1.347100000000000080e+02,1.916412755488754449e+00
1.347199999999999989e+02,1.885499136992643043e+00
1.347300000000000182e+02,1.897988661952436207e+00
1.347400000000000091e+02,1.923332329707998944e+00
1.347500000000000000e+02,1.969080569758384192e+00
1.347600000000000193e+02,1.976175752659666829e+00
1.347700000000000102e+02,1.930462709740853322e+00
1.347800000000000011e+02,1.891971455228645516e+00
1.347900000000000205e+02,1.902510491561083761e+00
1.348000000000000114e+02,1.917451691907778200e+00
1.348100000000000023e+02,1.915025082681686586e+00
1.348199999999999932e+02,1.947664057403124538e+00
1.348300000000000125e+02,2.009875276851774917e+00
1.348400000000000034e+02,2.036376946957512590e+00
1.348499999999999943e+02,2.017427509106585415e+00
1.348600000000000136e+02,2.002524256557209448e+00
1.348700000000000045e+02,2.006795817964548423e+00
1.348799999999999955e+02,2.011961846904656515e+00
1.348900000000000148e+02,2.017155494675608729e+00
1.349000000000000057e+02,2.031591592446671424e+00
1.349099999999999966e+02,2.043694546868489947e+00
1.349200000000000159e+02,2.044145946575244288e+00
1.349300000000000068e+02,2.012001556386077361e+00
1.349399999999999977e+02,1.973911262975111880e+00
1.349500000000000171e+02,2.005969063968833233e+00
1.349600000000000080e+02,2.122405716563164013e+00
1.349699999999999989e+02,2.249671457746662995e+00
1.349800000000000182e+02,2.318410386665830103e+00
1.349900000000000091e+02,2.295181547285530144e+00
1.350000000000000000e+02,2.179994267836500299e+00
1.350100000000000193e+02,2.082322979564890542e+00
1.350200000000000102e+02,2.094087627560985876e+00
1.350300000000000011e+02,2.216683936033505553e+00
1.350400000000000205e+02,2.372011644039927702e+00
1.350500000000000114e+02,2.497823356169126541e+00
1.350600000000000023e+02,2.549096997417713339e+00
1.350699999999999932e+02,2.553394654213093862e+00
1.350800000000000125e+02,2.582220460859994571e+00
1.350900000000000034e+02,2.625979136653793677e+00
1.350999999999999943e+02,2.629668266988062442e+00
1.351100000000000136e+02,2.586604161059244955e+00
1.351200000000000045e+02,2.523468789874168561e+00
1.351299999999999955e+02,2.463160915454976951e+00
1.351400000000000148e+02,2.407952705465994825e+00
1.351500000000000057e+02,2.347206480294393938e+00
1.351599999999999966e+02,2.304034740138265480e+00
1.351700000000000159e+02,2.261349494088872092e+00
1.351800000000000068e+02,2.166493539581643812e+00
1.351899999999999977e+02,2.060798800675116116e+00
1.352000000000000171e+02,2.004322313889658869e+00
1.352100000000000080e+02,2.011884404845616370e+00
1.352199999999999989e+02,2.013877073576240129e+00
1.352300000000000182e+02,1.990274958674051797e+00
1.352400000000000091e+02,1.998267755738706075e+00
1.352500000000000000e+02,2.036269686190903538e+00
1.352600000000000193e+02,2.079194463555778416e+00
1.352700000000000102e+02,2.113130885108871038e+00
1.352800000000000011e+02,2.113098608706181825e+00
1.352900000000000205e+02,2.069183956883727138e+00
1.353000000000000114e+02,2.051036446712735550e+00
1.353100000000000023e+02,2.063178868512374198e+00
1.353199999999999932e+02,2.057632430650333966e+00
1.353300000000000125e+02,2.027491219000714828e+00
1.353400000000000034e+02,2.014150562616657592e+00
1.353499999999999943e+02,2.017973894138624047e+00
1.353600000000000136e+02,2.025353544590178689e+00
1.353700000000000045e+02,2.018591890724818150e+00
1.353799999999999955e+02,1.983473040528658915e+00
1.353900000000000148e+02,1.948155911862549550e+00
1.354000000000000057e+02,1.977063901353721898e+00
1.354099999999999966e+02,2.106101088139171296e+00
1.354200000000000159e+02,2.299013338826028097e+00
1.354300000000000068e+02,2.465231800622406766e+00
1.354399999999999977e+02,2.527191887312872698e+00
1.354500000000000171e+02,2.459849768197237552e+00
1.354600000000000080e+02,2.311298219983738189e+00
1.354699999999999989e+02,2.149527681817565927e+00
1.354800000000000182e+02,2.048548979009289006e+00
1.354900000000000091e+02,2.040217024779471533e+00
1.355000000000000000e+02,2.074244132015323316e+00
1.355100000000000193e+02,2.078556725639211233e+00
1.355200000000000102e+02,2.033295249711659203e+00
1.355300000000000011e+02,1.970541089675624802e+00
1.355400000000000205e+02,1.948346275716922982e+00
1.355500000000000114e+02,1.990626823013295299e+00
1.355600000000000023e+02,2.031194183159255928e+00
1.355699999999999932e+02,2.031317529979004721e+00
1.355800000000000125e+02,2.014185265982252560e+00
1.355900000000000034e+02,2.012213994534376660e+00
1.355999999999999943e+02,1.992481662751253602e+00
1.356100000000000136e+02,1.917004456880578189e+00
1.356200000000000045e+02,1.874989448343643561e+00
1.356299999999999955e+02,1.944158025804487044e+00
1.356400000000000148e+02,2.042459922177177312e+00
1.356500000000000057e+02,2.067496828292609834e+00
1.356599999999999966e+02,2.017546585385328495e+00
1.356700000000000159e+02,1.981329174594669951e+00
1.356800000000000068e+02,1.990511453898218042e+00
1.356899999999999977e+02,2.011533441829889579e+00
1.357000000000000171e+02,2.053906748126603787e+00
1.357100000000000080e+02,2.085174415007051252e+00
1.357199999999999989e+02,2.081958875770605566e+00
1.357300000000000182e+02,2.052643977995209923e+00
1.357400000000000091e+02,2.060040249509702548e+00
1.357500000000000000e+02,2.114762642363210432e+00
1.357600000000000193e+02,2.088042084491529504e+00
1.357700000000000102e+02,1.945024574995475763e+00
1.357800000000000011e+02,1.851617240795937036e+00
1.357900000000000205e+02,1.924197136095542771e+00
1.358000000000000114e+02,1.997805056982104643e+00
1.358100000000000023e+02,1.966822791868778397e+00
1.358199999999999932e+02,1.914384149758884046e+00
1.358300000000000125e+02,1.902360179884825975e+00
1.358400000000000034e+02,1.948929814886663836e+00
1.358499999999999943e+02,2.129087553904947416e+00
1.358600000000000136e+02,2.312656340214412687e+00
1.358700000000000045e+02,2.407356243407358765e+00
1.358799999999999955e+02,2.420004604724794284e+00
1.358900000000000148e+02,2.402749902839504070e+00
1.359000000000000057e+02,2.371200453442817047e+00
1.359099999999999966e+02,2.358946405155021520e+00
1.359200000000000159e+02,2.396192549290198315e+00
1.359300000000000068e+02,2.453469605769525330e+00
1.359399999999999977e+02,2.454561771124525116e+00
1.359500000000000171e+02,2.389726396495824190e+00
1.359600000000000080e+02,2.316630373866281012e+00
1.359699999999999989e+02,2.260533122066347378e+00
1.359800000000000182e+02,2.127406751138447127e+00
1.359900000000000091e+02,1.984520840271649655e+00
1.360000000000000000e+02,1.984404047233117696e+00
1.360100000000000193e+02,2.111463051535592328e+00
1.360200000000000102e+02,2.194787936043024690e+00
1.360300000000000011e+02,2.244697851337679850e+00
1.360400000000000205e+02,2.269216153498824440e+00
1.360500000000000114e+02,2.213796053863139157e+00
1.360600000000000023e+02,2.044382857588078473e+00
1.360699999999999932e+02,1.945939463344120268e+00
1.360800000000000125e+02,2.028452078802947867e+00
1.360900000000000034e+02,2.178914649544584581e+00
1.360999999999999943e+02,2.285330539024935437e+00
1.361100000000000136e+02,2.293191941683032642e+00
1.361200000000000045e+02,2.259864413919560278e+00
1.361299999999999955e+02,2.146126324823402154e+00
1.361400000000000148e+02,1.961287100069748934e+00
1.361500000000000057e+02,1.815689358150230914e+00
1.361599999999999966e+02,1.893331638937034711e+00
1.361700000000000159e+02,2.037387746601024840e+00
1.361800000000000068e+02,2.100001965070509513e+00
1.361899999999999977e+02,2.106943004093846827e+00
1.362000000000000171e+02,2.010532722464372313e+00
1.362100000000000080e+02,1.859226932060743076e+00
1.362199999999999989e+02,1.811124719394002547e+00
1.362300000000000182e+02,1.904515259823349016e+00
1.362400000000000091e+02,2.062872210414401941e+00
1.362500000000000000e+02,2.142893164789136939e+00
1.362600000000000193e+02,2.127116236175164765e+00
1.362700000000000102e+02,2.057169363591632383e+00
1.362800000000000011e+02,1.933531552082871974e+00
1.362900000000000205e+02,1.842108034128292049e+00
1.363000000000000114e+02,1.909547236231667000e+00
1.363100000000000023e+02,2.085675598457249258e+00
1.363199999999999932e+02,2.218656801174981652e+00
1.363300000000000125e+02,2.177296916568799201e+00
1.363400000000000034e+02,1.965668844490341849e+00
1.363499999999999943e+02,1.737598396091570407e+00
1.363600000000000136e+02,1.825787520715375534e+00
1.363700000000000045e+02,2.065669863748803348e+00
1.363799999999999955e+02,2.190968906328886412e+00
1.363900000000000148e+02,2.191525783101808678e+00
1.364000000000000057e+02,2.053314447180460078e+00
1.364099999999999966e+02,1.816627631079083205e+00
1.364200000000000159e+02,1.750589968125031648e+00
1.364300000000000068e+02,1.994426884119846255e+00
1.364399999999999977e+02,2.222371527805374392e+00
1.364500000000000171e+02,2.288977172188487064e+00
1.364600000000000080e+02,2.203356740362304667e+00
1.364699999999999989e+02,2.027764970355292018e+00
1.364800000000000182e+02,1.883357547041982771e+00
1.364900000000000091e+02,1.857857808229682828e+00
1.365000000000000000e+02,1.969313924086253387e+00
1.365100000000000193e+02,2.164707388470783922e+00
1.365200000000000102e+02,2.285429796777840306e+00
1.365300000000000011e+02,2.290896980136819749e+00
1.365400000000000205e+02,2.240143980819090608e+00
1.365500000000000114e+02,2.173360622653313978e+00
1.365600000000000023e+02,2.105407481154181859e+00
1.365699999999999932e+02,2.083783056126524258e+00
1.365800000000000125e+02,2.131137075366106526e+00
1.365900000000000034e+02,2.188282057528235125e+00
1.365999999999999943e+02,2.190754754530958248e+00
1.366100000000000136e+02,2.132509355337040002e+00
1.366200000000000045e+02,2.007727642012233193e+00
1.366299999999999955e+02,1.845891266272203124e+00
1.366400000000000148e+02,1.818650944793971158e+00
1.366500000000000057e+02,1.985231160973451869e+00
1.366599999999999966e+02,2.187570940586842205e+00
1.366700000000000159e+02,2.332331720510613327e+00
1.366800000000000068e+02,2.367200711747950770e+00
1.366899999999999977e+02,2.266886703917953216e+00
1.367000000000000171e+02,2.069484264279389141e+00
1.367100000000000080e+02,1.836907033494075137e+00
1.367199999999999989e+02,1.739891240796389349e+00
1.367300000000000182e+02,1.876587140795758391e+00
1.367400000000000091e+02,2.029731411147789544e+00
1.367500000000000000e+02,2.078071246228098357e+00
1.367600000000000193e+02,2.025085746530254305e+00
1.367700000000000102e+02,1.926228157747674086e+00
1.367800000000000011e+02,1.827898124787046275e+00
1.367900000000000205e+02,1.815673706837217294e+00
1.368000000000000114e+02,1.950942352044262140e+00
1.368100000000000023e+02,2.072540762059940533e+00
1.368199999999999932e+02,2.074384622436253878e+00
1.368300000000000125e+02,1.960337881514306435e+00
1.368400000000000034e+02,1.804319532150555627e+00
1.368499999999999943e+02,1.794969007531885374e+00
1.368600000000000136e+02,1.954513058360061839e+00
1.368700000000000045e+02,2.093911660696315291e+00
1.368799999999999955e+02,2.103945085618919908e+00
1.368900000000000148e+02,1.960865618164589819e+00
1.369000000000000057e+02,1.787968848777853781e+00
1.369099999999999966e+02,1.806364695431129652e+00
1.369200000000000159e+02,1.976410966676717340e+00
1.369300000000000068e+02,2.069875221674001509e+00
1.369399999999999977e+02,2.024276646730875928e+00
1.369500000000000171e+02,1.904084608046606730e+00
1.369600000000000080e+02,1.827458118070014459e+00
1.369699999999999989e+02,1.903762245187145874e+00
1.369800000000000182e+02,2.031227585796333557e+00
1.369900000000000091e+02,2.062877333750118947e+00
1.370000000000000000e+02,1.943173878838432289e+00
1.370100000000000193e+02,1.779419483089920817e+00
1.370200000000000102e+02,1.807636297074165732e+00
1.370300000000000011e+02,1.990639295929827801e+00
1.370400000000000205e+02,2.075914920655469675e+00
1.370500000000000114e+02,1.989847356582910676e+00
1.370600000000000023e+02,1.824302758316174611e+00
1.370699999999999932e+02,1.803049801891228210e+00
1.370800000000000125e+02,1.947588661011353750e+00
1.370900000000000034e+02,2.054248316270455010e+00
1.370999999999999943e+02,2.052427266068154843e+00
1.371100000000000136e+02,1.966226773009665418e+00
1.371200000000000045e+02,1.858642222322520521e+00
1.371299999999999955e+02,1.871832798222106353e+00
1.371400000000000148e+02,1.988420606863648965e+00
1.371500000000000057e+02,2.001617310426745178e+00
1.371599999999999966e+02,1.917165329699032528e+00
1.371700000000000159e+02,1.870331197301696946e+00
1.371800000000000068e+02,1.917611360860171477e+00
1.371899999999999977e+02,2.001159143746442659e+00
1.372000000000000171e+02,2.029683988950004014e+00
1.372100000000000080e+02,1.964361996170766789e+00
1.372199999999999989e+02,1.899793928430133505e+00
1.372300000000000182e+02,1.899419990023270444e+00
1.372400000000000091e+02,1.961500920647247126e+00
1.372500000000000000e+02,2.040216866046352440e+00
1.372600000000000193e+02,2.035329042636596419e+00
1.372700000000000102e+02,1.909093959264447360e+00
1.372800000000000011e+02,1.849112365244470313e+00
1.372900000000000205e+02,1.960781760752582592e+00
1.373000000000000114e+02,2.088635187867905252e+00
1.373100000000000023e+02,2.062220970264825759e+00
1.373199999999999932e+02,1.942557303685015224e+00
1.373300000000000125e+02,1.882949135717691735e+00
1.373400000000000034e+02,1.931840160002891826e+00
1.373499999999999943e+02,1.996382628380641400e+00
1.373600000000000136e+02,1.966153507460696614e+00
1.373700000000000045e+02,1.887207085006836094e+00
1.373799999999999955e+02,1.889821069837035017e+00
1.373900000000000148e+02,1.997084018012262208e+00
1.374000000000000057e+02,2.082351497994514578e+00
1.374099999999999966e+02,2.047522708665279190e+00
1.374200000000000159e+02,1.913966915205171482e+00
1.374300000000000068e+02,1.859604420972374994e+00
1.374399999999999977e+02,1.956047004471007211e+00
1.374500000000000171e+02,2.048330936274702641e+00
1.374600000000000080e+02,2.014831714461533974e+00
1.374699999999999989e+02,1.945651586744143291e+00
1.374800000000000182e+02,1.938232816072414266e+00
1.374900000000000091e+02,2.001428815421621987e+00
1.375000000000000000e+02,2.082134012785921140e+00
1.375100000000000193e+02,2.076529437426785307e+00
1.375200000000000102e+02,1.958556734128475307e+00
1.375300000000000011e+02,1.898224849958508154e+00
1.375400000000000205e+02,1.999503040757878214e+00
1.375500000000000114e+02,2.135926785730260402e+00
1.375600000000000023e+02,2.171287146371938093e+00
1.375699999999999932e+02,2.085805072436059504e+00
1.375800000000000125e+02,1.952012437153001434e+00
1.375900000000000034e+02,1.911268374980344298e+00
1.375999999999999943e+02,2.012804753795061963e+00
1.376100000000000136e+02,2.100379621901717453e+00
1.376200000000000045e+02,2.031957152599434657e+00
1.376299999999999955e+02,1.894891290391085947e+00
1.376400000000000148e+02,1.862660557965406971e+00
1.376500000000000057e+02,1.948035293545782087e+00
1.376599999999999966e+02,2.009102508584367897e+00
1.376700000000000159e+02,1.966467681427792380e+00
1.376800000000000068e+02,1.895083309883764278e+00
1.376899999999999977e+02,1.870109395008751729e+00
1.377000000000000171e+02,1.934641991609816536e+00
1.377100000000000080e+02,2.047306199619392419e+00
1.377199999999999989e+02,2.087889028301073591e+00
1.377300000000000182e+02,2.004746341186335989e+00
1.377400000000000091e+02,1.927061891196024224e+00
1.377500000000000000e+02,1.968129777047235462e+00
1.377600000000000193e+02,2.101394558455060846e+00
1.377700000000000102e+02,2.183241296311702495e+00
1.377800000000000011e+02,2.115122248002351935e+00
1.377900000000000205e+02,1.978672521005909291e+00
1.378000000000000114e+02,1.907803072389459453e+00
1.378100000000000023e+02,1.976197868943994074e+00
1.378199999999999932e+02,2.117617153507618255e+00
1.378300000000000125e+02,2.147368612276829847e+00
1.378400000000000034e+02,2.031623041063388424e+00
1.378499999999999943e+02,1.971409420236636345e+00
1.378600000000000136e+02,1.999033522773214555e+00
1.378700000000000045e+02,1.975362522714384061e+00
1.378799999999999955e+02,1.908694935034429330e+00
1.378900000000000148e+02,1.939347743360444465e+00
1.379000000000000057e+02,2.099522531063037434e+00
1.379099999999999966e+02,2.248594827939827567e+00
1.379200000000000159e+02,2.242429425756626848e+00
1.379300000000000068e+02,2.106391605948201295e+00
1.379399999999999977e+02,1.986406174732951557e+00
1.379500000000000171e+02,1.992108505555505671e+00
1.379600000000000080e+02,2.128146233942261656e+00
1.379699999999999989e+02,2.288115019834369157e+00
1.379800000000000182e+02,2.334433193939483342e+00
1.379900000000000091e+02,2.271446818727043127e+00
1.380000000000000000e+02,2.179292821807889524e+00
1.380100000000000193e+02,2.102785144930990224e+00
1.380200000000000102e+02,2.057182671543121621e+00
1.380300000000000011e+02,2.051673001808855368e+00
1.380400000000000205e+02,2.093604779837849428e+00
1.380500000000000114e+02,2.106808363724033573e+00
1.380600000000000023e+02,2.049149947414293571e+00
1.380699999999999932e+02,1.991148972212227308e+00
1.380800000000000125e+02,1.988111068377408142e+00
1.380900000000000034e+02,2.020677237864804798e+00
1.380999999999999943e+02,2.047757588600600087e+00
1.381100000000000136e+02,2.072150441005657484e+00
1.381200000000000045e+02,2.078296891226318444e+00
1.381299999999999955e+02,2.032115623839519714e+00
1.381400000000000148e+02,1.938552672434188384e+00
1.381500000000000057e+02,1.893154964261022588e+00
1.381599999999999966e+02,1.970481218509834598e+00
1.381700000000000159e+02,2.144058051103094886e+00
1.381800000000000068e+02,2.335418203748526267e+00
1.381899999999999977e+02,2.434492067208271493e+00
1.382000000000000171e+02,2.387943831919000282e+00
1.382100000000000080e+02,2.255949646645510676e+00
1.382199999999999989e+02,2.130941877597790857e+00
1.382300000000000182e+02,2.074780631729533198e+00
1.382400000000000091e+02,2.083902683428378921e+00
1.382500000000000000e+02,2.070787581404716526e+00
1.382600000000000193e+02,2.021858291893870785e+00
1.382700000000000102e+02,2.006283863988343796e+00
1.382800000000000011e+02,2.082559139448384222e+00
1.382900000000000205e+02,2.226517705139575920e+00
1.383000000000000114e+02,2.326553487306921575e+00
1.383100000000000023e+02,2.236620520450440797e+00
1.383199999999999932e+02,2.035302541392801423e+00
1.383300000000000125e+02,1.945413012216172799e+00
1.383400000000000034e+02,2.017585047625006123e+00
1.383499999999999943e+02,2.108414732850252271e+00
1.383600000000000136e+02,2.072503145039833683e+00
1.383700000000000045e+02,1.985991096858191751e+00
1.383799999999999955e+02,1.972660178261829822e+00
1.383900000000000148e+02,2.036282293789346109e+00
1.384000000000000057e+02,2.090013599022743307e+00
1.384099999999999966e+02,2.044270962323733176e+00
1.384200000000000159e+02,1.902819157198077038e+00
1.384300000000000068e+02,1.887476114974703911e+00
1.384399999999999977e+02,2.036569257599652349e+00
1.384500000000000171e+02,2.128474669334826430e+00
1.384600000000000080e+02,2.090148274383015092e+00
1.384699999999999989e+02,1.996610396224055783e+00
1.384800000000000182e+02,1.955465904203009364e+00
1.384900000000000091e+02,1.991714360435919762e+00
1.385000000000000000e+02,2.074765448144092250e+00
1.385100000000000193e+02,2.150882573773303719e+00
1.385200000000000102e+02,2.197725484630823178e+00
1.385300000000000011e+02,2.229775426131893390e+00
1.385400000000000205e+02,2.261467648056534774e+00
1.385500000000000114e+02,2.238337396996163520e+00
1.385600000000000023e+02,2.157269988663197857e+00
1.385699999999999932e+02,2.098448641629321987e+00
1.385800000000000125e+02,2.128603391247289700e+00
1.385900000000000034e+02,2.172515924264919907e+00
1.385999999999999943e+02,2.134142149718873060e+00
1.386100000000000136e+02,2.069636929059956110e+00
1.386200000000000045e+02,2.092741272527283591e+00
1.386299999999999955e+02,2.137176614762711147e+00
1.386400000000000148e+02,2.047214129401791816e+00
1.386500000000000057e+02,1.922988139063087187e+00
1.386599999999999966e+02,1.961956505524590000e+00
1.386700000000000159e+02,2.077276689513212204e+00
1.386800000000000068e+02,2.162346665722743033e+00
1.386899999999999977e+02,2.161737834027586125e+00
1.387000000000000171e+02,2.043097861706612228e+00
1.387100000000000080e+02,1.898101807674487995e+00
1.387199999999999989e+02,1.931382348881192312e+00
1.387300000000000182e+02,2.091604659241152131e+00
1.387400000000000091e+02,2.131878357322054995e+00
1.387500000000000000e+02,2.063640206419437462e+00
1.387600000000000193e+02,2.019488056743181215e+00
1.387700000000000102e+02,2.005860116787826719e+00
1.387800000000000011e+02,2.032610764220204924e+00
1.387900000000000205e+02,2.088516912658618274e+00
1.388000000000000114e+02,2.027036659667149188e+00
1.388100000000000023e+02,1.893459137516450674e+00
1.388199999999999932e+02,1.903176117932729339e+00
1.388300000000000125e+02,2.041793265853426576e+00
1.388400000000000034e+02,2.104456884570930164e+00
1.388499999999999943e+02,2.011253392684656305e+00
1.388600000000000136e+02,1.896319688314622498e+00
1.388700000000000045e+02,1.908239313180384977e+00
1.388799999999999955e+02,2.063854884015139834e+00
1.388900000000000148e+02,2.267396004306793333e+00
1.389000000000000057e+02,2.353432772991471911e+00
1.389099999999999966e+02,2.239736634483324274e+00
1.389200000000000159e+02,2.044060060394507605e+00
1.389300000000000068e+02,1.891987648400485833e+00
1.389399999999999977e+02,1.853534688048755541e+00
1.389500000000000171e+02,1.905189639852158168e+00
1.389600000000000080e+02,1.928558309981837526e+00
1.389699999999999989e+02,1.940185967710312376e+00
1.389800000000000182e+02,1.953486740676782851e+00
1.389900000000000091e+02,1.982119280593376276e+00
1.390000000000000000e+02,2.022330307664898186e+00
1.390100000000000193e+02,2.022206667183153339e+00
1.390200000000000102e+02,1.850262464138534346e+00
1.390300000000000011e+02,1.774912953724773423e+00
1.390400000000000205e+02,1.975786545404134342e+00
1.390500000000000114e+02,2.081370681378019505e+00
1.390600000000000023e+02,2.078159143015760879e+00
1.390699999999999932e+02,2.086123622535347444e+00
1.390800000000000125e+02,2.070199078832757777e+00
1.390900000000000034e+02,2.069132573543803311e+00
1.390999999999999943e+02,2.136741174428947954e+00
1.391100000000000136e+02,2.172143540238535842e+00
1.391200000000000045e+02,2.071398475643932091e+00
1.391299999999999955e+02,1.921715132505335655e+00
1.391400000000000148e+02,1.835615409610630300e+00
1.391500000000000057e+02,1.859399479455666526e+00
1.391599999999999966e+02,1.937753288218084124e+00
1.391700000000000159e+02,1.947051244061131836e+00
1.391800000000000068e+02,1.913214106915376300e+00
1.391899999999999977e+02,1.944173835977637932e+00
1.392000000000000171e+02,2.044374372956187624e+00
1.392100000000000080e+02,2.113882538742396733e+00
1.392199999999999989e+02,2.023163559329792971e+00
1.392300000000000182e+02,1.840614049658427565e+00
1.392400000000000091e+02,1.858176210051133648e+00
1.392500000000000000e+02,1.998641620451251377e+00
1.392600000000000193e+02,2.058778207797042459e+00
1.392700000000000102e+02,2.050220456048567730e+00
1.392800000000000011e+02,1.993436772636644649e+00
1.392900000000000205e+02,1.946298003544164601e+00
1.393000000000000114e+02,2.005849316374487046e+00
1.393100000000000023e+02,2.085858806654947273e+00
1.393199999999999932e+02,2.025910759757200807e+00
1.393300000000000125e+02,1.911350020116671544e+00
1.393400000000000034e+02,1.936782612220587119e+00
1.393499999999999943e+02,2.062418777188570918e+00
1.393600000000000136e+02,2.166105213003282515e+00
1.393700000000000045e+02,2.224074433466650458e+00
1.393799999999999955e+02,2.190882323631280659e+00
1.393900000000000148e+02,1.986452175840132339e+00
1.394000000000000057e+02,1.737528860335849634e+00
1.394099999999999966e+02,1.815968858350824666e+00
1.394200000000000159e+02,2.090070150497345569e+00
1.394300000000000068e+02,2.202181314174652460e+00
1.394399999999999977e+02,2.099069043766783160e+00
1.394500000000000171e+02,1.895763546252538845e+00
1.394600000000000080e+02,1.753855164943787237e+00
1.394699999999999989e+02,1.824775322608237715e+00
1.394800000000000182e+02,1.958989662810908916e+00
1.394900000000000091e+02,2.023224381748104594e+00
1.395000000000000000e+02,1.995628823829722398e+00
1.395100000000000193e+02,1.900350068013786142e+00
1.395200000000000102e+02,1.820084099375630426e+00
1.395300000000000011e+02,1.850807935848557184e+00
1.395400000000000205e+02,1.932534817202525623e+00
1.395500000000000114e+02,1.988737720791759367e+00
1.395600000000000023e+02,1.955624824985610299e+00
1.395699999999999932e+02,1.908147091237989423e+00
1.395800000000000125e+02,1.857909159566204726e+00
1.395900000000000034e+02,1.795118618643347652e+00
1.395999999999999943e+02,1.789721062204946200e+00
1.396100000000000136e+02,1.917684252842474013e+00
1.396200000000000045e+02,2.064569928532332455e+00
1.396299999999999955e+02,2.103042634850753601e+00
1.396400000000000148e+02,1.948276475683058173e+00
1.396500000000000057e+02,1.723358734593583907e+00
1.396599999999999966e+02,1.782661214280492068e+00
1.396700000000000159e+02,2.042246555854605905e+00
1.396800000000000068e+02,2.185031943496479556e+00
1.396899999999999977e+02,2.176954371524584708e+00
1.397000000000000171e+02,2.013188694211250684e+00
1.397100000000000080e+02,1.759642137396123962e+00
1.397199999999999989e+02,1.778148694597839086e+00
1.397300000000000182e+02,2.079963942716315461e+00
1.397400000000000091e+02,2.293005071189332611e+00
1.397500000000000000e+02,2.334959942375885777e+00
1.397600000000000193e+02,2.250351562534174121e+00
1.397700000000000102e+02,2.064183350213832480e+00
1.397800000000000011e+02,1.850129438174528795e+00
1.397900000000000205e+02,1.794524026699002128e+00
1.398000000000000114e+02,1.939442632201323846e+00
1.398100000000000023e+02,2.088044109328152320e+00
1.398199999999999932e+02,2.153662359238327717e+00
1.398300000000000125e+02,2.101516811281793018e+00
1.398400000000000034e+02,1.923372451190876520e+00
1.398499999999999943e+02,1.721496613647554907e+00
1.398600000000000136e+02,1.793131759603850295e+00
1.398700000000000045e+02,1.996106328881304570e+00
1.398799999999999955e+02,2.088545887286176406e+00
1.398900000000000148e+02,2.067872825296565686e+00
1.399000000000000057e+02,1.963755871385239660e+00
1.399099999999999966e+02,1.813750252984130951e+00
1.399200000000000159e+02,1.796288981678616503e+00
1.399300000000000068e+02,1.928523298096240346e+00
1.399399999999999977e+02,2.044415805309673040e+00
1.399500000000000171e+02,2.028481760677181889e+00
1.399600000000000080e+02,1.959725490521568192e+00
1.399699999999999989e+02,1.931924507764213539e+00
1.399800000000000182e+02,1.916100690908491444e+00
1.399900000000000091e+02,1.899859563915186289e+00
1.400000000000000000e+02,1.943792361467654439e+00
1.400100000000000193e+02,1.987354829943560386e+00
1.400200000000000102e+02,1.966682148823240439e+00
1.400300000000000011e+02,1.929829522937194008e+00
1.400400000000000205e+02,1.959877674346028886e+00
1.400500000000000114e+02,2.023383003486982190e+00
1.400600000000000023e+02,2.042069838815509186e+00
1.400699999999999932e+02,1.977014570027242346e+00
1.400800000000000125e+02,1.888173057667119847e+00
1.400900000000000034e+02,1.855371598575337178e+00
1.400999999999999943e+02,1.904422634080995769e+00
1.401100000000000136e+02,2.018313632367378041e+00
1.401200000000000045e+02,2.120192112616212654e+00
1.401299999999999955e+02,2.103770494944730896e+00
1.401400000000000148e+02,1.952605025497987645e+00
1.401500000000000057e+02,1.831032881436048587e+00
1.401599999999999966e+02,1.876491562277858405e+00
1.401700000000000159e+02,1.944872171352142409e+00
1.401800000000000068e+02,1.903565002436218512e+00
1.401899999999999977e+02,1.833258074712887042e+00
1.402000000000000171e+02,1.837079414859357440e+00
1.402100000000000080e+02,1.898039964278940506e+00
1.402199999999999989e+02,1.887569317932457080e+00
1.402300000000000182e+02,1.844451895821628939e+00
1.402400000000000091e+02,1.872137034434177894e+00
1.402500000000000000e+02,1.951518483694172135e+00
1.402600000000000193e+02,1.935580557481398900e+00
1.402700000000000102e+02,1.871470321351637045e+00
1.402800000000000011e+02,1.907612589861997776e+00
1.402900000000000205e+02,1.963087956969834513e+00
1.403000000000000114e+02,1.939804052166094195e+00
1.403100000000000023e+02,1.917924947958079107e+00
1.403199999999999932e+02,1.942290708158796342e+00
1.403300000000000125e+02,1.950983182628696744e+00
1.403400000000000034e+02,1.944760494996749189e+00
1.403499999999999943e+02,1.976765193086928551e+00
1.403600000000000136e+02,2.017133751489970095e+00
1.403700000000000045e+02,1.971212584882716001e+00
1.403799999999999955e+02,1.876603780796574972e+00
1.403900000000000148e+02,1.874220526032088774e+00
1.404000000000000057e+02,1.961530673351808085e+00
1.404099999999999966e+02,1.979942062308895467e+00
1.404200000000000159e+02,1.960667402646353308e+00
1.404300000000000068e+02,1.981221598130809003e+00
1.404399999999999977e+02,1.984045376623226886e+00
1.404500000000000171e+02,1.867945117528885035e+00
1.404600000000000080e+02,1.788116781001733546e+00
1.404699999999999989e+02,1.897463276087313577e+00
1.404800000000000182e+02,2.032470406106814842e+00
1.404900000000000091e+02,2.019386457120082579e+00
1.405000000000000000e+02,1.877173181941399704e+00
1.405100000000000193e+02,1.802019278392991586e+00
1.405200000000000102e+02,1.911963436261268967e+00
1.405300000000000011e+02,2.036242126884717507e+00
1.405400000000000205e+02,2.057385084615906301e+00
1.405500000000000114e+02,2.022281491509033025e+00
1.405600000000000023e+02,1.937154825639912925e+00
1.405699999999999932e+02,1.815019613172265345e+00
1.405800000000000125e+02,1.792063186413915599e+00
1.405900000000000034e+02,1.951732155317424722e+00
1.405999999999999943e+02,2.087865169617042049e+00
1.406100000000000136e+02,2.081420585681807989e+00
1.406200000000000045e+02,1.980012824705940755e+00
1.406299999999999955e+02,1.913512522274155137e+00
1.406400000000000148e+02,1.943182056370426070e+00
1.406500000000000057e+02,2.020631257231264133e+00
1.406599999999999966e+02,2.088709224018507893e+00
1.406700000000000159e+02,2.155208973928049776e+00
1.406800000000000068e+02,2.095355090432168943e+00
1.406899999999999977e+02,1.941981605731629257e+00
1.407000000000000171e+02,1.890881886210769691e+00
1.407100000000000080e+02,1.972085162004926895e+00
1.407199999999999989e+02,2.042961592443675034e+00
1.407300000000000182e+02,2.023918230882858271e+00
1.407400000000000091e+02,1.954984171189117159e+00
1.407500000000000000e+02,1.909706093355728163e+00
1.407600000000000193e+02,1.886950447812553833e+00
1.407700000000000102e+02,1.916719527213097463e+00
1.407800000000000011e+02,1.996651038614409845e+00
1.407900000000000205e+02,2.029877930566269750e+00
1.408000000000000114e+02,1.971039953045092386e+00
1.408100000000000023e+02,1.883626238402936526e+00
1.408199999999999932e+02,1.849027741706435357e+00
1.408300000000000125e+02,1.903619412093709551e+00
1.408400000000000034e+02,1.957910153658742214e+00
1.408499999999999943e+02,1.944578303900359906e+00
1.408600000000000136e+02,1.892925683697065153e+00
1.408700000000000045e+02,1.851720732940039804e+00
1.408799999999999955e+02,1.830636255841121995e+00
1.408900000000000148e+02,1.866830302143180464e+00
1.409000000000000057e+02,1.926693614693317569e+00
1.409099999999999966e+02,1.938357191670306845e+00
1.409200000000000159e+02,1.890578063714905666e+00
1.409300000000000068e+02,1.894876814201914783e+00
1.409399999999999977e+02,1.963486404969486898e+00
1.409500000000000171e+02,1.958500648072396766e+00
1.409600000000000080e+02,1.868411253471783162e+00
1.409699999999999989e+02,1.855268023224677210e+00
1.409800000000000182e+02,1.949218405028025236e+00
1.409900000000000091e+02,2.036061743415459091e+00
1.410000000000000000e+02,1.986364311197722277e+00
1.410100000000000193e+02,1.872530538415862367e+00
1.410200000000000102e+02,1.890641247249197132e+00
1.410300000000000011e+02,2.029169906464217465e+00
1.410400000000000205e+02,2.147822312902070152e+00
1.410500000000000114e+02,2.216500226798995055e+00
1.410600000000000023e+02,2.184601978416206070e+00
1.410699999999999932e+02,2.006855122449052509e+00
1.410800000000000125e+02,1.822228920443312861e+00
1.410900000000000034e+02,1.884106245252640033e+00
1.410999999999999943e+02,2.068029713543787729e+00
1.411100000000000136e+02,2.104593691475863171e+00
1.411200000000000045e+02,2.052809529401108612e+00
1.411299999999999955e+02,1.995766954055508080e+00
1.411400000000000148e+02,1.936037962386067957e+00
1.411500000000000057e+02,1.890219667763511469e+00
1.411599999999999966e+02,1.949350347526066729e+00
1.411700000000000159e+02,2.037295218396194763e+00
1.411800000000000068e+02,1.965244566663395753e+00
1.411899999999999977e+02,1.851545328880716212e+00
1.412000000000000171e+02,1.923158885817809693e+00
1.412100000000000080e+02,2.091666954512595655e+00
1.412199999999999989e+02,2.157265855614462158e+00
1.412300000000000182e+02,2.148166801461189657e+00
1.412400000000000091e+02,2.138358919475400022e+00
1.412500000000000000e+02,2.087588469813914660e+00
1.412600000000000193e+02,2.002815596928483544e+00
1.412700000000000102e+02,1.962288520885753673e+00
1.412800000000000011e+02,1.974621103022045299e+00
1.412900000000000205e+02,1.899150404838962691e+00
1.413000000000000114e+02,1.832684470660458365e+00
1.413100000000000023e+02,1.966171108347389396e+00
1.413199999999999932e+02,2.148349415341927582e+00
1.413300000000000125e+02,2.229785516008209623e+00
1.413400000000000034e+02,2.162343212189036468e+00
1.413499999999999943e+02,1.943423988119936663e+00
1.413600000000000136e+02,1.739841601554577677e+00
1.413700000000000045e+02,1.861716754933466778e+00
1.413799999999999955e+02,2.106038106682782018e+00
1.413900000000000148e+02,2.187416838099223604e+00
1.414000000000000057e+02,2.157736891027263404e+00
1.414099999999999966e+02,2.090451221267791482e+00
1.414200000000000159e+02,2.015479775487713177e+00
1.414300000000000068e+02,1.981213667755196361e+00
1.414399999999999977e+02,1.958383237698892554e+00
1.414500000000000171e+02,1.859096365979988619e+00
1.414600000000000080e+02,1.888506090776516322e+00
1.414699999999999989e+02,2.065876107514678761e+00
1.414800000000000182e+02,2.226924106160782735e+00
1.414900000000000091e+02,2.274925963410677099e+00
1.415000000000000000e+02,2.201755106273174167e+00
1.415100000000000193e+02,2.012328160936977195e+00
1.415200000000000102e+02,1.801358225062410723e+00
1.415300000000000011e+02,1.838919105806452237e+00
1.415400000000000205e+02,2.116831819913900681e+00
1.415500000000000114e+02,2.334551732388896905e+00
1.415600000000000023e+02,2.396152151032984623e+00
1.415699999999999932e+02,2.386599120945953612e+00
1.415800000000000125e+02,2.363240541565754693e+00
1.415900000000000034e+02,2.332499374940964820e+00
1.415999999999999943e+02,2.279961300833853510e+00
1.416100000000000136e+02,2.190934938445228575e+00
1.416200000000000045e+02,2.048695117141640321e+00
1.416299999999999955e+02,1.973178272027137581e+00
1.416400000000000148e+02,1.972291340674596993e+00
1.416500000000000057e+02,2.014788539797662370e+00
1.416599999999999966e+02,2.114572496392591816e+00
1.416700000000000159e+02,2.265145721338916562e+00
1.416800000000000068e+02,2.320837001708651925e+00
1.416899999999999977e+02,2.195408319311011880e+00
1.417000000000000171e+02,1.957732989914610755e+00
1.417100000000000080e+02,1.798802969199240209e+00
1.417199999999999989e+02,1.882514104515553788e+00
1.417300000000000182e+02,2.052188202383008253e+00
1.417400000000000091e+02,2.154071574042978554e+00
1.417500000000000000e+02,2.167246372819665368e+00
1.417600000000000193e+02,2.103658316290931918e+00
1.417700000000000102e+02,2.005953493503775054e+00
1.417800000000000011e+02,1.964074143254270766e+00
1.417900000000000205e+02,2.050654901269347796e+00
1.418000000000000114e+02,2.211850078373306161e+00
1.418100000000000023e+02,2.324101310463895675e+00
1.418199999999999932e+02,2.419594191037000019e+00
1.418300000000000125e+02,2.527773614329416052e+00
1.418400000000000034e+02,2.555446206457885339e+00
1.418499999999999943e+02,2.495133412966128450e+00
1.418600000000000136e+02,2.436142267602612765e+00
1.418700000000000045e+02,2.419090068868870791e+00
1.418799999999999955e+02,2.376891253507404045e+00
1.418900000000000148e+02,2.292039187317703064e+00
1.419000000000000057e+02,2.217210491811727024e+00
1.419099999999999966e+02,2.178778279862364275e+00
1.419200000000000159e+02,2.140474836852794382e+00
1.419300000000000068e+02,2.118994337061806288e+00
1.419399999999999977e+02,2.141360702287216089e+00
1.419500000000000171e+02,2.189675933397451590e+00
1.419600000000000080e+02,2.197112405795388135e+00
1.419699999999999989e+02,2.169032606025092402e+00
1.419800000000000182e+02,2.175149261774924625e+00
1.419900000000000091e+02,2.210344580489657762e+00
1.420000000000000000e+02,2.253055920588746375e+00
1.420100000000000193e+02,2.312853161357200982e+00
1.420200000000000102e+02,2.384175161476186133e+00
1.420300000000000011e+02,2.384048335269233210e+00
1.420400000000000205e+02,2.294349984636171236e+00
1.420500000000000114e+02,2.233151740522797635e+00
1.420600000000000023e+02,2.255283227712209904e+00
1.420699999999999932e+02,2.265924471380279748e+00
1.420800000000000125e+02,2.231807326473323361e+00
1.420900000000000034e+02,2.196918960225889172e+00
1.420999999999999943e+02,2.165371542738105060e+00
1.421100000000000136e+02,2.155403374892967960e+00
1.421200000000000045e+02,2.213733376018891086e+00
1.421299999999999955e+02,2.272336474314488264e+00
1.421400000000000148e+02,2.284887070754263227e+00
1.421500000000000057e+02,2.243548112388054516e+00
1.421599999999999966e+02,2.176470728243317332e+00
1.421700000000000159e+02,2.146875921076948579e+00
1.421800000000000068e+02,2.143765396586109429e+00
1.421899999999999977e+02,2.108110974830309736e+00
1.422000000000000171e+02,2.078157240874712208e+00
1.422100000000000080e+02,2.115770604720653925e+00
1.422199999999999989e+02,2.197592300041114832e+00
1.422300000000000182e+02,2.285151884777027576e+00
1.422400000000000091e+02,2.361741098850591580e+00
1.422500000000000000e+02,2.369157519562596903e+00
1.422600000000000193e+02,2.270657435391785661e+00
1.422700000000000102e+02,2.132436730808207503e+00
1.422800000000000011e+02,2.067479557432188475e+00
1.422900000000000205e+02,2.113377546133202944e+00
1.423000000000000114e+02,2.193057236485176809e+00
1.423100000000000023e+02,2.243686750640562444e+00
1.423199999999999932e+02,2.225855762487768175e+00
1.423300000000000125e+02,2.125850384881306621e+00
1.423400000000000034e+02,2.029588901354161479e+00
1.423499999999999943e+02,2.037300000490845253e+00
1.423600000000000136e+02,2.105812377990974760e+00
1.423700000000000045e+02,2.137910890331961689e+00
1.423799999999999955e+02,2.104842508170148285e+00
1.423900000000000148e+02,2.018327009604736766e+00
1.424000000000000057e+02,1.928557125417859508e+00
1.424099999999999966e+02,1.915548302627736454e+00
1.424200000000000159e+02,2.008278170473403623e+00
1.424300000000000068e+02,2.120651860655113463e+00
1.424399999999999977e+02,2.145272825656447058e+00
1.424500000000000171e+02,2.082418915588312380e+00
1.424600000000000080e+02,2.025214788213831607e+00
1.424699999999999989e+02,2.071879682920800825e+00
1.424800000000000182e+02,2.207939509814524470e+00
1.424900000000000091e+02,2.289880623613379296e+00
1.425000000000000000e+02,2.273121426958972346e+00
1.425100000000000193e+02,2.228788871853949249e+00
1.425200000000000102e+02,2.156017239935710705e+00
1.425300000000000011e+02,2.076009114912552800e+00
1.425400000000000205e+02,2.026393739158311114e+00
1.425500000000000114e+02,1.993175251627412825e+00
1.425600000000000023e+02,1.987283438465685892e+00
1.425699999999999932e+02,2.056346249467730924e+00
1.425800000000000125e+02,2.155064844708854732e+00
1.425900000000000034e+02,2.219565543749498104e+00
1.425999999999999943e+02,2.231048819367250413e+00
1.426100000000000136e+02,2.189198959459828231e+00
1.426200000000000045e+02,2.098388492915456816e+00
1.426299999999999955e+02,1.972400920908323307e+00
1.426400000000000148e+02,1.878185945799830003e+00
1.426500000000000057e+02,1.947740746634418096e+00
1.426599999999999966e+02,2.100854737291466989e+00
1.426700000000000159e+02,2.190836472058104167e+00
1.426800000000000068e+02,2.156497777972423258e+00
1.426899999999999977e+02,2.010685845600947541e+00
1.427000000000000171e+02,1.880741874606931985e+00
1.427100000000000080e+02,1.925220991055313080e+00
1.427199999999999989e+02,2.056438863472483281e+00
1.427300000000000182e+02,2.164860338451421118e+00
1.427400000000000091e+02,2.277733385561182544e+00
1.427500000000000000e+02,2.349426297503286243e+00
1.427600000000000193e+02,2.354481445711560372e+00
1.427700000000000102e+02,2.324231335904410223e+00
1.427800000000000011e+02,2.257459523468802853e+00
1.427900000000000205e+02,2.143243008853639164e+00
1.428000000000000114e+02,2.054301701260066171e+00
1.428100000000000023e+02,2.085248082507210388e+00
1.428199999999999932e+02,2.189858074944584398e+00
1.428300000000000125e+02,2.289019581392872205e+00
1.428400000000000034e+02,2.333218042789829916e+00
1.428499999999999943e+02,2.335491201609243284e+00
1.428600000000000136e+02,2.273850129313007340e+00
1.428700000000000045e+02,2.139807157502749746e+00
1.428799999999999955e+02,1.993901855784281807e+00
1.428900000000000148e+02,1.958197378738925964e+00
1.429000000000000057e+02,2.074167818403322983e+00
1.429099999999999966e+02,2.235421887541589658e+00
1.429200000000000159e+02,2.268957027468788912e+00
1.429300000000000068e+02,2.124216569114363740e+00
1.429399999999999977e+02,1.967657810723196343e+00
1.429500000000000171e+02,1.892430917127492007e+00
1.429600000000000080e+02,1.957146403568215787e+00
1.429699999999999989e+02,2.120304422718586768e+00
1.429800000000000182e+02,2.234718544112434646e+00
1.429900000000000091e+02,2.203016287956128583e+00
1.430000000000000000e+02,2.085941518355679758e+00
1.430100000000000193e+02,2.027652732101825173e+00
1.430200000000000102e+02,2.077855487973117476e+00
1.430300000000000011e+02,2.146811137711000406e+00
1.430400000000000205e+02,2.173197344559394839e+00
1.430500000000000114e+02,2.188067556772413713e+00
1.430600000000000023e+02,2.206493133458611755e+00
1.430699999999999932e+02,2.186102830907092454e+00
1.430800000000000125e+02,2.138463282944086163e+00
1.430900000000000034e+02,2.126777347302720944e+00
1.430999999999999943e+02,2.128276416375466606e+00
1.431100000000000136e+02,2.106816437305348177e+00
1.431200000000000045e+02,2.086716671352390584e+00
1.431299999999999955e+02,2.064446522751315793e+00
1.431400000000000148e+02,1.981325383802467144e+00
1.431500000000000057e+02,1.931463059056527376e+00
1.431599999999999966e+02,2.020122777753866838e+00
1.431700000000000159e+02,2.151689578540547654e+00
1.431800000000000068e+02,2.212267120060323666e+00
1.431899999999999977e+02,2.162739607557969901e+00
1.432000000000000171e+02,2.082462038765652501e+00
1.432100000000000080e+02,2.046394673957104615e+00
1.432199999999999989e+02,2.057315249566775250e+00
1.432300000000000182e+02,2.079645001196117615e+00
1.432400000000000091e+02,2.159748722235992346e+00
1.432500000000000000e+02,2.256588309373245504e+00
1.432600000000000193e+02,2.284041873981298654e+00
1.432700000000000102e+02,2.235174165741899976e+00
1.432800000000000011e+02,2.120326677896593459e+00
1.432900000000000205e+02,1.981413796863239263e+00
1.433000000000000114e+02,1.925796357588204888e+00
1.433100000000000023e+02,2.008398956507398303e+00
1.433199999999999932e+02,2.105404726151245853e+00
1.433300000000000125e+02,2.130223769865505101e+00
1.433400000000000034e+02,2.128420265126228283e+00
1.433499999999999943e+02,2.145370025846355944e+00
1.433600000000000136e+02,2.119172451052532491e+00
1.433700000000000045e+02,2.027304091570873101e+00
1.433799999999999955e+02,1.957645618925958120e+00
1.433900000000000148e+02,2.014774027353936070e+00
1.434000000000000057e+02,2.136918554016507876e+00
1.434099999999999966e+02,2.241145327014738342e+00
1.434200000000000159e+02,2.273365099604549577e+00
1.434300000000000068e+02,2.267984253296305486e+00
1.434399999999999977e+02,2.259502331355291993e+00
1.434500000000000171e+02,2.258928687674757629e+00
1.434600000000000080e+02,2.291313320608947102e+00
1.434699999999999989e+02,2.375490095896002352e+00
1.434800000000000182e+02,2.397438425757791869e+00
1.434900000000000091e+02,2.294947036425895259e+00
1.435000000000000000e+02,2.156033471122374756e+00
1.435100000000000193e+02,2.043244320682184423e+00
1.435200000000000102e+02,1.957674660917897436e+00
1.435300000000000011e+02,1.967818965072752668e+00
1.435400000000000205e+02,2.043115842922276659e+00
1.435500000000000114e+02,2.079837147470925629e+00
1.435600000000000023e+02,2.002774499862627344e+00
1.435699999999999932e+02,1.942113132054875235e+00
1.435800000000000125e+02,1.984244574390968463e+00
1.435900000000000034e+02,2.073847357955738158e+00
1.435999999999999943e+02,2.070636735402904272e+00
1.436100000000000136e+02,1.985281601738152268e+00
1.436200000000000045e+02,1.951239561765803154e+00
1.436299999999999955e+02,1.975135500516357778e+00
1.436400000000000148e+02,2.008328831466600128e+00
1.436500000000000057e+02,2.092192582555440605e+00
1.436599999999999966e+02,2.169305558214425833e+00
1.436700000000000159e+02,2.117605434848521817e+00
1.436800000000000068e+02,2.012099815913714007e+00
1.436899999999999977e+02,2.005967467856844433e+00
1.437000000000000171e+02,2.047993694130916698e+00
1.437100000000000080e+02,2.095609076736403509e+00
1.437199999999999989e+02,2.166722865181424762e+00
1.437300000000000182e+02,2.203963659500762784e+00
1.437400000000000091e+02,2.150797602611645321e+00
1.437500000000000000e+02,2.063228715508777622e+00
1.437600000000000193e+02,2.043626478811624292e+00
1.437700000000000102e+02,2.110015337977428018e+00
1.437800000000000011e+02,2.160085965071760317e+00
1.437900000000000205e+02,2.165782207609989296e+00
1.438000000000000114e+02,2.178506574812203223e+00
1.438100000000000023e+02,2.171573009456509773e+00
1.438199999999999932e+02,2.109405636784921434e+00
1.438300000000000125e+02,2.100824311669112099e+00
1.438400000000000034e+02,2.178410050220114247e+00
1.438499999999999943e+02,2.233744064882992486e+00
1.438600000000000136e+02,2.199461286360821610e+00
1.438700000000000045e+02,2.114016587967085581e+00
1.438799999999999955e+02,2.042756193504256856e+00
1.438900000000000148e+02,2.015944998059221671e+00
1.439000000000000057e+02,1.998360010033227052e+00
1.439099999999999966e+02,2.014419227891751873e+00
1.439200000000000159e+02,2.088263266401054086e+00
1.439300000000000068e+02,2.149871382966896949e+00
1.439399999999999977e+02,2.158188254856372890e+00
1.439500000000000171e+02,2.175587337019591949e+00
1.439600000000000080e+02,2.215250632366460248e+00
1.439699999999999989e+02,2.214356136306895539e+00
1.439800000000000182e+02,2.205556572115074498e+00
1.439900000000000091e+02,2.252055424384578064e+00
1.440000000000000000e+02,2.376079518387379519e+00
1.440100000000000193e+02,2.480954648698762810e+00
1.440200000000000102e+02,2.564239743101256241e+00
1.440300000000000011e+02,2.618380959925426410e+00
1.440400000000000205e+02,2.608766844890512804e+00
1.440500000000000114e+02,2.486945111376607009e+00
1.440600000000000023e+02,2.336808903611931498e+00
1.440699999999999932e+02,2.206758516852263874e+00
1.440800000000000125e+02,2.107851359109554235e+00
1.440900000000000034e+02,2.033507681642731324e+00
1.440999999999999943e+02,2.036389379293657154e+00
1.441100000000000136e+02,2.091581109352443235e+00
1.441200000000000045e+02,2.162641570510472011e+00
1.441299999999999955e+02,2.207433735562633448e+00
1.441400000000000148e+02,2.193190612167579268e+00
1.441500000000000057e+02,2.131171964932439877e+00
1.441599999999999966e+02,2.036140747093739378e+00
1.441700000000000159e+02,1.991633647927767203e+00
1.441800000000000068e+02,2.005568654454323863e+00
1.441899999999999977e+02,2.085532898925357426e+00
1.442000000000000171e+02,2.290709562253583353e+00
1.442100000000000080e+02,2.529421467529679557e+00
1.442199999999999989e+02,2.588450078792326359e+00
1.442300000000000182e+02,2.484198476651977128e+00
1.442400000000000091e+02,2.384083325074859872e+00
1.442500000000000000e+02,2.267575530296620734e+00
1.442600000000000193e+02,2.068095162027125067e+00
1.442700000000000102e+02,1.873795510214495641e+00
1.442800000000000011e+02,1.844735192405673851e+00
1.442900000000000205e+02,2.015036223619813160e+00
1.443000000000000114e+02,2.224317882138251434e+00
1.443100000000000023e+02,2.355519661327410752e+00
1.443199999999999932e+02,2.428313024920798480e+00
1.443300000000000125e+02,2.459974320597676289e+00
1.443400000000000034e+02,2.399092889177073751e+00
1.443499999999999943e+02,2.230241817785686198e+00
1.443600000000000136e+02,2.064648951298984958e+00
1.443700000000000045e+02,1.956343039448859455e+00
1.443799999999999955e+02,1.982776334537004637e+00
1.443900000000000148e+02,2.186190236392981490e+00
1.444000000000000057e+02,2.432054723932008500e+00
1.444099999999999966e+02,2.594432824530247483e+00
1.444200000000000159e+02,2.669573843631226406e+00
1.444300000000000068e+02,2.722581126651692163e+00
1.444399999999999977e+02,2.793945008567634503e+00
1.444500000000000171e+02,2.763646428724195303e+00
1.444600000000000080e+02,2.563312975428478691e+00
1.444699999999999989e+02,2.328982282800794223e+00
1.444800000000000182e+02,2.181883745046926393e+00
1.444900000000000091e+02,2.153713113508853638e+00
1.445000000000000000e+02,2.158528246560605268e+00
1.445100000000000193e+02,2.093315486723164476e+00
1.445200000000000102e+02,2.066794582952499848e+00
1.445300000000000011e+02,2.160307393450607183e+00
1.445400000000000205e+02,2.300486013285972575e+00
1.445500000000000114e+02,2.408516056589534493e+00
1.445600000000000023e+02,2.493380475298545562e+00
1.445699999999999932e+02,2.581197903939175919e+00
1.445800000000000125e+02,2.555088811020078676e+00
1.445900000000000034e+02,2.391297387549277786e+00
1.445999999999999943e+02,2.172083129578608052e+00
1.446100000000000136e+02,2.013020477416959331e+00
1.446200000000000045e+02,1.965312063388407138e+00
1.446299999999999955e+02,2.037945580652241517e+00
1.446400000000000148e+02,2.180831111411427159e+00
1.446500000000000057e+02,2.154692636201275491e+00
1.446599999999999966e+02,1.980854189308238533e+00
1.446700000000000159e+02,1.915063512497692466e+00
1.446800000000000068e+02,2.058512443246337309e+00
1.446899999999999977e+02,2.265158667334365106e+00
1.447000000000000171e+02,2.403886688843716257e+00
1.447100000000000080e+02,2.419793213582516422e+00
1.447199999999999989e+02,2.345862977797296356e+00
1.447300000000000182e+02,2.205766941564769379e+00
1.447400000000000091e+02,2.001039659377094271e+00
1.447500000000000000e+02,1.893847684213279203e+00
1.447600000000000193e+02,2.001048860722796086e+00
1.447700000000000102e+02,2.148542223299322540e+00
1.447800000000000011e+02,2.170960782810229084e+00
1.447900000000000205e+02,2.099315487200529962e+00
1.448000000000000114e+02,2.020251599479629956e+00
1.448100000000000023e+02,1.990553642834073100e+00
1.448199999999999932e+02,2.032161630112133910e+00
1.448300000000000125e+02,2.086606698158519624e+00
1.448400000000000034e+02,2.104301521289190013e+00
1.448499999999999943e+02,2.049971105601246624e+00
1.448600000000000136e+02,1.938268344424991296e+00
1.448700000000000045e+02,1.859450807631112923e+00
1.448799999999999955e+02,1.965319081625169995e+00
1.448900000000000148e+02,2.140534253647154550e+00
1.449000000000000057e+02,2.242253967973915518e+00
1.449099999999999966e+02,2.235831766701782630e+00
1.449200000000000159e+02,2.142489761107206014e+00
1.449300000000000068e+02,2.008412139601829072e+00
1.449399999999999977e+02,1.910647688350732842e+00
1.449500000000000171e+02,1.945139662980527318e+00
1.449600000000000080e+02,2.065108915795967892e+00
1.449699999999999989e+02,2.155289962696434802e+00
1.449800000000000182e+02,2.177788464406036351e+00
1.449900000000000091e+02,2.157110347895999425e+00
1.450000000000000000e+02,2.101232183458077163e+00
1.450100000000000193e+02,2.036243713925225407e+00
1.450200000000000102e+02,2.039838644721684080e+00
1.450300000000000011e+02,2.083034177276023691e+00
1.450400000000000205e+02,2.051568709841324889e+00
1.450500000000000114e+02,2.015705226986325371e+00
1.450600000000000023e+02,2.053066863986654500e+00
1.450699999999999932e+02,2.127065127352709251e+00
1.450800000000000125e+02,2.185807607315886969e+00
1.450900000000000034e+02,2.201730608907456865e+00
1.450999999999999943e+02,2.164089268237332941e+00
1.451100000000000136e+02,2.063654556290853925e+00
1.451200000000000045e+02,1.960920046100809166e+00
1.451299999999999955e+02,1.965602102868227341e+00
1.451400000000000148e+02,2.082652368423495215e+00
1.451500000000000057e+02,2.202675192078941357e+00
1.451599999999999966e+02,2.277597175204605584e+00
1.451700000000000159e+02,2.303159449213189269e+00
1.451800000000000068e+02,2.277880584446867029e+00
1.451899999999999977e+02,2.170796637665536100e+00
1.452000000000000171e+02,2.064358469864186141e+00
1.452100000000000080e+02,2.063919897767351852e+00
1.452199999999999989e+02,2.171878258927050886e+00
1.452300000000000182e+02,2.269801515749779952e+00
1.452400000000000091e+02,2.414466265927109667e+00
1.452500000000000000e+02,2.608286475447051611e+00
1.452600000000000193e+02,2.743070960912239897e+00
1.452700000000000102e+02,2.787332805748175879e+00
1.452800000000000011e+02,2.821866848595091959e+00
1.452900000000000205e+02,2.877889295091108579e+00
1.453000000000000114e+02,2.918941652945465037e+00
1.453100000000000023e+02,2.963628583696006125e+00
1.453199999999999932e+02,3.057601175496895252e+00
1.453300000000000125e+02,3.172652372211617333e+00
1.453400000000000034e+02,3.191296904410493962e+00
1.453499999999999943e+02,3.155561993449027991e+00
1.453600000000000136e+02,3.141774726265395223e+00
1.453700000000000045e+02,3.128055658855832810e+00
1.453799999999999955e+02,3.095207117690187193e+00
1.453900000000000148e+02,3.100034902013201865e+00
1.454000000000000057e+02,3.139130622975093043e+00
1.454099999999999966e+02,3.158675923880131187e+00
1.454200000000000159e+02,3.133749490450696840e+00
1.454300000000000068e+02,3.073930603933667349e+00
1.454399999999999977e+02,3.047788310316187133e+00
1.454500000000000171e+02,3.063403468725593992e+00
1.454600000000000080e+02,3.090671425920264337e+00
1.454699999999999989e+02,3.086475349326476714e+00
1.454800000000000182e+02,3.058651119055588286e+00
1.454900000000000091e+02,2.980118587657209162e+00
1.455000000000000000e+02,2.865407594392113566e+00
1.455100000000000193e+02,2.807392887092933886e+00
1.455200000000000102e+02,2.805271171865563851e+00
1.455300000000000011e+02,2.771453229498920923e+00
1.455400000000000205e+02,2.701295708747932345e+00
1.455500000000000114e+02,2.680460441435389196e+00
1.455600000000000023e+02,2.706294781098319113e+00
1.455699999999999932e+02,2.713550127010738944e+00
1.455800000000000125e+02,2.686374533474435999e+00
1.455900000000000034e+02,2.687681173967625625e+00
1.455999999999999943e+02,2.727842796735178599e+00
1.456100000000000136e+02,2.729458075241310233e+00
1.456200000000000045e+02,2.680189543409196684e+00
1.456299999999999955e+02,2.645585756557514934e+00
1.456400000000000148e+02,2.645191807185256039e+00
1.456500000000000057e+02,2.558729362339831059e+00
1.456599999999999966e+02,2.415623953702231042e+00
1.456700000000000159e+02,2.318482985272913854e+00
1.456800000000000068e+02,2.220245883612894211e+00
1.456899999999999977e+02,2.102808579614416029e+00
1.457000000000000171e+02,2.068987536840180663e+00
1.457100000000000080e+02,2.103688592092470167e+00
1.457199999999999989e+02,2.157014947050669207e+00
1.457300000000000182e+02,2.197242441015556214e+00
1.457400000000000091e+02,2.203813001617876743e+00
1.457500000000000000e+02,2.184825130759896261e+00
1.457600000000000193e+02,2.156430477455741901e+00
1.457700000000000102e+02,2.156406096378880477e+00
1.457800000000000011e+02,2.203001203109068218e+00
1.457900000000000205e+02,2.167521713040033049e+00
1.458000000000000114e+02,2.066082270699790779e+00
1.458100000000000023e+02,2.081819173919772226e+00
1.458199999999999932e+02,2.135899942717355060e+00
1.458300000000000125e+02,2.182311943558940204e+00
1.458400000000000034e+02,2.197877792371541794e+00
1.458499999999999943e+02,2.196181758825986208e+00
1.458600000000000136e+02,2.163963375406340095e+00
1.458700000000000045e+02,2.116870472986005947e+00
1.458799999999999955e+02,2.100610397408334773e+00
1.458900000000000148e+02,2.150789284076893182e+00
1.459000000000000057e+02,2.198517256743734549e+00
1.459099999999999966e+02,2.187685173168205210e+00
1.459200000000000159e+02,2.157125017239380327e+00
1.459300000000000068e+02,2.161823115451401378e+00
1.459399999999999977e+02,2.200610296826768675e+00
1.459500000000000171e+02,2.190518336513072484e+00
1.459600000000000080e+02,2.128614438220317151e+00
1.459699999999999989e+02,2.097677690423387808e+00
1.459800000000000182e+02,2.117565422200692549e+00
1.459900000000000091e+02,2.114516805939361088e+00
1.460000000000000000e+02,2.034174013328259090e+00
1.460100000000000193e+02,2.003944376298903318e+00
1.460200000000000102e+02,1.969850381653388327e+00
1.460300000000000011e+02,1.895573471142703248e+00
1.460400000000000205e+02,1.983906464579415774e+00
1.460500000000000114e+02,2.095133800930145895e+00
1.460600000000000023e+02,2.108699412623809888e+00
1.460699999999999932e+02,2.044275247930179340e+00
1.460800000000000125e+02,1.997485848260258434e+00
1.460900000000000034e+02,2.032454466599435516e+00
1.460999999999999943e+02,2.062232162415280179e+00
1.461100000000000136e+02,2.043993937221928903e+00
1.461200000000000045e+02,2.065116683216714044e+00
1.461299999999999955e+02,2.015345581407813835e+00
1.461400000000000148e+02,1.991382647614116097e+00
1.461500000000000057e+02,2.083079668326687450e+00
1.461599999999999966e+02,2.139685631756529371e+00
1.461700000000000159e+02,2.044119724438542285e+00
1.461800000000000068e+02,1.893308904755493849e+00
1.461899999999999977e+02,1.857557595784939286e+00
1.462000000000000171e+02,1.924284755321556739e+00
1.462100000000000080e+02,1.923722905170624831e+00
1.462199999999999989e+02,1.942767991447172715e+00
1.462300000000000182e+02,2.011453142075384726e+00
1.462400000000000091e+02,1.996787679977394481e+00
1.462500000000000000e+02,1.942941749416420727e+00
1.462600000000000193e+02,1.966513198290743114e+00
1.462700000000000102e+02,2.015167253037189798e+00
1.462800000000000011e+02,1.980075307293355902e+00
1.462900000000000205e+02,1.937185396812440841e+00
1.463000000000000114e+02,1.946180790970499341e+00
1.463100000000000023e+02,1.962667663737959423e+00
1.463199999999999932e+02,2.009137622941494339e+00
1.463300000000000125e+02,2.110667963456109852e+00
1.463400000000000034e+02,2.129950321552062764e+00
1.463499999999999943e+02,2.047018686353067274e+00
1.463600000000000136e+02,1.977372795703313146e+00
1.463700000000000045e+02,1.972464074814806567e+00
1.463799999999999955e+02,2.010817122060607698e+00
1.463900000000000148e+02,1.976071461587358247e+00
1.464000000000000057e+02,1.924998036908090349e+00
1.464099999999999966e+02,1.926510719539343608e+00
1.464200000000000159e+02,1.964352744697346109e+00
1.464300000000000068e+02,2.084391138078454997e+00
1.464399999999999977e+02,2.244388597859114487e+00
1.464500000000000171e+02,2.308783366277572746e+00
1.464600000000000080e+02,2.220463949898758838e+00
1.464699999999999989e+02,2.032295304723208407e+00
1.464800000000000182e+02,1.874147182187140714e+00
1.464900000000000091e+02,1.840232864612519670e+00
1.465000000000000000e+02,1.884941345612643593e+00
1.465100000000000193e+02,1.933041912116754579e+00
1.465200000000000102e+02,1.975477428623268361e+00
1.465300000000000011e+02,1.992818147950284668e+00
1.465400000000000205e+02,2.018517479240642842e+00
1.465500000000000114e+02,2.060988003967999305e+00
1.465600000000000023e+02,2.075110795331179592e+00
1.465699999999999932e+02,1.912539240120316508e+00
1.465800000000000125e+02,1.766941670231362949e+00
1.465900000000000034e+02,1.913286887662172697e+00
1.465999999999999943e+02,2.072818586610994718e+00
1.466100000000000136e+02,2.041986253553143005e+00
1.466200000000000045e+02,1.993082215313758621e+00
1.466299999999999955e+02,1.965753314991482981e+00
1.466400000000000148e+02,1.936598138101965683e+00
1.466500000000000057e+02,1.998460336884372301e+00
1.466599999999999966e+02,2.074847559147419584e+00
1.466700000000000159e+02,1.975355703386101780e+00
1.466800000000000068e+02,1.813683018060212149e+00
1.466899999999999977e+02,1.873588292608597605e+00
1.467000000000000171e+02,2.059413247141039349e+00
1.467100000000000080e+02,2.147440352163476174e+00
1.467199999999999989e+02,2.160166735717406361e+00
1.467300000000000182e+02,2.169941032954582738e+00
1.467400000000000091e+02,2.204372855598617509e+00
1.467500000000000000e+02,2.230083106433480289e+00
1.467600000000000193e+02,2.253377297169740778e+00
1.467700000000000102e+02,2.284437485443627125e+00
1.467800000000000011e+02,2.325414106885051790e+00
1.467900000000000205e+02,2.323345513220106628e+00
1.468000000000000114e+02,2.241620594614530226e+00
1.468100000000000023e+02,2.142298791718840079e+00
1.468199999999999932e+02,2.126492494414217393e+00
1.468300000000000125e+02,2.190981437575406865e+00
1.468400000000000034e+02,2.227056476899497817e+00
1.468499999999999943e+02,2.185521767564900131e+00
1.468600000000000136e+02,2.086778809265610768e+00
1.468700000000000045e+02,1.975498134167684272e+00
1.468799999999999955e+02,1.899631358922041269e+00
1.468900000000000148e+02,1.933476546767506132e+00
1.469000000000000057e+02,2.021119013319105928e+00
1.469099999999999966e+02,2.057139640228635713e+00
1.469200000000000159e+02,2.019229140538537859e+00
1.469300000000000068e+02,1.945810106999137812e+00
1.469399999999999977e+02,1.880297768891938004e+00
1.469500000000000171e+02,1.901166711416964583e+00
1.469600000000000080e+02,2.022560809073488119e+00
1.469699999999999989e+02,2.144450736202629493e+00
1.469800000000000182e+02,2.150648603956490046e+00
1.469900000000000091e+02,2.051350402003518703e+00
1.470000000000000000e+02,1.947173157528625520e+00
1.470100000000000193e+02,1.920817403555058922e+00
1.470200000000000102e+02,1.944965782963803624e+00
1.470300000000000011e+02,1.993054458764236259e+00
1.470400000000000205e+02,2.042101600312776100e+00
1.470500000000000114e+02,2.085096698884730149e+00
1.470600000000000023e+02,2.083937564563774547e+00
1.470699999999999932e+02,2.053471638201998850e+00
1.470800000000000125e+02,2.031925754967440323e+00
1.470900000000000034e+02,2.063898408076569435e+00
1.470999999999999943e+02,2.099447973101738363e+00
1.471100000000000136e+02,2.121166035494628677e+00
1.471200000000000045e+02,2.127602891655536066e+00
1.471299999999999955e+02,2.123711551864094549e+00
1.471400000000000148e+02,2.073333039156035174e+00
1.471500000000000057e+02,2.042160237784734100e+00
1.471599999999999966e+02,2.084682717182881007e+00
1.471700000000000159e+02,2.157715868887513544e+00
1.471800000000000068e+02,2.173117687932248465e+00
1.471899999999999977e+02,2.164274369215003269e+00
1.472000000000000171e+02,2.184235100625388615e+00
1.472100000000000080e+02,2.221423828651345911e+00
1.472199999999999989e+02,2.178176942973182761e+00
1.472300000000000182e+02,2.025405137694678004e+00
1.472400000000000091e+02,1.915496291512985394e+00
1.472500000000000000e+02,2.009377824327719164e+00
1.472600000000000193e+02,2.176054754504123778e+00
1.472700000000000102e+02,2.234347972205761756e+00
1.472800000000000011e+02,2.222333180960947008e+00
1.472900000000000205e+02,2.241184822209003169e+00
1.473000000000000114e+02,2.271326825558135809e+00
1.473100000000000023e+02,2.331544263465739952e+00
1.473199999999999932e+02,2.396579720727020302e+00
1.473300000000000125e+02,2.442679991198192901e+00
1.473400000000000034e+02,2.445846022320293134e+00
1.473499999999999943e+02,2.418776067042998967e+00
1.473600000000000136e+02,2.390685301121834971e+00
1.473700000000000045e+02,2.410600391105916618e+00
1.473799999999999955e+02,2.460678882117697253e+00
1.473900000000000148e+02,2.454042895733486329e+00
1.474000000000000057e+02,2.382630171344265690e+00
1.474099999999999966e+02,2.291145200331047960e+00
1.474200000000000159e+02,2.163942020688171208e+00
1.474300000000000068e+02,1.990324532783534828e+00
1.474399999999999977e+02,1.905471405846857147e+00
1.474500000000000171e+02,1.985550370300385836e+00
1.474600000000000080e+02,2.128385609916585874e+00
1.474699999999999989e+02,2.200427834240422875e+00
1.474800000000000182e+02,2.159640439476210538e+00
1.474900000000000091e+02,2.043061697000117860e+00
1.475000000000000000e+02,1.923711549715549252e+00
1.475100000000000193e+02,1.882683436481024764e+00
1.475200000000000102e+02,1.962621043502795093e+00
1.475300000000000011e+02,2.076165435229332168e+00
1.475400000000000205e+02,2.104250032934299686e+00
1.475500000000000114e+02,2.006950934573140000e+00
1.475600000000000023e+02,1.866465254411128427e+00
1.475699999999999932e+02,1.837823901915698110e+00
1.475800000000000125e+02,1.944413812448625656e+00
1.475900000000000034e+02,2.050447961227253924e+00
1.475999999999999943e+02,2.074142168523893659e+00
1.476100000000000136e+02,2.006869860819081364e+00
1.476200000000000045e+02,1.884139982409016145e+00
1.476299999999999955e+02,1.809286832736490158e+00
1.476400000000000148e+02,1.864415454890888002e+00
1.476500000000000057e+02,1.954685403779595765e+00
1.476599999999999966e+02,1.991744043814114073e+00
1.476700000000000159e+02,1.986870399955921407e+00
1.476800000000000068e+02,1.977533937681222209e+00
1.476899999999999977e+02,1.972459574325668763e+00
1.477000000000000171e+02,1.989401542474771079e+00
1.477100000000000080e+02,2.042238101352531920e+00
1.477199999999999989e+02,2.075800946503300715e+00
1.477300000000000182e+02,2.019509800346607875e+00
1.477400000000000091e+02,1.963446934667766319e+00
1.477500000000000000e+02,1.999613021368607857e+00
1.477600000000000193e+02,2.115115549211437518e+00
1.477700000000000102e+02,2.232536214357114357e+00
1.477800000000000011e+02,2.299334329170074742e+00
1.477900000000000205e+02,2.325443458448516854e+00
1.478000000000000114e+02,2.324078916020063890e+00
1.478100000000000023e+02,2.307431374773472932e+00
1.478199999999999932e+02,2.271720396055817659e+00
1.478300000000000125e+02,2.259587349323986860e+00
1.478400000000000034e+02,2.300881674923767051e+00
1.478499999999999943e+02,2.300891591456668550e+00
1.478600000000000136e+02,2.247347660469114050e+00
1.478700000000000045e+02,2.179981895640650258e+00
1.478799999999999955e+02,2.148423238406482305e+00
1.478900000000000148e+02,2.155549079102816012e+00
1.479000000000000057e+02,2.201489027978335677e+00
1.479099999999999966e+02,2.274514254404443658e+00
1.479200000000000159e+02,2.349089058379864703e+00
1.479300000000000068e+02,2.426323921063508582e+00
1.479399999999999977e+02,2.463427865981871800e+00
1.479500000000000171e+02,2.383291605112558997e+00
1.479600000000000080e+02,2.137394781523525467e+00
1.479699999999999989e+02,1.948536730461091437e+00
1.479800000000000182e+02,2.017083026302092019e+00
1.479900000000000091e+02,2.242850057404641273e+00
1.480000000000000000e+02,2.406079605100587937e+00
1.480100000000000193e+02,2.439047783677884329e+00
1.480200000000000102e+02,2.469225555287325236e+00
1.480300000000000011e+02,2.484862186757246238e+00
1.480400000000000205e+02,2.463166444289951240e+00
1.480500000000000114e+02,2.393276976037039816e+00
1.480600000000000023e+02,2.304431782810026696e+00
1.480699999999999932e+02,2.183927270020913358e+00
1.480800000000000125e+02,2.035846685165902503e+00
1.480900000000000034e+02,1.954593510960295433e+00
1.480999999999999943e+02,2.001620377085048030e+00
1.481100000000000136e+02,2.107810440258089280e+00
1.481200000000000045e+02,2.123197829807670356e+00
1.481299999999999955e+02,2.023206799643823661e+00
1.481400000000000148e+02,1.933863555832209480e+00
1.481500000000000057e+02,1.910037327960110165e+00
1.481599999999999966e+02,1.990867285155893729e+00
1.481700000000000159e+02,2.108699529892535285e+00
1.481800000000000068e+02,2.101965942323757996e+00
1.481899999999999977e+02,1.973031929797387285e+00
1.482000000000000171e+02,1.892648278839996756e+00
1.482100000000000080e+02,1.941361358534005044e+00
1.482199999999999989e+02,2.006353150694065057e+00
1.482300000000000182e+02,2.010136123873205616e+00
1.482400000000000091e+02,2.010808594620581591e+00
1.482500000000000000e+02,2.024600437740741388e+00
1.482600000000000193e+02,2.013440212795006623e+00
1.482700000000000102e+02,2.023101493573666421e+00
1.482800000000000011e+02,2.070474185808651946e+00
1.482900000000000205e+02,2.062795519313536552e+00
1.483000000000000114e+02,1.973160788607963179e+00
1.483100000000000023e+02,1.947004524930541880e+00
1.483199999999999932e+02,1.985533017227363750e+00
1.483300000000000125e+02,1.959585424011925703e+00
1.483400000000000034e+02,1.881675597173966263e+00
1.483499999999999943e+02,1.908203861383787725e+00
1.483600000000000136e+02,1.996708255604709104e+00
1.483700000000000045e+02,2.042552660300339884e+00
1.483799999999999955e+02,2.006692526671687293e+00
1.483900000000000148e+02,1.941244808982113268e+00
1.484000000000000057e+02,1.935302664830491848e+00
1.484099999999999966e+02,1.961960273527472820e+00
1.484200000000000159e+02,1.959380455986024394e+00
1.484300000000000068e+02,2.028804245115826799e+00
1.484399999999999977e+02,2.124769339104835897e+00
1.484500000000000171e+02,2.240974520270142989e+00
1.484600000000000080e+02,2.362762014867346050e+00
1.484699999999999989e+02,2.458020847612973903e+00
1.484800000000000182e+02,2.515946997851902456e+00
1.484900000000000091e+02,2.538688591576367060e+00
1.485000000000000000e+02,2.460327221102915907e+00
1.485100000000000193e+02,2.239712832418477628e+00
1.485200000000000102e+02,1.928982336259198682e+00
1.485300000000000011e+02,1.763700056613934475e+00
1.485400000000000205e+02,1.955269089639583235e+00
1.485500000000000114e+02,2.007326950872728499e+00
1.485600000000000023e+02,1.814149187828828724e+00
1.485699999999999932e+02,1.858645438511606685e+00
1.485800000000000125e+02,2.062815821395598270e+00
1.485900000000000034e+02,2.188959134132018924e+00
1.485999999999999943e+02,2.164651982028519939e+00
1.486100000000000136e+02,1.972001946550761886e+00
1.486200000000000045e+02,1.757443826812111309e+00
1.486299999999999955e+02,1.882894357339252922e+00
1.486400000000000148e+02,2.121600477587614719e+00
1.486500000000000057e+02,2.062468886165315318e+00
1.486599999999999966e+02,1.918452002005783807e+00
1.486700000000000159e+02,1.909512839914934812e+00
1.486800000000000068e+02,2.006230478908144210e+00
1.486899999999999977e+02,2.096564422883302470e+00
1.487000000000000171e+02,2.185311657041164590e+00
1.487100000000000080e+02,2.144105430290216940e+00
1.487199999999999989e+02,1.880496889787378390e+00
1.487300000000000182e+02,1.776982183506633728e+00
1.487400000000000091e+02,2.026542148044298663e+00
1.487500000000000000e+02,2.232991109812129338e+00
1.487600000000000193e+02,2.141980187756664655e+00
1.487700000000000102e+02,1.954555213753951470e+00
1.487800000000000011e+02,1.873785546888022013e+00
1.487900000000000205e+02,1.953024638419603276e+00
1.488000000000000114e+02,2.118442077143954716e+00
1.488100000000000023e+02,2.269747351290087867e+00
1.488199999999999932e+02,2.242326932908318415e+00
1.488300000000000125e+02,1.977723243784811569e+00
1.488400000000000034e+02,1.790083014485284174e+00
1.488499999999999943e+02,1.929586191973820863e+00
1.488600000000000136e+02,2.184447851147321096e+00
1.488700000000000045e+02,2.313314684692447276e+00
1.488799999999999955e+02,2.284210816788554865e+00
1.488900000000000148e+02,2.164651898661297480e+00
1.489000000000000057e+02,1.956653669304805776e+00
1.489099999999999966e+02,1.785247625755959744e+00
1.489200000000000159e+02,1.856496307431241499e+00
1.489300000000000068e+02,2.023060700073242568e+00
1.489399999999999977e+02,2.139824594388188839e+00
1.489500000000000171e+02,2.272175161101852581e+00
1.489600000000000080e+02,2.451356665535767476e+00
1.489699999999999989e+02,2.664598916900283054e+00
1.489800000000000182e+02,2.823115391190572421e+00
1.489900000000000091e+02,2.809311141474591267e+00
1.490000000000000000e+02,2.668695014442732383e+00
1.490100000000000193e+02,2.560089157018928585e+00
1.490200000000000102e+02,2.549310511196540396e+00
1.490300000000000011e+02,2.605950232733416083e+00
1.490400000000000205e+02,2.704226407426624679e+00
1.490500000000000114e+02,2.838525398631732255e+00
1.490600000000000023e+02,2.947747556321119511e+00
1.490699999999999932e+02,2.953831670743011895e+00
1.490800000000000125e+02,2.837188680996740153e+00
1.490900000000000034e+02,2.678884652781058140e+00
1.490999999999999943e+02,2.548307831626211328e+00
1.491100000000000136e+02,2.521201301944833162e+00
1.491200000000000045e+02,2.595952887665609499e+00
1.491299999999999955e+02,2.628772417039143772e+00
1.491400000000000148e+02,2.610974227120989255e+00
1.491500000000000057e+02,2.609705217440756453e+00
1.491599999999999966e+02,2.639927132714818381e+00
1.491700000000000159e+02,2.728662497475407456e+00
1.491800000000000068e+02,2.821060715824680543e+00
1.491899999999999977e+02,2.854688941700605387e+00
1.492000000000000171e+02,2.862108213531674661e+00
1.492100000000000080e+02,2.905513823024333586e+00
1.492199999999999989e+02,3.001794486863798905e+00
1.492300000000000182e+02,3.108223689220806829e+00
1.492400000000000091e+02,3.192944862121001925e+00
1.492500000000000000e+02,3.262757946946447607e+00
1.492600000000000193e+02,3.344069998981956449e+00
1.492700000000000102e+02,3.426477288900008578e+00
1.492800000000000011e+02,3.467886438850472430e+00
1.492900000000000205e+02,3.457799419167878696e+00
1.493000000000000114e+02,3.428756790085696782e+00
1.493100000000000023e+02,3.397490498593881192e+00
1.493199999999999932e+02,3.371055459512396713e+00
1.493300000000000125e+02,3.338983460415387405e+00
1.493400000000000034e+02,3.277430873722246396e+00
1.493499999999999943e+02,3.190995604830014098e+00
1.493600000000000136e+02,3.120107529860856932e+00
1.493700000000000045e+02,3.094527821666969825e+00
1.493799999999999955e+02,3.108722799783486312e+00
1.493900000000000148e+02,3.125111014626475114e+00
1.494000000000000057e+02,3.121971559231901505e+00
1.494099999999999966e+02,3.099711815574129670e+00
1.494200000000000159e+02,3.059704181949242319e+00
1.494300000000000068e+02,3.040562918996454034e+00
1.494399999999999977e+02,3.086949972625427918e+00
1.494500000000000171e+02,3.199734008258209972e+00
1.494600000000000080e+02,3.376739901522296083e+00
1.494699999999999989e+02,3.551302365520618398e+00
1.494800000000000182e+02,3.634062064419175009e+00
1.494900000000000091e+02,3.675524739665816831e+00
1.495000000000000000e+02,3.712720318680911902e+00
1.495100000000000193e+02,3.750623259179696856e+00
1.495200000000000102e+02,3.733002635858245544e+00
1.495300000000000011e+02,3.601928458682345457e+00
1.495400000000000205e+02,3.387350211635237418e+00
1.495500000000000114e+02,3.197910581671858488e+00
1.495600000000000023e+02,3.115733622239776235e+00
1.495699999999999932e+02,3.129210644169328148e+00
1.495800000000000125e+02,3.202256502904968993e+00
1.495900000000000034e+02,3.311102478548413774e+00
1.495999999999999943e+02,3.385117447541616809e+00
1.496100000000000136e+02,3.380467987126916096e+00
1.496200000000000045e+02,3.361067602520815711e+00
1.496299999999999955e+02,3.445766343674896870e+00
1.496400000000000148e+02,3.659733604956128872e+00
1.496500000000000057e+02,3.794490236541065542e+00
1.496599999999999966e+02,3.740625759759080626e+00
1.496700000000000159e+02,3.682634792095923260e+00
1.496800000000000068e+02,3.674234073154061697e+00
1.496899999999999977e+02,3.658599747286491510e+00
1.497000000000000171e+02,3.611212582394959902e+00
1.497100000000000080e+02,3.624944431584562921e+00
1.497199999999999989e+02,3.756360463370730152e+00
1.497300000000000182e+02,3.880498429527234006e+00
1.497400000000000091e+02,3.925654991534897054e+00
1.497500000000000000e+02,3.911565637061208189e+00
1.497600000000000193e+02,3.873879190903220415e+00
1.497700000000000102e+02,3.792179184837617179e+00
1.497800000000000011e+02,3.654134444730725129e+00
1.497900000000000205e+02,3.536827659837928906e+00
1.498000000000000114e+02,3.517930066996069360e+00
1.498100000000000023e+02,3.559431176139483455e+00
1.498199999999999932e+02,3.604715884228773426e+00
1.498300000000000125e+02,3.651415809428319115e+00
1.498400000000000034e+02,3.732690421884670595e+00
1.498499999999999943e+02,3.850274859990605592e+00
1.498600000000000136e+02,3.940763272408602358e+00
1.498700000000000045e+02,3.981430910497641307e+00
1.498799999999999955e+02,4.028767982370091261e+00
1.498900000000000148e+02,4.129320508726184613e+00
1.499000000000000057e+02,4.238220322035161303e+00
1.499099999999999966e+02,4.349571465007518789e+00
1.499200000000000159e+02,4.484315509429938729e+00
1.499300000000000068e+02,4.620034034959598301e+00
1.499399999999999977e+02,4.702997462404158391e+00
1.499500000000000171e+02,4.723943218776770259e+00
1.499600000000000080e+02,4.696100587270824356e+00
1.499699999999999989e+02,4.643805543767996369e+00
1.499800000000000182e+02,4.602140427054054683e+00
1.499900000000000091e+02,4.622762036526228080e+00
1.500000000000000000e+02,4.688673216129919830e+00
